gene_id,hours,time_point,mean_log2_cpm,ctrl_expr,log2fc
FBgn0000003,1,2,4.777345911006397,5.068836531532488,-0.2914906205260914
FBgn0000003,2,3,4.436575497552164,5.068836531532488,-0.6322610339803241
FBgn0000003,3,4,4.183857250329741,5.068836531532488,-0.8849792812027477
FBgn0000003,4,5,4.883914191390428,5.068836531532488,-0.18492234014206055
FBgn0000003,5,6,6.243889267664587,5.068836531532488,1.1750527361320984
FBgn0000003,6,7,5.272069332252775,5.068836531532488,0.20323280072028638
FBgn0000003,8,8,4.8496974202536185,5.068836531532488,-0.21913911127886987
FBgn0000003,10,9,4.407833724683424,5.068836531532488,-0.6610028068490648
FBgn0000003,12,10,5.219936490074017,5.068836531532488,0.15109995854152825
FBgn0000003,14,11,5.324810603628125,5.068836531532488,0.2559740720956363
FBgn0000003,16,12,5.4019666573299965,5.068836531532488,0.3331301257975081
FBgn0000003,20,13,4.889774663775457,5.068836531532488,-0.17906186775703148
FBgn0000003,24,14,4.6027875239349,5.068836531532488,-0.46604900759758827
FBgn0000003,30,15,4.558918801268817,5.068836531532488,-0.5099177302636715
FBgn0000003,36,16,4.906348699668493,5.068836531532488,-0.16248783186399507
FBgn0000003,42,17,4.905545784199749,5.068836531532488,-0.16329074733273963
FBgn0000003,48,18,5.9826802479699595,5.068836531532488,0.9138437164374711
FBgn0000003,72,19,5.364601568688446,5.068836531532488,0.2957650371559577
FBgn0000003,96,20,5.100049504777397,5.068836531532488,0.03121297324490868
FBgn0000003,120,21,4.7161072812400455,5.068836531532488,-0.35272925029244284
FBgn0000052,1,2,6.811566993683046,6.294781299346588,0.5167856943364582
FBgn0000052,2,3,6.512617444605574,6.294781299346588,0.2178361452589863
FBgn0000052,3,4,5.892242314086425,6.294781299346588,-0.4025389852601631
FBgn0000052,4,5,6.0224385763125925,6.294781299346588,-0.2723427230339954
FBgn0000052,5,6,5.676376120692483,6.294781299346588,-0.6184051786541049
FBgn0000052,6,7,6.185512123455714,6.294781299346588,-0.1092691758908737
FBgn0000052,8,8,6.5234316162644035,6.294781299346588,0.22865031691781557
FBgn0000052,10,9,6.825956469096418,6.294781299346588,0.5311751697498304
FBgn0000052,12,10,6.773227763353193,6.294781299346588,0.4784464640066055
FBgn0000052,14,11,6.15945333937954,6.294781299346588,-0.13532795996704827
FBgn0000052,16,12,6.223073444075176,6.294781299346588,-0.07170785527141188
FBgn0000052,20,13,6.265335999165579,6.294781299346588,-0.029445300181008882
FBgn0000052,24,14,6.700129270996557,6.294781299346588,0.4053479716499693
FBgn0000052,30,15,6.992758909198271,6.294781299346588,0.6979776098516828
FBgn0000052,36,16,6.932245622812452,6.294781299346588,0.6374643234658643
FBgn0000052,42,17,6.210243338407043,6.294781299346588,-0.08453796093954491
FBgn0000052,48,18,7.348059490894746,6.294781299346588,1.0532781915481584
FBgn0000052,72,19,7.618869852251159,6.294781299346588,1.3240885529045707
FBgn0000052,96,20,8.095944695464198,6.294781299346588,1.8011633961176097
FBgn0000052,120,21,7.849311323300199,6.294781299346588,1.5545300239536113
FBgn0000053,1,2,7.128894787856461,6.623383329189712,0.5055114586667484
FBgn0000053,2,3,7.279627404784123,6.623383329189712,0.6562440755944108
FBgn0000053,3,4,6.4383229284464045,6.623383329189712,-0.18506040074330787
FBgn0000053,4,5,6.478324324309524,6.623383329189712,-0.14505900488018852
FBgn0000053,5,6,5.903666113076438,6.623383329189712,-0.7197172161132741
FBgn0000053,6,7,6.357676734960268,6.623383329189712,-0.2657065942294441
FBgn0000053,8,8,6.602631764044187,6.623383329189712,-0.020751565145525674
FBgn0000053,10,9,7.221543131690739,6.623383329189712,0.5981598025010264
FBgn0000053,12,10,6.99045953710986,6.623383329189712,0.3670762079201477
FBgn0000053,14,11,6.680724342837042,6.623383329189712,0.057341013647329575
FBgn0000053,16,12,6.620692397668963,6.623383329189712,-0.0026909315207497286
FBgn0000053,20,13,6.804254304282454,6.623383329189712,0.1808709750927413
FBgn0000053,24,14,7.031063773867054,6.623383329189712,0.4076804446773412
FBgn0000053,30,15,7.454607067408419,6.623383329189712,0.8312237382187062
FBgn0000053,36,16,7.4344986714769306,6.623383329189712,0.8111153422872182
FBgn0000053,42,17,6.8299285568888415,6.623383329189712,0.20654522769912909
FBgn0000053,48,18,8.121387522246607,6.623383329189712,1.4980041930568948
FBgn0000053,72,19,8.646255741962207,6.623383329189712,2.022872412772495
FBgn0000053,96,20,8.84314954814716,6.623383329189712,2.2197662189574476
FBgn0000053,120,21,8.98184572056569,6.623383329189712,2.358462391375978
FBgn0000276,1,2,7.568353543984625,4.827781354602179,2.740572189382446
FBgn0000276,2,3,7.805830378536202,4.827781354602179,2.978049023934023
FBgn0000276,3,4,7.8038888604446655,4.827781354602179,2.976107505842487
FBgn0000276,4,5,7.2649898015283325,4.827781354602179,2.437208446926154
FBgn0000276,5,6,6.812191643253712,4.827781354602179,1.9844102886515333
FBgn0000276,6,7,6.5808975807054475,4.827781354602179,1.753116226103269
FBgn0000276,8,8,6.582493839849431,4.827781354602179,1.7547124852472527
FBgn0000276,10,9,6.366042396891043,4.827781354602179,1.5382610422888643
FBgn0000276,12,10,6.327891828427871,4.827781354602179,1.5001104738256927
FBgn0000276,14,11,5.854989803769783,4.827781354602179,1.0272084491676043
FBgn0000276,16,12,5.88329570205556,4.827781354602179,1.0555143474533812
FBgn0000276,20,13,6.976422022358726,4.827781354602179,2.1486406677565473
FBgn0000276,24,14,5.500847509745311,4.827781354602179,0.6730661551431325
FBgn0000276,30,15,6.633124473255576,4.827781354602179,1.805343118653397
FBgn0000276,36,16,6.082647984023805,4.827781354602179,1.2548666294216266
FBgn0000276,42,17,6.532786357809416,4.827781354602179,1.705005003207237
FBgn0000276,48,18,5.835685431357213,4.827781354602179,1.0079040767550342
FBgn0000276,72,19,6.107934521806515,4.827781354602179,1.280153167204336
FBgn0000276,96,20,5.750476770700667,4.827781354602179,0.9226954160984882
FBgn0000276,120,21,5.644872804378804,4.827781354602179,0.8170914497766253
FBgn0000277,1,2,7.443250047904527,3.3947625333013973,4.04848751460313
FBgn0000277,2,3,7.757781422965532,3.3947625333013973,4.363018889664135
FBgn0000277,3,4,7.783526301995405,3.3947625333013973,4.388763768694007
FBgn0000277,4,5,7.168342735207234,3.3947625333013973,3.7735802019058364
FBgn0000277,5,6,6.391360412662211,3.3947625333013973,2.9965978793608135
FBgn0000277,6,7,6.086621758060184,3.3947625333013973,2.6918592247587863
FBgn0000277,8,8,6.090978538337595,3.3947625333013973,2.6962160050361974
FBgn0000277,10,9,5.604459368298746,3.3947625333013973,2.2096968349973483
FBgn0000277,12,10,5.876201824342209,3.3947625333013973,2.4814392910408114
FBgn0000277,14,11,4.705517962284573,3.3947625333013973,1.310755428983176
FBgn0000277,16,12,4.844331452541813,3.3947625333013973,1.449568919240416
FBgn0000277,20,13,6.379708166294675,3.3947625333013973,2.9849456329932775
FBgn0000277,24,14,4.768572183227187,3.3947625333013973,1.3738096499257897
FBgn0000277,30,15,6.1007388829469225,3.3947625333013973,2.705976349645525
FBgn0000277,36,16,5.376459324433924,3.3947625333013973,1.9816967911325265
FBgn0000277,42,17,5.9565369242716635,3.3947625333013973,2.561774390970266
FBgn0000277,48,18,5.017626069429743,3.3947625333013973,1.6228635361283454
FBgn0000277,72,19,5.612897026070331,3.3947625333013973,2.2181344927689337
FBgn0000277,96,20,4.917228432728567,3.3947625333013973,1.52246589942717
FBgn0000277,120,21,4.610544050524757,3.3947625333013973,1.2157815172233595
FBgn0000278,1,2,4.83498544914663,0.2516625040069079,4.583322945139722
FBgn0000278,2,3,4.4999961357252785,0.2516625040069079,4.248333631718371
FBgn0000278,3,4,4.617028093846827,0.2516625040069079,4.365365589839919
FBgn0000278,4,5,3.3187485267380574,0.2516625040069079,3.0670860227311496
FBgn0000278,5,6,2.2355430559609344,0.2516625040069079,1.9838805519540266
FBgn0000278,6,7,1.717991048487436,0.2516625040069079,1.466328544480528
FBgn0000278,8,8,2.2548488128569453,0.2516625040069079,2.0031863088500375
FBgn0000278,10,9,2.041699885948411,0.2516625040069079,1.7900373819415032
FBgn0000278,12,10,1.4202433015884723,0.2516625040069079,1.1685807975815645
FBgn0000278,14,11,0.5384676716678897,0.2516625040069079,0.2868051676609818
FBgn0000278,16,12,0.9909767705822592,0.2516625040069079,0.7393142665753514
FBgn0000278,20,13,2.1994969572927543,0.2516625040069079,1.9478344532858465
FBgn0000278,24,14,1.4782324324426295,0.2516625040069079,1.2265699284357217
FBgn0000278,30,15,1.4194279231954317,0.2516625040069079,1.1677654191885238
FBgn0000278,36,16,1.4490737992940672,0.2516625040069079,1.1974112952871594
FBgn0000278,42,17,2.4499276112181745,0.2516625040069079,2.1982651072112667
FBgn0000278,48,18,1.205998165814789,0.2516625040069079,0.9543356618078811
FBgn0000278,72,19,2.1109012700168934,0.2516625040069079,1.8592387660099856
FBgn0000278,96,20,1.2389534034109908,0.2516625040069079,0.987290899404083
FBgn0000278,120,21,1.501068497089751,0.2516625040069079,1.2494059930828432
FBgn0000279,1,2,6.794496849923052,0.9939840463820802,5.800512803540972
FBgn0000279,2,3,6.388005888924139,0.9939840463820802,5.39402184254206
FBgn0000279,3,4,6.204371169750204,0.9939840463820802,5.210387123368124
FBgn0000279,4,5,4.714748947481733,0.9939840463820802,3.720764901099653
FBgn0000279,5,6,3.7341269002739375,0.9939840463820802,2.7401428538918573
FBgn0000279,6,7,3.198548270206099,0.9939840463820802,2.204564223824019
FBgn0000279,8,8,4.035131592239149,0.9939840463820802,3.041147545857069
FBgn0000279,10,9,4.064569321914999,0.9939840463820802,3.070585275532919
FBgn0000279,12,10,3.8070842868052837,0.9939840463820802,2.8131002404232035
FBgn0000279,14,11,2.769795819165857,0.9939840463820802,1.775811772783777
FBgn0000279,16,12,2.7290888711507346,0.9939840463820802,1.7351048247686545
FBgn0000279,20,13,4.434927597409562,0.9939840463820802,3.4409435510274817
FBgn0000279,24,14,3.3026129635560584,0.9939840463820802,2.3086289171739782
FBgn0000279,30,15,4.285205731274426,0.9939840463820802,3.291221684892346
FBgn0000279,36,16,4.010192903815849,0.9939840463820802,3.0162088574337687
FBgn0000279,42,17,4.591869611275594,0.9939840463820802,3.5978855648935135
FBgn0000279,48,18,3.565479216137925,0.9939840463820802,2.571495169755845
FBgn0000279,72,19,4.321372547776637,0.9939840463820802,3.3273885013945566
FBgn0000279,96,20,4.002373983721039,0.9939840463820802,3.008389937338959
FBgn0000279,120,21,3.3684674105123635,0.9939840463820802,2.3744833641302834
FBgn0000406,1,2,9.043691278726397,9.236491427887543,-0.19280014916114574
FBgn0000406,2,3,8.429840201105906,9.236491427887543,-0.8066512267816375
FBgn0000406,3,4,7.357176401255694,9.236491427887543,-1.8793150266318488
FBgn0000406,4,5,7.441115424631062,9.236491427887543,-1.7953760032564814
FBgn0000406,5,6,7.503144467594932,9.236491427887543,-1.7333469602926108
FBgn0000406,6,7,7.399006335459147,9.236491427887543,-1.8374850924283965
FBgn0000406,8,8,7.695486530982638,9.236491427887543,-1.541004896904905
FBgn0000406,10,9,8.695215052050461,9.236491427887543,-0.5412763758370822
FBgn0000406,12,10,8.800620530121694,9.236491427887543,-0.43587089776584875
FBgn0000406,14,11,8.59152237476383,9.236491427887543,-0.6449690531237131
FBgn0000406,16,12,8.948843985689269,9.236491427887543,-0.2876474421982742
FBgn0000406,20,13,9.401893614930547,9.236491427887543,0.16540218704300358
FBgn0000406,24,14,9.309634347786336,9.236491427887543,0.07314291989879251
FBgn0000406,30,15,9.175410441942255,9.236491427887543,-0.061080985945288546
FBgn0000406,36,16,8.981752804167872,9.236491427887543,-0.25473862371967115
FBgn0000406,42,17,9.347405685828367,9.236491427887543,0.11091425794082355
FBgn0000406,48,18,9.625404824222898,9.236491427887543,0.3889133963353544
FBgn0000406,72,19,9.643022147876845,9.236491427887543,0.406530719989302
FBgn0000406,96,20,9.777420687324184,9.236491427887543,0.5409292594366413
FBgn0000406,120,21,9.716433295602947,9.236491427887543,0.4799418677154037
FBgn0000964,1,2,1.9911584413334005,1.9250989443732083,0.0660594969601922
FBgn0000964,2,3,2.351387987810973,1.9250989443732083,0.42628904343776464
FBgn0000964,3,4,2.910017235351106,1.9250989443732083,0.9849182909778977
FBgn0000964,4,5,3.5864301843810384,1.9250989443732083,1.6613312400078302
FBgn0000964,5,6,3.2022429737880547,1.9250989443732083,1.2771440294148464
FBgn0000964,6,7,3.3746041545773484,1.9250989443732083,1.4495052102041401
FBgn0000964,8,8,2.3358873917122147,1.9250989443732083,0.41078844733900644
FBgn0000964,10,9,2.027976380333431,1.9250989443732083,0.10287743596022292
FBgn0000964,12,10,1.9896959115639512,1.9250989443732083,0.06459696719074293
FBgn0000964,14,11,1.8173546581883162,1.9250989443732083,-0.10774428618489207
FBgn0000964,16,12,1.8320616985558038,1.9250989443732083,-0.09303724581740447
FBgn0000964,20,13,1.9305335258870526,1.9250989443732083,0.00543458151384435
FBgn0000964,24,14,2.034029534662487,1.9250989443732083,0.10893059028927876
FBgn0000964,30,15,2.3515961872478397,1.9250989443732083,0.4264972428746314
FBgn0000964,36,16,1.856237425375935,1.9250989443732083,-0.06886151899727322
FBgn0000964,42,17,1.7405892019773015,1.9250989443732083,-0.18450974239590678
FBgn0000964,48,18,1.8527909857533167,1.9250989443732083,-0.07230795861989159
FBgn0000964,72,19,1.891412146552037,1.9250989443732083,-0.03368679782117123
FBgn0000964,96,20,1.621471172644732,1.9250989443732083,-0.3036277717284763
FBgn0000964,120,21,1.774085242596954,1.9250989443732083,-0.15101370177625428
FBgn0001089,1,2,3.45078940280524,3.3586045854751263,0.09218481733011386
FBgn0001089,2,3,3.4608104261000223,3.3586045854751263,0.10220584062489602
FBgn0001089,3,4,3.479393643266923,3.3586045854751263,0.1207890577917965
FBgn0001089,4,5,3.6794186054524785,3.3586045854751263,0.32081401997735215
FBgn0001089,5,6,3.822164820831177,3.3586045854751263,0.46356023535605084
FBgn0001089,6,7,3.4956366387802853,3.3586045854751263,0.137032053305159
FBgn0001089,8,8,4.013814350028068,3.3586045854751263,0.6552097645529416
FBgn0001089,10,9,4.201097828251905,3.3586045854751263,0.8424932427767788
FBgn0001089,12,10,4.123681527853256,3.3586045854751263,0.7650769423781294
FBgn0001089,14,11,4.367976277176086,3.3586045854751263,1.0093716917009599
FBgn0001089,16,12,4.1052719288994854,3.3586045854751263,0.7466673434243591
FBgn0001089,20,13,4.654808065400663,3.3586045854751263,1.2962034799255364
FBgn0001089,24,14,5.117813941867008,3.3586045854751263,1.759209356391882
FBgn0001089,30,15,4.9630088651790905,3.3586045854751263,1.6044042797039642
FBgn0001089,36,16,4.597555551655266,3.3586045854751263,1.23895096618014
FBgn0001089,42,17,4.83141341607864,3.3586045854751263,1.472808830603514
FBgn0001089,48,18,4.8092268900929,3.3586045854751263,1.4506223046177733
FBgn0001089,72,19,5.386281587343839,3.3586045854751263,2.0276770018687125
FBgn0001089,96,20,4.695962151749088,3.3586045854751263,1.3373575662739614
FBgn0001089,120,21,5.245709867277199,3.3586045854751263,1.8871052818020728
FBgn0001114,1,2,7.664098099183255,7.599293073271262,0.06480502591199233
FBgn0001114,2,3,7.45173214898075,7.599293073271262,-0.14756092429051204
FBgn0001114,3,4,6.488694077522742,7.599293073271262,-1.1105989957485205
FBgn0001114,4,5,7.06843313708848,7.599293073271262,-0.5308599361827824
FBgn0001114,5,6,7.221075103883033,7.599293073271262,-0.3782179693882295
FBgn0001114,6,7,7.297655012614319,7.599293073271262,-0.3016380606569431
FBgn0001114,8,8,7.935214405967317,7.599293073271262,0.3359213326960546
FBgn0001114,10,9,8.618127931776659,7.599293073271262,1.0188348585053966
FBgn0001114,12,10,8.578126270958183,7.599293073271262,0.9788331976869209
FBgn0001114,14,11,8.336051987356758,7.599293073271262,0.7367589140854953
FBgn0001114,16,12,8.415338929637844,7.599293073271262,0.816045856366582
FBgn0001114,20,13,8.289563599081317,7.599293073271262,0.690270525810055
FBgn0001114,24,14,8.198192338964152,7.599293073271262,0.5988992656928893
FBgn0001114,30,15,8.52694896919784,7.599293073271262,0.927655895926577
FBgn0001114,36,16,8.35338221081944,7.599293073271262,0.7540891375481777
FBgn0001114,42,17,8.501445561793517,7.599293073271262,0.9021524885222547
FBgn0001114,48,18,8.276729072682706,7.599293073271262,0.6774359994114434
FBgn0001114,72,19,8.548706848949736,7.599293073271262,0.9494137756784742
FBgn0001114,96,20,8.359212356349667,7.599293073271262,0.7599192830784052
FBgn0001114,120,21,8.495665863332398,7.599293073271262,0.896372790061136
FBgn0002562,1,2,1.8895114184753488,1.3275145494538134,0.5619968690215353
FBgn0002562,2,3,1.6215159978488436,1.3275145494538134,0.2940014483950302
FBgn0002562,3,4,0.4896558378169332,1.3275145494538134,-0.8378587116368802
FBgn0002562,4,5,0.9635750598711247,1.3275145494538134,-0.36393948958268874
FBgn0002562,5,6,0.7391834448341622,1.3275145494538134,-0.5883311046196512
FBgn0002562,6,7,0.24808497172239324,1.3275145494538134,-1.0794295777314202
FBgn0002562,8,8,0.5118138582126628,1.3275145494538134,-0.8157006912411506
FBgn0002562,10,9,0.7735793125952448,1.3275145494538134,-0.5539352368585686
FBgn0002562,12,10,1.129388560105482,1.3275145494538134,-0.19812598934833137
FBgn0002562,14,11,0.8069135811150503,1.3275145494538134,-0.5206009683387631
FBgn0002562,16,12,1.123317550451648,1.3275145494538134,-0.20419699900216548
FBgn0002562,20,13,1.3322654545549952,1.3275145494538134,0.004750905101181813
FBgn0002562,24,14,1.6216005099085817,1.3275145494538134,0.2940859604547683
FBgn0002562,30,15,2.3693570194183025,1.3275145494538134,1.041842469964489
FBgn0002562,36,16,3.224447614160153,1.3275145494538134,1.8969330647063396
FBgn0002562,42,17,2.75090640151857,1.3275145494538134,1.4233918520647566
FBgn0002562,48,18,3.1255088302900984,1.3275145494538134,1.797994280836285
FBgn0002562,72,19,4.838429669832321,1.3275145494538134,3.5109151203785074
FBgn0002562,96,20,5.036593663624592,1.3275145494538134,3.709079114170778
FBgn0002562,120,21,6.115821832229507,1.3275145494538134,4.788307282775694
FBgn0002563,1,2,6.4285615111862775,5.761515196513011,0.6670463146732661
FBgn0002563,2,3,5.906557014237176,5.761515196513011,0.1450418177241648
FBgn0002563,3,4,4.857215122335924,5.761515196513011,-0.9043000741770877
FBgn0002563,4,5,5.1853804057786235,5.761515196513011,-0.5761347907343879
FBgn0002563,5,6,4.9093237280740665,5.761515196513011,-0.8521914684389449
FBgn0002563,6,7,4.320769425283912,5.761515196513011,-1.440745771229099
FBgn0002563,8,8,4.05524968029137,5.761515196513011,-1.7062655162216416
FBgn0002563,10,9,4.433108080130933,5.761515196513011,-1.3284071163820785
FBgn0002563,12,10,4.471365176661888,5.761515196513011,-1.290150019851123
FBgn0002563,14,11,4.273399873602058,5.761515196513011,-1.4881153229109536
FBgn0002563,16,12,4.630842750819253,5.761515196513011,-1.130672445693758
FBgn0002563,20,13,4.444824013135708,5.761515196513011,-1.3166911833773032
FBgn0002563,24,14,6.02781105482226,5.761515196513011,0.26629585830924896
FBgn0002563,30,15,6.500245602120387,5.761515196513011,0.7387304056073756
FBgn0002563,36,16,7.132086272841636,5.761515196513011,1.3705710763286243
FBgn0002563,42,17,6.435133909853027,5.761515196513011,0.6736187133400158
FBgn0002563,48,18,6.499429224280888,5.761515196513011,0.7379140277678768
FBgn0002563,72,19,7.0477721982854025,5.761515196513011,1.286257001772391
FBgn0002563,96,20,6.544330197081813,5.761515196513011,0.7828150005688013
FBgn0002563,120,21,6.9852485056253055,5.761515196513011,1.2237333091122942
FBgn0002565,1,2,6.137903652738551,5.938280135961602,0.19962351677694912
FBgn0002565,2,3,5.474456673755602,5.938280135961602,-0.46382346220599935
FBgn0002565,3,4,4.91149559384675,5.938280135961602,-1.0267845421148518
FBgn0002565,4,5,4.727815010585785,5.938280135961602,-1.2104651253758165
FBgn0002565,5,6,4.578818895295763,5.938280135961602,-1.3594612406658388
FBgn0002565,6,7,3.5544033455936908,5.938280135961602,-2.383876790367911
FBgn0002565,8,8,2.4465877520407213,5.938280135961602,-3.4916923839208804
FBgn0002565,10,9,2.1364950312141175,5.938280135961602,-3.801785104747484
FBgn0002565,12,10,2.5405127814793227,5.938280135961602,-3.397767354482279
FBgn0002565,14,11,2.760947544985064,5.938280135961602,-3.1773325909765378
FBgn0002565,16,12,4.221652432784124,5.938280135961602,-1.716627703177478
FBgn0002565,20,13,4.366733958832816,5.938280135961602,-1.571546177128786
FBgn0002565,24,14,4.926920901157594,5.938280135961602,-1.011359234804008
FBgn0002565,30,15,4.668426867972501,5.938280135961602,-1.2698532679891006
FBgn0002565,36,16,5.368695127441551,5.938280135961602,-0.5695850085200505
FBgn0002565,42,17,5.684523842615252,5.938280135961602,-0.25375629334634997
FBgn0002565,48,18,5.594993836739082,5.938280135961602,-0.34328629922251963
FBgn0002565,72,19,6.11946213158881,5.938280135961602,0.18118199562720783
FBgn0002565,96,20,5.76153571359631,5.938280135961602,-0.17674442236529142
FBgn0002565,120,21,6.766004138108444,5.938280135961602,0.8277240021468426
FBgn0002569,1,2,5.875337592826682,5.519487479562395,0.35585011326428706
FBgn0002569,2,3,5.903382210211507,5.519487479562395,0.3838947306491125
FBgn0002569,3,4,5.975672343297553,5.519487479562395,0.45618486373515843
FBgn0002569,4,5,5.577490539112803,5.519487479562395,0.05800305955040841
FBgn0002569,5,6,5.66561523987343,5.519487479562395,0.14612776031103536
FBgn0002569,6,7,5.662308134329112,5.519487479562395,0.1428206547667168
FBgn0002569,8,8,5.60062250663932,5.519487479562395,0.08113502707692533
FBgn0002569,10,9,6.004842688471519,5.519487479562395,0.485355208909124
FBgn0002569,12,10,6.040536424860992,5.519487479562395,0.5210489452985971
FBgn0002569,14,11,6.406596717624878,5.519487479562395,0.8871092380624832
FBgn0002569,16,12,6.216035818465976,5.519487479562395,0.6965483389035807
FBgn0002569,20,13,6.882714616294351,5.519487479562395,1.3632271367319557
FBgn0002569,24,14,6.7831038238221755,5.519487479562395,1.2636163442597805
FBgn0002569,30,15,6.685335003009612,5.519487479562395,1.1658475234472174
FBgn0002569,36,16,6.833987458784089,5.519487479562395,1.3144999792216945
FBgn0002569,42,17,7.060910744301038,5.519487479562395,1.5414232647386434
FBgn0002569,48,18,7.148614724227629,5.519487479562395,1.6291272446652343
FBgn0002569,72,19,7.447644209908649,5.519487479562395,1.9281567303462541
FBgn0002569,96,20,7.454561522352774,5.519487479562395,1.9350740427903794
FBgn0002569,120,21,7.64473074167876,5.519487479562395,2.1252432621163653
FBgn0002570,1,2,8.815970009644703,8.145855745400599,0.6701142642441038
FBgn0002570,2,3,9.13361183216827,8.145855745400599,0.9877560867676713
FBgn0002570,3,4,9.430045377245145,8.145855745400599,1.284189631844546
FBgn0002570,4,5,9.383839102629405,8.145855745400599,1.2379833572288064
FBgn0002570,5,6,9.346242445186814,8.145855745400599,1.2003866997862147
FBgn0002570,6,7,9.173760588777496,8.145855745400599,1.0279048433768967
FBgn0002570,8,8,9.063387113830881,8.145855745400599,0.9175313684302822
FBgn0002570,10,9,9.285957493848791,8.145855745400599,1.140101748448192
FBgn0002570,12,10,9.52290073947098,8.145855745400599,1.3770449940703813
FBgn0002570,14,11,10.3157634191164,8.145855745400599,2.1699076737158016
FBgn0002570,16,12,10.081311429949135,8.145855745400599,1.9354556845485362
FBgn0002570,20,13,10.565743690372134,8.145855745400599,2.419887944971535
FBgn0002570,24,14,10.489414632561058,8.145855745400599,2.3435588871604587
FBgn0002570,30,15,10.326994889753546,8.145855745400599,2.1811391443529473
FBgn0002570,36,16,10.581447926159768,8.145855745400599,2.435592180759169
FBgn0002570,42,17,10.837119236747352,8.145855745400599,2.691263491346753
FBgn0002570,48,18,10.454389711322854,8.145855745400599,2.308533965922255
FBgn0002570,72,19,10.96761994940159,8.145855745400599,2.8217642040009903
FBgn0002570,96,20,11.150195583233273,8.145855745400599,3.004339837832674
FBgn0002570,120,21,11.130991280480593,8.145855745400599,2.985135535079994
FBgn0002571,1,2,5.131908691544374,5.088314988050438,0.04359370349393554
FBgn0002571,2,3,5.249329241342618,5.088314988050438,0.1610142532921799
FBgn0002571,3,4,5.088988852897254,5.088314988050438,0.0006738648468154196
FBgn0002571,4,5,4.519271021924743,5.088314988050438,-0.5690439661256956
FBgn0002571,5,6,4.768095811917764,5.088314988050438,-0.3202191761326745
FBgn0002571,6,7,4.235700510795459,5.088314988050438,-0.8526144772549795
FBgn0002571,8,8,4.809392125044336,5.088314988050438,-0.2789228630061027
FBgn0002571,10,9,5.80859787011128,5.088314988050438,0.7202828820608413
FBgn0002571,12,10,5.679758882916591,5.088314988050438,0.5914438948661527
FBgn0002571,14,11,5.422245828886548,5.088314988050438,0.3339308408361097
FBgn0002571,16,12,5.739296544235064,5.088314988050438,0.6509815561846253
FBgn0002571,20,13,6.333496002278948,5.088314988050438,1.2451810142285096
FBgn0002571,24,14,6.151820732931796,5.088314988050438,1.0635057448813576
FBgn0002571,30,15,6.26679175241606,5.088314988050438,1.1784767643656213
FBgn0002571,36,16,6.228221530349348,5.088314988050438,1.1399065422989096
FBgn0002571,42,17,6.860292873666474,5.088314988050438,1.7719778856160353
FBgn0002571,48,18,6.866444736296238,5.088314988050438,1.7781297482457994
FBgn0002571,72,19,6.993034638893801,5.088314988050438,1.9047196508433624
FBgn0002571,96,20,6.596744829493202,5.088314988050438,1.508429841442764
FBgn0002571,120,21,6.73564825325467,5.088314988050438,1.6473332652042316
FBgn0002719,1,2,10.635819610321988,10.296151016278177,0.3396685940438111
FBgn0002719,2,3,10.492163177733957,10.296151016278177,0.19601216145577993
FBgn0002719,3,4,9.829874424013596,10.296151016278177,-0.46627659226458107
FBgn0002719,4,5,9.688089230334285,10.296151016278177,-0.6080617859438924
FBgn0002719,5,6,9.023655052140231,10.296151016278177,-1.2724959641379456
FBgn0002719,6,7,9.079572441027562,10.296151016278177,-1.2165785752506153
FBgn0002719,8,8,9.109082094537477,10.296151016278177,-1.1870689217406998
FBgn0002719,10,9,9.379327509277847,10.296151016278177,-0.9168235070003306
FBgn0002719,12,10,9.786993848744968,10.296151016278177,-0.5091571675332087
FBgn0002719,14,11,9.681469349132868,10.296151016278177,-0.6146816671453088
FBgn0002719,16,12,9.494453714198215,10.296151016278177,-0.8016973020799618
FBgn0002719,20,13,9.655244186874176,10.296151016278177,-0.6409068294040008
FBgn0002719,24,14,10.357277576891676,10.296151016278177,0.061126560613498526
FBgn0002719,30,15,10.051980974034244,10.296151016278177,-0.24417004224393324
FBgn0002719,36,16,10.37552275340024,10.296151016278177,0.07937173712206302
FBgn0002719,42,17,9.81825622647266,10.296151016278177,-0.4778947898055179
FBgn0002719,48,18,10.476493109127182,10.296151016278177,0.1803420928490045
FBgn0002719,72,19,10.595302287888703,10.296151016278177,0.29915127161052624
FBgn0002719,96,20,10.426101828501558,10.296151016278177,0.129950812223381
FBgn0002719,120,21,10.618359483109497,10.296151016278177,0.3222084668313201
FBgn0002939,1,2,3.8116948153536248,3.5449641512762864,0.26673066407733836
FBgn0002939,2,3,3.2885557474367912,3.5449641512762864,-0.25640840383949515
FBgn0002939,3,4,2.4042675689286717,3.5449641512762864,-1.1406965823476147
FBgn0002939,4,5,2.368280170145564,3.5449641512762864,-1.1766839811307226
FBgn0002939,5,6,3.3075552128002177,3.5449641512762864,-0.2374089384760687
FBgn0002939,6,7,2.9807394395884614,3.5449641512762864,-0.564224711687825
FBgn0002939,8,8,4.106930489457364,3.5449641512762864,0.5619663381810773
FBgn0002939,10,9,5.197706971448307,3.5449641512762864,1.6527428201720205
FBgn0002939,12,10,4.753427664983215,3.5449641512762864,1.2084635137069282
FBgn0002939,14,11,5.18428268976812,3.5449641512762864,1.6393185384918332
FBgn0002939,16,12,4.615921349822926,3.5449641512762864,1.07095719854664
FBgn0002939,20,13,5.071266211544618,3.5449641512762864,1.5263020602683315
FBgn0002939,24,14,5.089967982261384,3.5449641512762864,1.5450038309850975
FBgn0002939,30,15,5.444300969122035,3.5449641512762864,1.8993368178457488
FBgn0002939,36,16,4.537466983772545,3.5449641512762864,0.992502832496259
FBgn0002939,42,17,5.52464622548247,3.5449641512762864,1.9796820742061834
FBgn0002939,48,18,5.313577903023791,3.5449641512762864,1.768613751747505
FBgn0002939,72,19,5.631645480658276,3.5449641512762864,2.0866813293819892
FBgn0002939,96,20,4.796368034070004,3.5449641512762864,1.2514038827937175
FBgn0002939,120,21,5.415578158435352,3.5449641512762864,1.8706140071590656
FBgn0003068,1,2,4.028248483094738,3.8351962869965566,0.19305219609818147
FBgn0003068,2,3,4.1489562751337346,3.8351962869965566,0.313759988137178
FBgn0003068,3,4,4.07564495529166,3.8351962869965566,0.24044866829510303
FBgn0003068,4,5,4.511037469475369,3.8351962869965566,0.6758411824788122
FBgn0003068,5,6,4.2251520063158114,3.8351962869965566,0.3899557193192549
FBgn0003068,6,7,5.043420197705503,3.8351962869965566,1.2082239107089463
FBgn0003068,8,8,5.593447325951356,3.8351962869965566,1.7582510389547994
FBgn0003068,10,9,5.794073375741761,3.8351962869965566,1.9588770887452047
FBgn0003068,12,10,6.134358562733954,3.8351962869965566,2.2991622757373977
FBgn0003068,14,11,6.1733542777717965,3.8351962869965566,2.33815799077524
FBgn0003068,16,12,6.172814116365878,3.8351962869965566,2.337617829369321
FBgn0003068,20,13,4.727132345570833,3.8351962869965566,0.8919360585742768
FBgn0003068,24,14,3.7530027447392804,3.8351962869965566,-0.08219354225727615
FBgn0003068,30,15,4.7199381431934055,3.8351962869965566,0.884741856196849
FBgn0003068,36,16,6.169969831558781,3.8351962869965566,2.3347735445622244
FBgn0003068,42,17,5.210730667412632,3.8351962869965566,1.3755343804160751
FBgn0003068,48,18,3.7865791913953792,3.8351962869965566,-0.04861709560117733
FBgn0003068,72,19,3.780589468889567,3.8351962869965566,-0.05460681810698942
FBgn0003068,96,20,3.9590263930583625,3.8351962869965566,0.12383010606180589
FBgn0003068,120,21,3.9456496003821133,3.8351962869965566,0.11045331338555675
FBgn0003358,1,2,5.93642210404846,5.422478468515141,0.5139436355333187
FBgn0003358,2,3,5.638016668113158,5.422478468515141,0.2155381995980168
FBgn0003358,3,4,5.507877088531431,5.422478468515141,0.0853986200162895
FBgn0003358,4,5,5.709190829719101,5.422478468515141,0.2867123612039597
FBgn0003358,5,6,5.82516151079947,5.422478468515141,0.4026830422843286
FBgn0003358,6,7,5.27902290230506,5.422478468515141,-0.14345556621008093
FBgn0003358,8,8,5.393213783827097,5.422478468515141,-0.02926468468804444
FBgn0003358,10,9,6.0828855764270475,5.422478468515141,0.6604071079119063
FBgn0003358,12,10,6.320854740096874,5.422478468515141,0.8983762715817329
FBgn0003358,14,11,6.243820818413269,5.422478468515141,0.8213423498981278
FBgn0003358,16,12,6.366758041867692,5.422478468515141,0.9442795733525511
FBgn0003358,20,13,6.034311472165189,5.422478468515141,0.6118330036500481
FBgn0003358,24,14,7.148517319702117,5.422478468515141,1.726038851186976
FBgn0003358,30,15,7.07214947628479,5.422478468515141,1.6496710077696486
FBgn0003358,36,16,7.394912646276094,5.422478468515141,1.9724341777609524
FBgn0003358,42,17,6.904577757916261,5.422478468515141,1.4820992894011198
FBgn0003358,48,18,6.926679678207961,5.422478468515141,1.5042012096928197
FBgn0003358,72,19,7.845475299046587,5.422478468515141,2.4229968305314458
FBgn0003358,96,20,6.909090860182608,5.422478468515141,1.4866123916674665
FBgn0003358,120,21,8.04189473635029,5.422478468515141,2.619416267835149
FBgn0003719,1,2,2.7493762809942837,2.1907963531572974,0.5585799278369863
FBgn0003719,2,3,2.946202001616452,2.1907963531572974,0.7554056484591545
FBgn0003719,3,4,2.471509040346508,2.1907963531572974,0.2807126871892107
FBgn0003719,4,5,2.1976956040609705,2.1907963531572974,0.00689925090367316
FBgn0003719,5,6,1.8428835401457933,2.1907963531572974,-0.3479128130115041
FBgn0003719,6,7,2.0145750138079066,2.1907963531572974,-0.17622133934939077
FBgn0003719,8,8,1.7168841303428402,2.1907963531572974,-0.4739122228144572
FBgn0003719,10,9,1.6834791715850526,2.1907963531572974,-0.5073171815722448
FBgn0003719,12,10,2.0150109547510375,2.1907963531572974,-0.17578539840625984
FBgn0003719,14,11,1.8453931088600493,2.1907963531572974,-0.3454032442972481
FBgn0003719,16,12,1.835134753564419,2.1907963531572974,-0.35566159959287846
FBgn0003719,20,13,2.16047399605468,2.1907963531572974,-0.030322357102617215
FBgn0003719,24,14,2.1049010789176803,2.1907963531572974,-0.08589527423961707
FBgn0003719,30,15,2.0249681428380697,2.1907963531572974,-0.16582821031922768
FBgn0003719,36,16,2.3191926110198273,2.1907963531572974,0.12839625786252995
FBgn0003719,42,17,2.2721152748428164,2.1907963531572974,0.08131892168551902
FBgn0003719,48,18,2.739626738595927,2.1907963531572974,0.5488303854386296
FBgn0003719,72,19,2.9660029311694753,2.1907963531572974,0.775206578012178
FBgn0003719,96,20,3.700239490987646,2.1907963531572974,1.5094431378303486
FBgn0003719,120,21,3.1582147648369268,2.1907963531572974,0.9674184116796294
FBgn0003961,1,2,7.495091069227092,7.154214032633259,0.3408770365938327
FBgn0003961,2,3,8.157328660345499,7.154214032633259,1.0031146277122396
FBgn0003961,3,4,8.78653361766443,7.154214032633259,1.632319585031171
FBgn0003961,4,5,7.79029875234857,7.154214032633259,0.6360847197153108
FBgn0003961,5,6,7.698101050797008,7.154214032633259,0.5438870181637485
FBgn0003961,6,7,7.985610758371718,7.154214032633259,0.8313967257384585
FBgn0003961,8,8,7.790530296072379,7.154214032633259,0.6363162634391193
FBgn0003961,10,9,7.498058836099574,7.154214032633259,0.34384480346631463
FBgn0003961,12,10,6.700740590126758,7.154214032633259,-0.45347344250650146
FBgn0003961,14,11,6.686579688309031,7.154214032633259,-0.4676343443242281
FBgn0003961,16,12,6.789565507303941,7.154214032633259,-0.3646485253293186
FBgn0003961,20,13,7.381603286295651,7.154214032633259,0.22738925366239204
FBgn0003961,24,14,7.052902777743984,7.154214032633259,-0.10131125488927495
FBgn0003961,30,15,7.251487098171639,7.154214032633259,0.09727306553837956
FBgn0003961,36,16,6.468722632067377,7.154214032633259,-0.6854914005658825
FBgn0003961,42,17,7.506624580678412,7.154214032633259,0.35241054804515315
FBgn0003961,48,18,7.425741932724092,7.154214032633259,0.27152790009083283
FBgn0003961,72,19,7.395769729046826,7.154214032633259,0.24155569641356678
FBgn0003961,96,20,7.900736800923944,7.154214032633259,0.746522768290685
FBgn0003961,120,21,8.030087758122916,7.154214032633259,0.8758737254896563
FBgn0004240,1,2,7.934634093964465,3.1605547329198247,4.77407936104464
FBgn0004240,2,3,8.98155796500048,3.1605547329198247,5.821003232080655
FBgn0004240,3,4,9.014437150983643,3.1605547329198247,5.853882418063818
FBgn0004240,4,5,9.48909963854343,3.1605547329198247,6.3285449056236045
FBgn0004240,5,6,9.99481241015959,3.1605547329198247,6.834257677239765
FBgn0004240,6,7,9.89676712922137,3.1605547329198247,6.7362123963015454
FBgn0004240,8,8,9.949680605716553,3.1605547329198247,6.7891258727967285
FBgn0004240,10,9,9.388465427142084,3.1605547329198247,6.227910694222259
FBgn0004240,12,10,9.632950414111107,3.1605547329198247,6.472395681191283
FBgn0004240,14,11,9.027525942410701,3.1605547329198247,5.866971209490877
FBgn0004240,16,12,8.744896172439399,3.1605547329198247,5.584341439519574
FBgn0004240,20,13,9.834783717844552,3.1605547329198247,6.674228984924727
FBgn0004240,24,14,7.0393034217191826,3.1605547329198247,3.878748688799358
FBgn0004240,30,15,9.60274258748202,3.1605547329198247,6.442187854562195
FBgn0004240,36,16,7.981191443721947,3.1605547329198247,4.820636710802122
FBgn0004240,42,17,9.18894741075996,3.1605547329198247,6.028392677840135
FBgn0004240,48,18,8.769876672522251,3.1605547329198247,5.6093219396024265
FBgn0004240,72,19,8.84971297936445,3.1605547329198247,5.689158246444625
FBgn0004240,96,20,9.117073534444149,3.1605547329198247,5.956518801524324
FBgn0004240,120,21,8.106980810435388,3.1605547329198247,4.9464260775155635
FBgn0004414,1,2,8.258472584657586,8.71366249319744,-0.45518990853985386
FBgn0004414,2,3,8.730571663007595,8.71366249319744,0.016909169810155333
FBgn0004414,3,4,9.227584008215,8.71366249319744,0.5139215150175609
FBgn0004414,4,5,8.519351410737453,8.71366249319744,-0.1943110824599863
FBgn0004414,5,6,8.803902757019788,8.71366249319744,0.09024026382234851
FBgn0004414,6,7,8.410774620849594,8.71366249319744,-0.30288787234784564
FBgn0004414,8,8,8.343500650631794,8.71366249319744,-0.3701618425656452
FBgn0004414,10,9,8.093015757281487,8.71366249319744,-0.6206467359159529
FBgn0004414,12,10,8.253090038148297,8.71366249319744,-0.46057245504914235
FBgn0004414,14,11,8.470463928177626,8.71366249319744,-0.24319856501981363
FBgn0004414,16,12,8.027905902644495,8.71366249319744,-0.6857565905529448
FBgn0004414,20,13,7.903514991041604,8.71366249319744,-0.8101475021558358
FBgn0004414,24,14,8.217544617105405,8.71366249319744,-0.4961178760920344
FBgn0004414,30,15,7.744042897814575,8.71366249319744,-0.9696195953828646
FBgn0004414,36,16,7.949066226728744,8.71366249319744,-0.7645962664686952
FBgn0004414,42,17,7.771653666192072,8.71366249319744,-0.9420088270053677
FBgn0004414,48,18,7.892363987650519,8.71366249319744,-0.8212985055469204
FBgn0004414,72,19,7.301695466274835,8.71366249319744,-1.4119670269226043
FBgn0004414,96,20,7.194709257378756,8.71366249319744,-1.5189532358186835
FBgn0004414,120,21,7.288629374566318,8.71366249319744,-1.4250331186311218
FBgn0004426,1,2,2.128502305455481,2.3576028874769905,-0.2291005820215095
FBgn0004426,2,3,1.907569400101936,2.3576028874769905,-0.45003348737505444
FBgn0004426,3,4,2.2442831844018403,2.3576028874769905,-0.11331970307515027
FBgn0004426,4,5,2.4797530614071768,2.3576028874769905,0.12215017393018623
FBgn0004426,5,6,3.17391695325787,2.3576028874769905,0.8163140657808796
FBgn0004426,6,7,3.1259166852750617,2.3576028874769905,0.7683137977980712
FBgn0004426,8,8,3.363925933184952,2.3576028874769905,1.0063230457079615
FBgn0004426,10,9,3.583288823306417,2.3576028874769905,1.2256859358294263
FBgn0004426,12,10,2.8841001657949565,2.3576028874769905,0.526497278317966
FBgn0004426,14,11,2.3470585901953296,2.3576028874769905,-0.010544297281660953
FBgn0004426,16,12,2.072317800723914,2.3576028874769905,-0.28528508675307673
FBgn0004426,20,13,2.8817665551229297,2.3576028874769905,0.5241636676459391
FBgn0004426,24,14,4.304793592587411,2.3576028874769905,1.9471907051104207
FBgn0004426,30,15,3.927315247600559,2.3576028874769905,1.5697123601235683
FBgn0004426,36,16,3.3248170801378314,2.3576028874769905,0.9672141926608409
FBgn0004426,42,17,2.639065044333302,2.3576028874769905,0.2814621568563114
FBgn0004426,48,18,3.704783620362687,2.3576028874769905,1.3471807328856964
FBgn0004426,72,19,3.2298972153803533,2.3576028874769905,0.8722943279033628
FBgn0004426,96,20,2.929239305558343,2.3576028874769905,0.5716364180813525
FBgn0004426,120,21,3.0840748879380584,2.3576028874769905,0.7264720004610679
FBgn0004431,1,2,1.6356909393273322,0.8207270135425023,0.8149639257848299
FBgn0004431,2,3,1.7246899109086957,0.8207270135425023,0.9039628973661934
FBgn0004431,3,4,1.7545222018347562,0.8207270135425023,0.9337951882922538
FBgn0004431,4,5,1.6000853757325422,0.8207270135425023,0.7793583621900398
FBgn0004431,5,6,1.6840729820137184,0.8207270135425023,0.863345968471216
FBgn0004431,6,7,2.216417210003963,0.8207270135425023,1.3956901964614605
FBgn0004431,8,8,1.858460180671953,0.8207270135425023,1.0377331671294505
FBgn0004431,10,9,1.4935968567645825,0.8207270135425023,0.6728698432220802
FBgn0004431,12,10,1.7593009824075811,0.8207270135425023,0.9385739688650788
FBgn0004431,14,11,1.6578056607440184,0.8207270135425023,0.837078647201516
FBgn0004431,16,12,1.085376793530751,0.8207270135425023,0.2646497799882487
FBgn0004431,20,13,2.1022303100411204,0.8207270135425023,1.281503296498618
FBgn0004431,24,14,1.5137694484074635,0.8207270135425023,0.6930424348649612
FBgn0004431,30,15,2.084285276970884,0.8207270135425023,1.2635582634283815
FBgn0004431,36,16,2.421023467678326,0.8207270135425023,1.6002964541358238
FBgn0004431,42,17,2.0033406303505035,0.8207270135425023,1.182613616808001
FBgn0004431,48,18,1.0990249849239264,0.8207270135425023,0.2782979713814241
FBgn0004431,72,19,1.2765132263417482,0.8207270135425023,0.4557862127992459
FBgn0004431,96,20,6.763919972201483,0.8207270135425023,5.943192958658981
FBgn0004431,120,21,4.974267814531924,0.8207270135425023,4.153540800989422
FBgn0005660,1,2,4.906509436558213,2.4101505037660207,2.4963589327921927
FBgn0005660,2,3,4.4393631854676325,2.4101505037660207,2.029212681701612
FBgn0005660,3,4,3.981900525514052,2.4101505037660207,1.5717500217480311
FBgn0005660,4,5,3.479296509228756,2.4101505037660207,1.0691460054627355
FBgn0005660,5,6,2.9238261465737723,2.4101505037660207,0.5136756428077516
FBgn0005660,6,7,3.6155370389960177,2.4101505037660207,1.205386535229997
FBgn0005660,8,8,2.98397228779131,2.4101505037660207,0.5738217840252893
FBgn0005660,10,9,2.9670360054947507,2.4101505037660207,0.55688550172873
FBgn0005660,12,10,2.8644533229722207,2.4101505037660207,0.45430281920619997
FBgn0005660,14,11,3.0772094542269572,2.4101505037660207,0.6670589504609366
FBgn0005660,16,12,2.7314998370286023,2.4101505037660207,0.32134933326258164
FBgn0005660,20,13,2.942814665428691,2.4101505037660207,0.5326641616626704
FBgn0005660,24,14,2.6547003586259565,2.4101505037660207,0.24454985485993586
FBgn0005660,30,15,2.7482875385096,2.4101505037660207,0.33813703474357926
FBgn0005660,36,16,2.9274399162620703,2.4101505037660207,0.5172894124960496
FBgn0005660,42,17,2.43189555487273,2.4101505037660207,0.021745051106709212
FBgn0005660,48,18,2.9720323903939176,2.4101505037660207,0.561881886627897
FBgn0005660,72,19,2.8752035710333317,2.4101505037660207,0.465053067267311
FBgn0005660,96,20,4.3364166684712995,2.4101505037660207,1.9262661647052788
FBgn0005660,120,21,3.7293687960387247,2.4101505037660207,1.319218292272704
FBgn0005664,1,2,4.1121864148787,3.251856770092739,0.8603296447859607
FBgn0005664,2,3,4.865521680790162,3.251856770092739,1.6136649106974232
FBgn0005664,3,4,4.328706643756089,3.251856770092739,1.0768498736633498
FBgn0005664,4,5,4.190781241260535,3.251856770092739,0.9389244711677964
FBgn0005664,5,6,3.614268703777723,3.251856770092739,0.3624119336849838
FBgn0005664,6,7,4.144507575254111,3.251856770092739,0.892650805161372
FBgn0005664,8,8,3.3301642249685477,3.251856770092739,0.0783074548758087
FBgn0005664,10,9,3.7274434289894565,3.251856770092739,0.4755866588967175
FBgn0005664,12,10,4.100025578429888,3.251856770092739,0.8481688083371486
FBgn0005664,14,11,3.9197250933859547,3.251856770092739,0.6678683232932157
FBgn0005664,16,12,3.4971986345278276,3.251856770092739,0.24534186443508865
FBgn0005664,20,13,4.316512758694444,3.251856770092739,1.0646559886017046
FBgn0005664,24,14,3.8133211922881847,3.251856770092739,0.5614644221954457
FBgn0005664,30,15,4.209392231477142,3.251856770092739,0.9575354613844027
FBgn0005664,36,16,4.343072649422054,3.251856770092739,1.0912158793293152
FBgn0005664,42,17,4.003420671696744,3.251856770092739,0.7515639016040048
FBgn0005664,48,18,4.651873896782647,3.251856770092739,1.4000171266899084
FBgn0005664,72,19,4.713987591913137,3.251856770092739,1.4621308218203977
FBgn0005664,96,20,5.820235613047348,3.251856770092739,2.5683788429546093
FBgn0005664,120,21,4.690612399517033,3.251856770092739,1.4387556294242936
FBgn0005670,1,2,2.679782858712402,2.6689539927045622,0.010828866007839721
FBgn0005670,2,3,2.7679998350139927,2.6689539927045622,0.09904584230943048
FBgn0005670,3,4,2.6092555135345497,2.6689539927045622,-0.059698479170012586
FBgn0005670,4,5,2.5353434896918516,2.6689539927045622,-0.1336105030127106
FBgn0005670,5,6,3.1828159223256796,2.6689539927045622,0.5138619296211173
FBgn0005670,6,7,2.808904197807734,2.6689539927045622,0.13995020510317158
FBgn0005670,8,8,3.448538800731176,2.6689539927045622,0.7795848080266139
FBgn0005670,10,9,3.9214487697151164,2.6689539927045622,1.2524947770105541
FBgn0005670,12,10,3.834099862502274,2.6689539927045622,1.165145869797712
FBgn0005670,14,11,4.0047896749572125,2.6689539927045622,1.3358356822526503
FBgn0005670,16,12,3.398253261065725,2.6689539927045622,0.7292992683611628
FBgn0005670,20,13,3.8057001848319736,2.6689539927045622,1.1367461921274113
FBgn0005670,24,14,3.64630106718586,2.6689539927045622,0.9773470744812975
FBgn0005670,30,15,4.119362123084278,2.6689539927045622,1.4504081303797154
FBgn0005670,36,16,3.9902781062021164,2.6689539927045622,1.3213241134975542
FBgn0005670,42,17,4.045353595779263,2.6689539927045622,1.3763996030747006
FBgn0005670,48,18,3.942110409016083,2.6689539927045622,1.2731564163115205
FBgn0005670,72,19,4.219978516262264,2.6689539927045622,1.551024523557702
FBgn0005670,96,20,3.9946080292832584,2.6689539927045622,1.3256540365786962
FBgn0005670,120,21,4.329450824192866,2.6689539927045622,1.6604968314883042
FBgn0010038,1,2,4.334219853110351,2.659208652856101,1.67501120025425
FBgn0010038,2,3,4.4194114049633,2.659208652856101,1.7602027521071992
FBgn0010038,3,4,4.884610626506924,2.659208652856101,2.225401973650823
FBgn0010038,4,5,6.360150940911314,2.659208652856101,3.700942288055213
FBgn0010038,5,6,4.72085476764863,2.659208652856101,2.061646114792529
FBgn0010038,6,7,5.586858407778704,2.659208652856101,2.9276497549226024
FBgn0010038,8,8,3.3431017087838812,2.659208652856101,0.68389305592778
FBgn0010038,10,9,3.922478335646259,2.659208652856101,1.263269682790158
FBgn0010038,12,10,3.360478260028999,2.659208652856101,0.7012696071728977
FBgn0010038,14,11,5.048604087156881,2.659208652856101,2.3893954343007797
FBgn0010038,16,12,3.7638569006043143,2.659208652856101,1.1046482477482131
FBgn0010038,20,13,3.1013909780576334,2.659208652856101,0.4421823252015322
FBgn0010038,24,14,3.349445064708288,2.659208652856101,0.6902364118521866
FBgn0010038,30,15,3.0494671281318713,2.659208652856101,0.39025847527577007
FBgn0010038,36,16,4.0806064676570015,2.659208652856101,1.4213978148009003
FBgn0010038,42,17,3.399130917541363,2.659208652856101,0.7399222646852617
FBgn0010038,48,18,3.268106096426973,2.659208652856101,0.6088974435708718
FBgn0010038,72,19,3.0568456333052785,2.659208652856101,0.3976369804491773
FBgn0010038,96,20,3.6708868850431324,2.659208652856101,1.0116782321870312
FBgn0010038,120,21,4.226860971684397,2.659208652856101,1.567652318828296
FBgn0010040,1,2,1.0416600014795592,0.3849948210071412,0.656665180472418
FBgn0010040,2,3,1.7389167064497735,0.3849948210071412,1.3539218854426323
FBgn0010040,3,4,1.7759604568730605,0.3849948210071412,1.3909656358659193
FBgn0010040,4,5,3.19367235896815,0.3849948210071412,2.808677537961009
FBgn0010040,5,6,1.966060477090739,0.3849948210071412,1.5810656560835978
FBgn0010040,6,7,2.559512827201403,0.3849948210071412,2.174518006194262
FBgn0010040,8,8,0.8116375826652333,0.3849948210071412,0.4266427616580921
FBgn0010040,10,9,1.0478024080951776,0.3849948210071412,0.6628075870880363
FBgn0010040,12,10,0.9998209518737615,0.3849948210071412,0.6148261308666203
FBgn0010040,14,11,2.134223560299215,0.3849948210071412,1.7492287392920738
FBgn0010040,16,12,0.9708538910937378,0.3849948210071412,0.5858590700865965
FBgn0010040,20,13,0.9009550122868364,0.3849948210071412,0.5159601912796952
FBgn0010040,24,14,1.0405628473956032,0.3849948210071412,0.655568026388462
FBgn0010040,30,15,0.812893164413941,0.3849948210071412,0.4278983434067998
FBgn0010040,36,16,1.546137600682143,0.3849948210071412,1.1611427796750018
FBgn0010040,42,17,0.8691354665487875,0.3849948210071412,0.48414064554164626
FBgn0010040,48,18,0.7824554480524774,0.3849948210071412,0.39746062704533613
FBgn0010040,72,19,0.9356818414842187,0.3849948210071412,0.5506870204770775
FBgn0010040,96,20,0.8516600604173667,0.3849948210071412,0.46666523941022553
FBgn0010040,120,21,1.405293101236139,0.3849948210071412,1.0202982802289977
FBgn0010041,1,2,6.007412671506129,3.867455651094021,2.1399570204121083
FBgn0010041,2,3,5.977531644358398,3.867455651094021,2.1100759932643767
FBgn0010041,3,4,6.204371169750204,3.867455651094021,2.336915518656183
FBgn0010041,4,5,6.959548012047564,3.867455651094021,3.0920923609535427
FBgn0010041,5,6,6.067195611166921,3.867455651094021,2.1997399600729004
FBgn0010041,6,7,6.472921367086586,3.867455651094021,2.6054657159925654
FBgn0010041,8,8,4.472952442158931,3.867455651094021,0.6054967910649101
FBgn0010041,10,9,5.382885455455725,3.867455651094021,1.5154298043617036
FBgn0010041,12,10,5.363814348066216,3.867455651094021,1.4963586969721954
FBgn0010041,14,11,6.485006820851437,3.867455651094021,2.617551169757416
FBgn0010041,16,12,5.4856836347122915,3.867455651094021,1.6182279836182705
FBgn0010041,20,13,5.236279498763752,3.867455651094021,1.3688238476697308
FBgn0010041,24,14,5.008853561156361,3.867455651094021,1.1413979100623397
FBgn0010041,30,15,4.586160392878556,3.867455651094021,0.7187047417845349
FBgn0010041,36,16,5.692571280654001,3.867455651094021,1.8251156295599804
FBgn0010041,42,17,4.951770817247166,3.867455651094021,1.0843151661531447
FBgn0010041,48,18,4.940629960881235,3.867455651094021,1.0731743097872144
FBgn0010041,72,19,4.91131680677085,3.867455651094021,1.0438611556768294
FBgn0010041,96,20,4.943141185176165,3.867455651094021,1.0756855340821438
FBgn0010041,120,21,5.413529665682541,3.867455651094021,1.5460740145885197
FBgn0010042,1,2,2.543974848971983,0.9861386880985744,1.5578361608734084
FBgn0010042,2,3,2.336644431190501,0.9861386880985744,1.3505057430919263
FBgn0010042,3,4,2.6446473585907357,0.9861386880985744,1.6585086704921612
FBgn0010042,4,5,2.3427979174505706,0.9861386880985744,1.3566592293519961
FBgn0010042,5,6,2.599546118183706,0.9861386880985744,1.6134074300851315
FBgn0010042,6,7,2.310876594665946,0.9861386880985744,1.3247379065673717
FBgn0010042,8,8,1.761274045502271,0.9861386880985744,0.7751353574036967
FBgn0010042,10,9,2.1880414215621626,0.9861386880985744,1.2019027334635881
FBgn0010042,12,10,2.460184668713662,0.9861386880985744,1.4740459806150876
FBgn0010042,14,11,3.089328095409032,0.9861386880985744,2.1031894073104573
FBgn0010042,16,12,2.3477457180145214,0.9861386880985744,1.3616070299159468
FBgn0010042,20,13,2.589464068099754,0.9861386880985744,1.6033253800011793
FBgn0010042,24,14,1.7837590173637559,0.9861386880985744,0.7976203292651814
FBgn0010042,30,15,2.100365521264994,0.9861386880985744,1.1142268331664194
FBgn0010042,36,16,2.88810655703952,0.9861386880985744,1.9019678689409454
FBgn0010042,42,17,1.2201267876943103,0.9861386880985744,0.23398809959573585
FBgn0010042,48,18,1.9713462035493952,0.9861386880985744,0.9852075154508207
FBgn0010042,72,19,1.2741195769717142,0.9861386880985744,0.2879808888731398
FBgn0010042,96,20,0.8461312403459467,0.9861386880985744,-0.14000744775262774
FBgn0010042,120,21,0.984050667414684,0.9861386880985744,-0.002088020683890357
FBgn0010044,1,2,3.204111375995736,2.044334233056995,1.159777142938741
FBgn0010044,2,3,3.6615479722519835,2.044334233056995,1.6172137391949883
FBgn0010044,3,4,3.8516644460884506,2.044334233056995,1.8073302130314555
FBgn0010044,4,5,3.88937751866242,2.044334233056995,1.845043285605425
FBgn0010044,5,6,2.9225862426203797,2.044334233056995,0.8782520095633846
FBgn0010044,6,7,2.8707390906177164,2.044334233056995,0.8264048575607212
FBgn0010044,8,8,2.114239260521178,2.044334233056995,0.06990502746418281
FBgn0010044,10,9,2.15373247127227,2.044334233056995,0.10939823821527472
FBgn0010044,12,10,2.319369335511798,2.044334233056995,0.2750351024548028
FBgn0010044,14,11,2.661466937199517,2.044334233056995,0.6171327041425219
FBgn0010044,16,12,2.7069087348932066,2.044334233056995,0.6625745018362115
FBgn0010044,20,13,3.537591326719072,2.044334233056995,1.493257093662077
FBgn0010044,24,14,3.929909350107482,2.044334233056995,1.8855751170504869
FBgn0010044,30,15,3.1394490751588835,2.044334233056995,1.0951148421018884
FBgn0010044,36,16,4.117855944752736,2.044334233056995,2.073521711695741
FBgn0010044,42,17,4.307134625892539,2.044334233056995,2.262800392835544
FBgn0010044,48,18,3.948835794302516,2.044334233056995,1.904501561245521
FBgn0010044,72,19,4.858193611046611,2.044334233056995,2.8138593779896155
FBgn0010044,96,20,5.666935582682618,2.044334233056995,3.622601349625623
FBgn0010044,120,21,5.938973311693028,2.044334233056995,3.8946390786360325
FBgn0010052,1,2,2.846703030764118,3.1771228412518466,-0.3304198104877285
FBgn0010052,2,3,2.413190354521836,3.1771228412518466,-0.7639324867300106
FBgn0010052,3,4,2.2747220106759323,3.1771228412518466,-0.9024008305759144
FBgn0010052,4,5,2.5385062091594754,3.1771228412518466,-0.6386166320923712
FBgn0010052,5,6,2.8071639520666327,3.1771228412518466,-0.3699588891852139
FBgn0010052,6,7,2.7756359517256968,3.1771228412518466,-0.40148688952614986
FBgn0010052,8,8,2.9467902297954764,3.1771228412518466,-0.23033261145637018
FBgn0010052,10,9,2.3501068813272488,3.1771228412518466,-0.8270159599245979
FBgn0010052,12,10,1.5467303247947477,3.1771228412518466,-1.630392516457099
FBgn0010052,14,11,1.4570790461299383,3.1771228412518466,-1.7200437951219083
FBgn0010052,16,12,1.417410239112794,3.1771228412518466,-1.7597126021390526
FBgn0010052,20,13,2.6307099517212134,3.1771228412518466,-0.5464128895306333
FBgn0010052,24,14,3.2459429396318553,3.1771228412518466,0.06882009838000869
FBgn0010052,30,15,2.9947465453525983,3.1771228412518466,-0.1823762958992483
FBgn0010052,36,16,1.7571037438592394,3.1771228412518466,-1.4200190973926072
FBgn0010052,42,17,2.2186716381937392,3.1771228412518466,-0.9584512030581074
FBgn0010052,48,18,3.0705757800943543,3.1771228412518466,-0.10654706115749235
FBgn0010052,72,19,2.855626594642123,3.1771228412518466,-0.32149624660972353
FBgn0010052,96,20,2.8272677680211986,3.1771228412518466,-0.349855073230648
FBgn0010052,120,21,3.3018262907190863,3.1771228412518466,0.12470344946723966
FBgn0010222,1,2,5.547598686636002,4.559991824734573,0.9876068619014289
FBgn0010222,2,3,5.248359261059974,4.559991824734573,0.6883674363254011
FBgn0010222,3,4,5.50947777713415,4.559991824734573,0.9494859523995771
FBgn0010222,4,5,6.185307634513397,4.559991824734573,1.625315809778824
FBgn0010222,5,6,6.391976823113561,4.559991824734573,1.8319849983789878
FBgn0010222,6,7,6.654653583069001,4.559991824734573,2.0946617583344276
FBgn0010222,8,8,5.9373612387650745,4.559991824734573,1.3773694140305013
FBgn0010222,10,9,5.5767285919408724,4.559991824734573,1.0167367672062992
FBgn0010222,12,10,5.027458418674893,4.559991824734573,0.46746659394032
FBgn0010222,14,11,5.233018361513562,4.559991824734573,0.6730265367789885
FBgn0010222,16,12,4.875340638807008,4.559991824734573,0.31534881407243454
FBgn0010222,20,13,4.891095877459328,4.559991824734573,0.33110405272475507
FBgn0010222,24,14,4.62731584461476,4.559991824734573,0.06732401988018655
FBgn0010222,30,15,5.228104380432999,4.559991824734573,0.6681125556984258
FBgn0010222,36,16,5.464883293764489,4.559991824734573,0.9048914690299155
FBgn0010222,42,17,4.600283321758958,4.559991824734573,0.04029149702438506
FBgn0010222,48,18,5.3902338714519225,4.559991824734573,0.8302420467173492
FBgn0010222,72,19,5.357132127873314,4.559991824734573,0.7971403031387405
FBgn0010222,96,20,6.057441299165227,4.559991824734573,1.4974494744306535
FBgn0010222,120,21,6.092154908733878,4.559991824734573,1.532163083999305
FBgn0010385,1,2,3.6950717039634444,3.3918452998566817,0.3032264041067627
FBgn0010385,2,3,3.6764702114595256,3.3918452998566817,0.28462491160284387
FBgn0010385,3,4,4.590049648856628,3.3918452998566817,1.1982043489999459
FBgn0010385,4,5,4.927930066418927,3.3918452998566817,1.5360847665622455
FBgn0010385,5,6,5.510175737281736,3.3918452998566817,2.1183304374250547
FBgn0010385,6,7,4.630349646526593,3.3918452998566817,1.2385043466699113
FBgn0010385,8,8,4.788969015582762,3.3918452998566817,1.3971237157260799
FBgn0010385,10,9,5.553057395657566,3.3918452998566817,2.1612120958008845
FBgn0010385,12,10,5.300560695646594,3.3918452998566817,1.908715395789912
FBgn0010385,14,11,6.011496390512436,3.3918452998566817,2.619651090655754
FBgn0010385,16,12,5.731809299232384,3.3918452998566817,2.339963999375702
FBgn0010385,20,13,6.254219954665102,3.3918452998566817,2.86237465480842
FBgn0010385,24,14,3.488214850050253,3.3918452998566817,0.0963695501935713
FBgn0010385,30,15,6.0009052833395895,3.3918452998566817,2.609059983482908
FBgn0010385,36,16,5.711461554547928,3.3918452998566817,2.3196162546912467
FBgn0010385,42,17,5.069363588650731,3.3918452998566817,1.6775182887940492
FBgn0010385,48,18,4.772677471179199,3.3918452998566817,1.380832171322517
FBgn0010385,72,19,4.499899635183132,3.3918452998566817,1.1080543353264503
FBgn0010385,96,20,5.039454075091507,3.3918452998566817,1.6476087752348256
FBgn0010385,120,21,5.0720116582348105,3.3918452998566817,1.6801663583781288
FBgn0010388,1,2,6.881002552885272,4.149483360184432,2.7315191927008406
FBgn0010388,2,3,7.816221682993887,4.149483360184432,3.666738322809455
FBgn0010388,3,4,8.176080228505118,4.149483360184432,4.026596868320686
FBgn0010388,4,5,8.662375313568706,4.149483360184432,4.512891953384274
FBgn0010388,5,6,9.116667828619834,4.149483360184432,4.967184468435402
FBgn0010388,6,7,9.308171308982754,4.149483360184432,5.158687948798322
FBgn0010388,8,8,10.014324645370007,4.149483360184432,5.864841285185575
FBgn0010388,10,9,9.398200223327791,4.149483360184432,5.248716863143359
FBgn0010388,12,10,9.623253449670212,4.149483360184432,5.473770089485781
FBgn0010388,14,11,9.084697864404713,4.149483360184432,4.935214504220282
FBgn0010388,16,12,9.276090945639353,4.149483360184432,5.126607585454922
FBgn0010388,20,13,10.052365601806741,4.149483360184432,5.90288224162231
FBgn0010388,24,14,7.9035777463653,4.149483360184432,3.754094386180868
FBgn0010388,30,15,10.106607615437794,4.149483360184432,5.957124255253362
FBgn0010388,36,16,8.780866674022617,4.149483360184432,4.631383313838185
FBgn0010388,42,17,9.3723066272999,4.149483360184432,5.2228232671154675
FBgn0010388,48,18,9.178322867450008,4.149483360184432,5.028839507265577
FBgn0010388,72,19,9.537839468974465,4.149483360184432,5.388356108790033
FBgn0010388,96,20,9.548707790412482,4.149483360184432,5.399224430228051
FBgn0010388,120,21,8.86664188558753,4.149483360184432,4.717158525403098
FBgn0012034,1,2,9.943488077246727,9.734662618027162,0.20882545921956464
FBgn0012034,2,3,9.516318860436929,9.734662618027162,-0.21834375759023317
FBgn0012034,3,4,8.698057488396124,9.734662618027162,-1.0366051296310381
FBgn0012034,4,5,8.658041644956334,9.734662618027162,-1.0766209730708276
FBgn0012034,5,6,8.284630512809668,9.734662618027162,-1.4500321052174936
FBgn0012034,6,7,8.51996542662671,9.734662618027162,-1.214697191400452
FBgn0012034,8,8,8.506416570130455,9.734662618027162,-1.2282460478967074
FBgn0012034,10,9,8.911409777051194,9.734662618027162,-0.8232528409759681
FBgn0012034,12,10,9.232925612753647,9.734662618027162,-0.5017370052735153
FBgn0012034,14,11,8.872168644405317,9.734662618027162,-0.8624939736218451
FBgn0012034,16,12,9.039491508370618,9.734662618027162,-0.6951711096565436
FBgn0012034,20,13,9.550364854730812,9.734662618027162,-0.18429776329634961
FBgn0012034,24,14,9.814012352781774,9.734662618027162,0.07934973475461149
FBgn0012034,30,15,9.582278124963999,9.734662618027162,-0.15238449306316326
FBgn0012034,36,16,9.516815805391584,9.734662618027162,-0.21784681263557815
FBgn0012034,42,17,9.613070112508254,9.734662618027162,-0.12159250551890821
FBgn0012034,48,18,10.019301420009269,9.734662618027162,0.28463880198210667
FBgn0012034,72,19,10.08043549534436,9.734662618027162,0.34577287731719863
FBgn0012034,96,20,10.234024570201514,9.734662618027162,0.4993619521743522
FBgn0012034,120,21,10.148444294435016,9.734662618027162,0.41378167640785435
FBgn0012042,1,2,9.047350531480436,3.3693853113371177,5.677965220143319
FBgn0012042,2,3,9.871719017402022,3.3693853113371177,6.5023337060649045
FBgn0012042,3,4,9.72871801804631,3.3693853113371177,6.359332706709193
FBgn0012042,4,5,9.45206069543751,3.3693853113371177,6.082675384100392
FBgn0012042,5,6,8.589743077213228,3.3693853113371177,5.220357765876111
FBgn0012042,6,7,8.304432136802289,3.3693853113371177,4.935046825465172
FBgn0012042,8,8,8.724925123806075,3.3693853113371177,5.355539812468958
FBgn0012042,10,9,7.612182652328546,3.3693853113371177,4.242797340991428
FBgn0012042,12,10,8.216894229415084,3.3693853113371177,4.847508918077967
FBgn0012042,14,11,7.22748774945105,3.3693853113371177,3.858102438113932
FBgn0012042,16,12,7.3628644291799095,3.3693853113371177,3.9934791178427917
FBgn0012042,20,13,8.700887461789348,3.3693853113371177,5.331502150452231
FBgn0012042,24,14,6.397190642241696,3.3693853113371177,3.0278053309045787
FBgn0012042,30,15,8.722852965706856,3.3693853113371177,5.353467654369739
FBgn0012042,36,16,7.8861479884114445,3.3693853113371177,4.516762677074327
FBgn0012042,42,17,8.255022427652383,3.3693853113371177,4.885637116315266
FBgn0012042,48,18,7.24143728426894,3.3693853113371177,3.8720519729318226
FBgn0012042,72,19,8.02373108064933,3.3693853113371177,4.654345769312213
FBgn0012042,96,20,7.865901599696599,3.3693853113371177,4.496516288359482
FBgn0012042,120,21,7.31860417871432,3.3693853113371177,3.9492188673772026
FBgn0013275,1,2,7.294110358612663,4.875501227020392,2.4186091315922713
FBgn0013275,2,3,6.47072282210123,4.875501227020392,1.5952215950808384
FBgn0013275,3,4,6.089206595016751,4.875501227020392,1.2137053679963596
FBgn0013275,4,5,6.195580306586683,4.875501227020392,1.3200790795662911
FBgn0013275,5,6,5.588216359220272,4.875501227020392,0.7127151321998806
FBgn0013275,6,7,6.465645418193226,4.875501227020392,1.5901441911728345
FBgn0013275,8,8,5.280137998477103,4.875501227020392,0.40463677145671095
FBgn0013275,10,9,5.522096281633923,4.875501227020392,0.6465950546135311
FBgn0013275,12,10,5.19721685999853,4.875501227020392,0.32171563297813854
FBgn0013275,14,11,5.576415145744198,4.875501227020392,0.7009139187238063
FBgn0013275,16,12,5.284318327373339,4.875501227020392,0.40881710035294727
FBgn0013275,20,13,5.245957278184946,4.875501227020392,0.37045605116455427
FBgn0013275,24,14,5.036222330476109,4.875501227020392,0.16072110345571744
FBgn0013275,30,15,5.3325682792705855,4.875501227020392,0.45706705225019384
FBgn0013275,36,16,5.800268566840133,4.875501227020392,0.9247673398197414
FBgn0013275,42,17,4.77982642001218,4.875501227020392,-0.09567480700821207
FBgn0013275,48,18,5.49201735783636,4.875501227020392,0.6165161308159686
FBgn0013275,72,19,5.462819926273022,4.875501227020392,0.5873186992526307
FBgn0013275,96,20,5.462944587778493,4.875501227020392,0.5874433607581011
FBgn0013275,120,21,5.440999888294089,4.875501227020392,0.565498661273697
FBgn0013276,1,2,7.29320575602959,4.875501227020392,2.4177045290091987
FBgn0013276,2,3,6.469735154500645,4.875501227020392,1.5942339274802535
FBgn0013276,3,4,6.088135787659704,4.875501227020392,1.2126345606393123
FBgn0013276,4,5,6.194739687267914,4.875501227020392,1.3192384602475222
FBgn0013276,5,6,5.588216359220272,4.875501227020392,0.7127151321998806
FBgn0013276,6,7,6.4653925763078774,4.875501227020392,1.5898913492874858
FBgn0013276,8,8,5.276172141960329,4.875501227020392,0.400670914939937
FBgn0013276,10,9,5.524504966052849,4.875501227020392,0.649003739032457
FBgn0013276,12,10,5.196344054823065,4.875501227020392,0.32084282780267337
FBgn0013276,14,11,5.577243611766207,4.875501227020392,0.7017423847458151
FBgn0013276,16,12,5.277806772365364,4.875501227020392,0.402305545344972
FBgn0013276,20,13,5.244058184128878,4.875501227020392,0.36855695710848657
FBgn0013276,24,14,5.030535239756414,4.875501227020392,0.15503401273602258
FBgn0013276,30,15,5.333520527667007,4.875501227020392,0.45801930064661533
FBgn0013276,36,16,5.799826322786586,4.875501227020392,0.9243250957661946
FBgn0013276,42,17,4.778829644142033,4.875501227020392,-0.09667158287835864
FBgn0013276,48,18,5.490189500647695,4.875501227020392,0.6146882736273032
FBgn0013276,72,19,5.464376440470078,4.875501227020392,0.5888752134496862
FBgn0013276,96,20,5.463004909116775,4.875501227020392,0.5875036820963837
FBgn0013276,120,21,5.441611080616003,4.875501227020392,0.5661098535956111
FBgn0013277,1,2,6.967030119922592,4.426956029628143,2.540074090294449
FBgn0013277,2,3,5.994601611239336,4.426956029628143,1.5676455816111927
FBgn0013277,3,4,5.618813893397284,4.426956029628143,1.1918578637691413
FBgn0013277,4,5,5.71134005424131,4.426956029628143,1.2843840246131668
FBgn0013277,5,6,5.017538635940222,4.426956029628143,0.5905826063120792
FBgn0013277,6,7,5.971910523247499,4.426956029628143,1.5449544936193558
FBgn0013277,8,8,4.814275939564079,4.426956029628143,0.3873199099359361
FBgn0013277,10,9,5.032631821707264,4.426956029628143,0.6056757920791211
FBgn0013277,12,10,4.5940472725050086,4.426956029628143,0.1670912428768654
FBgn0013277,14,11,4.636819318626382,4.426956029628143,0.20986328899823903
FBgn0013277,16,12,4.818020782802176,4.426956029628143,0.39106475317403255
FBgn0013277,20,13,4.529112183960965,4.426956029628143,0.10215615433282199
FBgn0013277,24,14,4.312134507351591,4.426956029628143,-0.11482152227655185
FBgn0013277,30,15,4.63929502098644,4.426956029628143,0.2123389913582967
FBgn0013277,36,16,4.9583820526111,4.426956029628143,0.5314260229829566
FBgn0013277,42,17,4.122154749021426,4.426956029628143,-0.30480128060671685
FBgn0013277,48,18,4.773242855444623,4.426956029628143,0.3462868258164802
FBgn0013277,72,19,4.582010541206801,4.426956029628143,0.15505451157865746
FBgn0013277,96,20,4.64932944911668,4.426956029628143,0.2223734194885365
FBgn0013277,120,21,4.666619867665458,4.426956029628143,0.23966383803731528
FBgn0013278,1,2,7.06688621254748,4.511403149391773,2.555483063155707
FBgn0013278,2,3,6.097863786041494,4.511403149391773,1.5864606366497211
FBgn0013278,3,4,5.6897118424408015,4.511403149391773,1.1783086930490283
FBgn0013278,4,5,5.814909274087386,4.511403149391773,1.3035061246956126
FBgn0013278,5,6,5.084854135883347,4.511403149391773,0.573450986491574
FBgn0013278,6,7,6.063722027212666,4.511403149391773,1.552318877820893
FBgn0013278,8,8,4.899316972120069,4.511403149391773,0.38791382272829544
FBgn0013278,10,9,5.122463838411887,4.511403149391773,0.611060689020114
FBgn0013278,12,10,4.646532225904522,4.511403149391773,0.13512907651274908
FBgn0013278,14,11,4.698854354440929,4.511403149391773,0.1874512050491557
FBgn0013278,16,12,4.898534629718451,4.511403149391773,0.3871314803266781
FBgn0013278,20,13,4.587330164782319,4.511403149391773,0.0759270153905458
FBgn0013278,24,14,4.403526971735234,4.511403149391773,-0.10787617765653934
FBgn0013278,30,15,4.7283178824761265,4.511403149391773,0.21691473308435327
FBgn0013278,36,16,5.020260488481309,4.511403149391773,0.5088573390895359
FBgn0013278,42,17,4.192898716374846,4.511403149391773,-0.3185044330169271
FBgn0013278,48,18,4.836927422081111,4.511403149391773,0.3255242726893375
FBgn0013278,72,19,4.644543966973005,4.511403149391773,0.13314081758123208
FBgn0013278,96,20,4.746904911537332,4.511403149391773,0.2355017621455584
FBgn0013278,120,21,4.7269498991306635,4.511403149391773,0.21554674973889032
FBgn0013279,1,2,7.031864955248589,4.504794572115714,2.527070383132875
FBgn0013279,2,3,6.0759958823064295,4.504794572115714,1.5712013101907152
FBgn0013279,3,4,5.671239120434068,4.504794572115714,1.1664445483183536
FBgn0013279,4,5,5.794285710570358,4.504794572115714,1.2894911384546432
FBgn0013279,5,6,5.0957754946989,4.504794572115714,0.5909809225831859
FBgn0013279,6,7,6.053626365782117,4.504794572115714,1.5488317936664027
FBgn0013279,8,8,4.88526497900328,4.504794572115714,0.3804704068875653
FBgn0013279,10,9,5.120613209641421,4.504794572115714,0.6158186375257069
FBgn0013279,12,10,4.664308565294572,4.504794572115714,0.15951399317885784
FBgn0013279,14,11,4.686943742833101,4.504794572115714,0.1821491707173868
FBgn0013279,16,12,4.877973550942016,4.504794572115714,0.373178978826302
FBgn0013279,20,13,4.5684359421568645,4.504794572115714,0.06364137004115022
FBgn0013279,24,14,4.389506058132085,4.504794572115714,-0.11528851398362949
FBgn0013279,30,15,4.715742223109127,4.504794572115714,0.21094765099341295
FBgn0013279,36,16,5.018012870589702,4.504794572115714,0.5132182984739879
FBgn0013279,42,17,4.196621082027005,4.504794572115714,-0.3081734900887092
FBgn0013279,48,18,4.838080449584497,4.504794572115714,0.333285877468783
FBgn0013279,72,19,4.666699541055257,4.504794572115714,0.16190496893954265
FBgn0013279,96,20,4.729776196041209,4.504794572115714,0.22498162392549492
FBgn0013279,120,21,4.718873824839629,4.504794572115714,0.2140792527239146
FBgn0013680,1,2,6.016789044407201,5.7397817058070055,0.2770073386001952
FBgn0013680,2,3,5.787982847224924,5.7397817058070055,0.04820114141791887
FBgn0013680,3,4,6.250088486971467,5.7397817058070055,0.510306781164461
FBgn0013680,4,5,6.256162864993273,5.7397817058070055,0.5163811591862677
FBgn0013680,5,6,6.683977328409963,5.7397817058070055,0.9441956226029573
FBgn0013680,6,7,6.3561822572670135,5.7397817058070055,0.6164005514600079
FBgn0013680,8,8,6.669548578883271,5.7397817058070055,0.9297668730762654
FBgn0013680,10,9,6.050988415218553,5.7397817058070055,0.3112067094115476
FBgn0013680,12,10,6.145549299917896,5.7397817058070055,0.40576759411089025
FBgn0013680,14,11,5.957417910590464,5.7397817058070055,0.21763620478345835
FBgn0013680,16,12,5.938496418735022,5.7397817058070055,0.1987147129280169
FBgn0013680,20,13,6.459053099540313,5.7397817058070055,0.7192713937333073
FBgn0013680,24,14,6.875027472187654,5.7397817058070055,1.1352457663806481
FBgn0013680,30,15,6.691294668704363,5.7397817058070055,0.9515129628973575
FBgn0013680,36,16,6.800196657100402,5.7397817058070055,1.0604149512933967
FBgn0013680,42,17,5.613769222911302,5.7397817058070055,-0.12601248289570322
FBgn0013680,48,18,5.842260863768214,5.7397817058070055,0.10247915796120832
FBgn0013680,72,19,6.105106760842162,5.7397817058070055,0.36532505503515633
FBgn0013680,96,20,5.77432358976869,5.7397817058070055,0.03454188396168423
FBgn0013680,120,21,6.0385249341320675,5.7397817058070055,0.29874322832506195
FBgn0013683,1,2,3.357106783267484,3.2467642527222482,0.1103425305452359
FBgn0013683,2,3,2.881952411304523,3.2467642527222482,-0.36481184141772527
FBgn0013683,3,4,3.4396468431921483,3.2467642527222482,0.19288259046990008
FBgn0013683,4,5,3.5988627482102777,3.2467642527222482,0.3520984954880295
FBgn0013683,5,6,3.6201402543152383,3.2467642527222482,0.3733760015929901
FBgn0013683,6,7,3.7593516443756854,3.2467642527222482,0.5125873916534371
FBgn0013683,8,8,3.7887019280363106,3.2467642527222482,0.5419376753140623
FBgn0013683,10,9,3.3157363598730942,3.2467642527222482,0.06897210715084601
FBgn0013683,12,10,3.5266316512826528,3.2467642527222482,0.27986739856040455
FBgn0013683,14,11,3.6408760659611907,3.2467642527222482,0.3941118132389425
FBgn0013683,16,12,3.4467307384339754,3.2467642527222482,0.19996648571172715
FBgn0013683,20,13,3.896559039426211,3.2467642527222482,0.6497947867039628
FBgn0013683,24,14,4.356776598457929,3.2467642527222482,1.1100123457356812
FBgn0013683,30,15,4.028301285135937,3.2467642527222482,0.7815370324136888
FBgn0013683,36,16,4.305118762826524,3.2467642527222482,1.0583545101042757
FBgn0013683,42,17,3.1380838642172773,3.2467642527222482,-0.10868038850497097
FBgn0013683,48,18,3.4708414917096153,3.2467642527222482,0.2240772389873671
FBgn0013683,72,19,3.6601731035350973,3.2467642527222482,0.41340885081284906
FBgn0013683,96,20,2.9302230252473,3.2467642527222482,-0.3165412274749482
FBgn0013683,120,21,3.565737841014493,3.2467642527222482,0.31897358829224487
FBgn0014018,1,2,9.23055252619385,6.531802396223878,2.698750129969973
FBgn0014018,2,3,8.955085246189583,6.531802396223878,2.4232828499657053
FBgn0014018,3,4,8.07700875279807,6.531802396223878,1.5452063565741927
FBgn0014018,4,5,7.5812941421004005,6.531802396223878,1.049491745876523
FBgn0014018,5,6,7.278944425484506,6.531802396223878,0.7471420292606288
FBgn0014018,6,7,7.437454794904716,6.531802396223878,0.9056523986808385
FBgn0014018,8,8,7.502414562321207,6.531802396223878,0.9706121660973297
FBgn0014018,10,9,7.4703178153766,6.531802396223878,0.9385154191527221
FBgn0014018,12,10,7.533746263156134,6.531802396223878,1.0019438669322565
FBgn0014018,14,11,7.0801691293474445,6.531802396223878,0.5483667331235669
FBgn0014018,16,12,7.1005049103780085,6.531802396223878,0.5687025141541309
FBgn0014018,20,13,7.518570373502879,6.531802396223878,0.9867679772790012
FBgn0014018,24,14,7.082098336762547,6.531802396223878,0.5502959405386694
FBgn0014018,30,15,7.560692142423023,6.531802396223878,1.0288897461991455
FBgn0014018,36,16,7.407514553764161,6.531802396223878,0.8757121575402831
FBgn0014018,42,17,7.41570505756104,6.531802396223878,0.8839026613371628
FBgn0014018,48,18,7.526286662379676,6.531802396223878,0.9944842661557987
FBgn0014018,72,19,7.530449437839063,6.531802396223878,0.9986470416151851
FBgn0014018,96,20,7.882500670560065,6.531802396223878,1.350698274336187
FBgn0014018,120,21,7.529623775591445,6.531802396223878,0.9978213793675677
FBgn0014031,1,2,6.622028566157075,6.740954864000015,-0.11892629784293973
FBgn0014031,2,3,6.235644087089485,6.740954864000015,-0.5053107769105303
FBgn0014031,3,4,5.548928458257279,6.740954864000015,-1.1920264057427357
FBgn0014031,4,5,5.708044047624295,6.740954864000015,-1.0329108163757201
FBgn0014031,5,6,5.883470466138023,6.740954864000015,-0.8574843978619917
FBgn0014031,6,7,5.666224807062329,6.740954864000015,-1.0747300569376863
FBgn0014031,8,8,5.836069393823479,6.740954864000015,-0.9048854701765361
FBgn0014031,10,9,6.429837990381785,6.740954864000015,-0.31111687361823037
FBgn0014031,12,10,6.632891419656623,6.740954864000015,-0.10806344434339188
FBgn0014031,14,11,6.664166929896348,6.740954864000015,-0.0767879341036668
FBgn0014031,16,12,6.923381037858399,6.740954864000015,0.1824261738583841
FBgn0014031,20,13,6.972704976091447,6.740954864000015,0.23175011209143204
FBgn0014031,24,14,7.022601567663334,6.740954864000015,0.281646703663319
FBgn0014031,30,15,7.013892574034663,6.740954864000015,0.27293771003464773
FBgn0014031,36,16,7.027409383424677,6.740954864000015,0.2864545194246624
FBgn0014031,42,17,7.097017963931361,6.740954864000015,0.35606309993134566
FBgn0014031,48,18,7.325571709008454,6.740954864000015,0.5846168450084388
FBgn0014031,72,19,7.565337122241672,6.740954864000015,0.8243822582416573
FBgn0014031,96,20,7.869579034339969,6.740954864000015,1.128624170339954
FBgn0014031,120,21,7.778549375121552,6.740954864000015,1.0375945111215374
FBgn0014396,1,2,6.117920036956271,7.001354484458391,-0.8834344475021201
FBgn0014396,2,3,5.887978633572997,7.001354484458391,-1.1133758508853937
FBgn0014396,3,4,5.4606672834548,7.001354484458391,-1.5406872010035908
FBgn0014396,4,5,5.949409677962288,7.001354484458391,-1.0519448064961026
FBgn0014396,5,6,6.115018858506559,7.001354484458391,-0.8863356259518316
FBgn0014396,6,7,6.927828570241082,7.001354484458391,-0.07352591421730903
FBgn0014396,8,8,8.226992958153033,7.001354484458391,1.2256384736946426
FBgn0014396,10,9,8.832182202390312,7.001354484458391,1.8308277179319212
FBgn0014396,12,10,9.122526636158966,7.001354484458391,2.1211721517005753
FBgn0014396,14,11,9.56423396023493,7.001354484458391,2.5628794757765387
FBgn0014396,16,12,9.575414849993505,7.001354484458391,2.5740603655351144
FBgn0014396,20,13,8.952486338759329,7.001354484458391,1.9511318543009377
FBgn0014396,24,14,6.461266303080572,7.001354484458391,-0.5400881813778184
FBgn0014396,30,15,6.869369073781851,7.001354484458391,-0.13198541067654013
FBgn0014396,36,16,9.434832443970558,7.001354484458391,2.4334779595121674
FBgn0014396,42,17,9.526019798986237,7.001354484458391,2.524665314527846
FBgn0014396,48,18,7.0862563663179134,7.001354484458391,0.08490188185952263
FBgn0014396,72,19,6.676185827074988,7.001354484458391,-0.3251686573834025
FBgn0014396,96,20,7.121218224221831,7.001354484458391,0.11986373976344034
FBgn0014396,120,21,6.694747278535141,7.001354484458391,-0.30660720592324964
FBgn0014859,1,2,6.33718816390479,3.14527928083075,3.1919088830740394
FBgn0014859,2,3,5.193768783175701,3.14527928083075,2.0484895023449505
FBgn0014859,3,4,4.928346982912435,3.14527928083075,1.7830677020816852
FBgn0014859,4,5,4.012829053805061,3.14527928083075,0.8675497729743107
FBgn0014859,5,6,3.509700987822683,3.14527928083075,0.36442170699193266
FBgn0014859,6,7,3.774502071233692,3.14527928083075,0.6292227904029417
FBgn0014859,8,8,3.5387306103458496,3.14527928083075,0.3934513295150994
FBgn0014859,10,9,3.4877088541731345,3.14527928083075,0.34242957334238433
FBgn0014859,12,10,3.4712419925837787,3.14527928083075,0.3259627117530286
FBgn0014859,14,11,3.151656315636418,3.14527928083075,0.006377034805667758
FBgn0014859,16,12,3.0722202333711692,3.14527928083075,-0.07305904745958092
FBgn0014859,20,13,3.029963442409384,3.14527928083075,-0.11531583842136595
FBgn0014859,24,14,3.37064968571131,3.14527928083075,0.22537040488056004
FBgn0014859,30,15,3.335903021847354,3.14527928083075,0.19062374101660406
FBgn0014859,36,16,3.5686767077531556,3.14527928083075,0.42339742692240545
FBgn0014859,42,17,2.7724674337881687,3.14527928083075,-0.3728118470425814
FBgn0014859,48,18,3.381738328053661,3.14527928083075,0.2364590472229109
FBgn0014859,72,19,3.3633307314625696,3.14527928083075,0.2180514506318194
FBgn0014859,96,20,3.206198691834012,3.14527928083075,0.060919411003261814
FBgn0014859,120,21,3.322799314942941,3.14527928083075,0.17752003411219075
FBgn0014865,1,2,6.890820460885243,2.853295657180215,4.037524803705027
FBgn0014865,2,3,7.4760217330228596,2.853295657180215,4.622726075842644
FBgn0014865,3,4,7.75513440217838,2.853295657180215,4.901838744998166
FBgn0014865,4,5,8.5207105759116,2.853295657180215,5.667414918731385
FBgn0014865,5,6,9.076064391728107,2.853295657180215,6.222768734547891
FBgn0014865,6,7,8.985162527546294,2.853295657180215,6.131866870366078
FBgn0014865,8,8,9.33042997894416,2.853295657180215,6.477134321763945
FBgn0014865,10,9,8.752791856075255,2.853295657180215,5.89949619889504
FBgn0014865,12,10,9.033592066642623,2.853295657180215,6.180296409462407
FBgn0014865,14,11,8.797973134220154,2.853295657180215,5.944677477039939
FBgn0014865,16,12,8.38061875447277,2.853295657180215,5.527323097292555
FBgn0014865,20,13,9.061749227351779,2.853295657180215,6.208453570171564
FBgn0014865,24,14,6.919830428565251,2.853295657180215,4.066534771385037
FBgn0014865,30,15,9.531232391051851,2.853295657180215,6.677936733871636
FBgn0014865,36,16,8.34877936281712,2.853295657180215,5.4954837056369055
FBgn0014865,42,17,8.733219165329654,2.853295657180215,5.879923508149439
FBgn0014865,48,18,8.21359749297531,2.853295657180215,5.360301835795095
FBgn0014865,72,19,8.334306689785617,2.853295657180215,5.481011032605402
FBgn0014865,96,20,7.810294566404618,2.853295657180215,4.956998909224403
FBgn0014865,120,21,7.478758940594872,2.853295657180215,4.625463283414657
FBgn0015316,1,2,3.368245139450564,2.247756605393877,1.1204885340566868
FBgn0015316,2,3,3.97956352577552,2.247756605393877,1.731806920381643
FBgn0015316,3,4,3.757813335351091,2.247756605393877,1.5100567299572139
FBgn0015316,4,5,4.197435251744672,2.247756605393877,1.9496786463507947
FBgn0015316,5,6,4.101660368885677,2.247756605393877,1.8539037634918003
FBgn0015316,6,7,3.667507101865106,2.247756605393877,1.419750496471229
FBgn0015316,8,8,2.8578304374340693,2.247756605393877,0.6100738320401922
FBgn0015316,10,9,2.7444415582872637,2.247756605393877,0.49668495289338654
FBgn0015316,12,10,3.574924203856919,2.247756605393877,1.327167598463042
FBgn0015316,14,11,4.985853499075464,2.247756605393877,2.738096893681587
FBgn0015316,16,12,4.116862115600888,2.247756605393877,1.869105510207011
FBgn0015316,20,13,2.8420660010787175,2.247756605393877,0.5943093956848404
FBgn0015316,24,14,2.3005042266224214,2.247756605393877,0.05274762122854426
FBgn0015316,30,15,2.800680432181881,2.247756605393877,0.5529238267880037
FBgn0015316,36,16,3.557138388416056,2.247756605393877,1.3093817830221788
FBgn0015316,42,17,3.2456090400477144,2.247756605393877,0.9978524346538373
FBgn0015316,48,18,2.7835627264683147,2.247756605393877,0.5358061210744376
FBgn0015316,72,19,2.8492064339708154,2.247756605393877,0.6014498285769383
FBgn0015316,96,20,2.5407097164169308,2.247756605393877,0.29295311102305366
FBgn0015316,120,21,2.6197466158801364,2.247756605393877,0.37199001048625924
FBgn0015570,1,2,4.0512522648181,4.233148847385244,-0.18189658256714392
FBgn0015570,2,3,3.72194497132491,4.233148847385244,-0.5112038760603337
FBgn0015570,3,4,2.2747220106759323,4.233148847385244,-1.9584268367093114
FBgn0015570,4,5,2.4331245954056424,4.233148847385244,-1.8000242519796013
FBgn0015570,5,6,2.5505851759710145,4.233148847385244,-1.6825636714142291
FBgn0015570,6,7,2.4084250041706357,4.233148847385244,-1.824723843214608
FBgn0015570,8,8,3.0816749218890367,4.233148847385244,-1.151473925496207
FBgn0015570,10,9,4.1599315893007365,4.233148847385244,-0.07321725808450719
FBgn0015570,12,10,4.58080313812701,4.233148847385244,0.3476542907417661
FBgn0015570,14,11,4.665117666533681,4.233148847385244,0.43196881914843743
FBgn0015570,16,12,4.6245371581040065,4.233148847385244,0.3913883107187628
FBgn0015570,20,13,4.223424264260924,4.233148847385244,-0.009724583124319786
FBgn0015570,24,14,4.321570701811813,4.233148847385244,0.08842185442656891
FBgn0015570,30,15,4.710374871788929,4.233148847385244,0.4772260244036852
FBgn0015570,36,16,4.674171629740705,4.233148847385244,0.44102278235546155
FBgn0015570,42,17,4.458999433030143,4.233148847385244,0.22585058564489913
FBgn0015570,48,18,4.690925084155511,4.233148847385244,0.45777623677026735
FBgn0015570,72,19,4.665594287925007,4.233148847385244,0.4324454405397633
FBgn0015570,96,20,4.542281149114839,4.233148847385244,0.30913230172959505
FBgn0015570,120,21,4.496906290586142,4.233148847385244,0.2637574432008982
FBgn0015586,1,2,8.264161897930384,8.609221160427598,-0.3450592624972142
FBgn0015586,2,3,8.470555916593417,8.609221160427598,-0.13866524383418088
FBgn0015586,3,4,8.682887418417431,8.609221160427598,0.07366625798983328
FBgn0015586,4,5,8.120825442677896,8.609221160427598,-0.48839571774970203
FBgn0015586,5,6,8.270670762381817,8.609221160427598,-0.3385503980457809
FBgn0015586,6,7,8.069749821068454,8.609221160427598,-0.5394713393591442
FBgn0015586,8,8,7.943238529939206,8.609221160427598,-0.6659826304883918
FBgn0015586,10,9,7.868763311221462,8.609221160427598,-0.7404578492061358
FBgn0015586,12,10,8.106710345349526,8.609221160427598,-0.5025108150780717
FBgn0015586,14,11,7.98363431329309,8.609221160427598,-0.6255868471345085
FBgn0015586,16,12,7.677703872554009,8.609221160427598,-0.9315172878735893
FBgn0015586,20,13,7.729394839036578,8.609221160427598,-0.87982632139102
FBgn0015586,24,14,8.277939804836386,8.609221160427598,-0.3312813555912122
FBgn0015586,30,15,7.913533979941112,8.609221160427598,-0.6956871804864857
FBgn0015586,36,16,7.709106137584504,8.609221160427598,-0.9001150228430941
FBgn0015586,42,17,7.353888671217691,8.609221160427598,-1.2553324892099074
FBgn0015586,48,18,7.656097316645955,8.609221160427598,-0.9531238437816434
FBgn0015586,72,19,7.468963275991435,8.609221160427598,-1.1402578844361635
FBgn0015586,96,20,6.889041894885324,8.609221160427598,-1.7201792655422743
FBgn0015586,120,21,7.113084604009611,8.609221160427598,-1.4961365564179872
FBgn0016075,1,2,5.44479859359055,5.704407264457445,-0.25960867086689543
FBgn0016075,2,3,5.288179345794349,5.704407264457445,-0.41622791866309594
FBgn0016075,3,4,4.803424444825227,5.704407264457445,-0.900982819632218
FBgn0016075,4,5,5.175094660261953,5.704407264457445,-0.5293126041954919
FBgn0016075,5,6,5.194898917187031,5.704407264457445,-0.5095083472704145
FBgn0016075,6,7,5.743299466709715,5.704407264457445,0.03889220225226975
FBgn0016075,8,8,6.2935218332807406,5.704407264457445,0.5891145688232955
FBgn0016075,10,9,6.777860201867348,5.704407264457445,1.073452937409903
FBgn0016075,12,10,6.907934897380008,5.704407264457445,1.2035276329225626
FBgn0016075,14,11,6.47860790829636,5.704407264457445,0.7742006438389151
FBgn0016075,16,12,6.443268735658043,5.704407264457445,0.7388614712005976
FBgn0016075,20,13,6.391813900032034,5.704407264457445,0.6874066355745887
FBgn0016075,24,14,6.4689729496531285,5.704407264457445,0.7645656851956835
FBgn0016075,30,15,6.618308142007787,5.704407264457445,0.9139008775503417
FBgn0016075,36,16,6.322585759664314,5.704407264457445,0.6181784952068687
FBgn0016075,42,17,6.20865606256294,5.704407264457445,0.504248798105495
FBgn0016075,48,18,5.963099981313281,5.704407264457445,0.25869271685583595
FBgn0016075,72,19,5.785104309129444,5.704407264457445,0.08069704467199923
FBgn0016075,96,20,6.29071913146783,5.704407264457445,0.5863118670103846
FBgn0016075,120,21,6.157622246989019,5.704407264457445,0.45321498253157433
FBgn0016076,1,2,6.236951265030512,5.657896567468335,0.5790546975621771
FBgn0016076,2,3,6.059541188750787,5.657896567468335,0.40164462128245226
FBgn0016076,3,4,5.8049939197555736,5.657896567468335,0.14709735228723897
FBgn0016076,4,5,6.120148112394245,5.657896567468335,0.4622515449259108
FBgn0016076,5,6,5.877224632305527,5.657896567468335,0.21932806483719247
FBgn0016076,6,7,6.581806126703717,5.657896567468335,0.9239095592353825
FBgn0016076,8,8,7.146207548869026,5.657896567468335,1.4883109814006916
FBgn0016076,10,9,7.750425361986784,5.657896567468335,2.092528794518449
FBgn0016076,12,10,8.120321472958823,5.657896567468335,2.4624249054904883
FBgn0016076,14,11,8.146013725021128,5.657896567468335,2.488117157552793
FBgn0016076,16,12,7.8010588319333465,5.657896567468335,2.143162264465012
FBgn0016076,20,13,6.435545258489622,5.657896567468335,0.7776486910212874
FBgn0016076,24,14,5.776770112069123,5.657896567468335,0.11887354460078825
FBgn0016076,30,15,6.369572265586154,5.657896567468335,0.7116756981178192
FBgn0016076,36,16,8.174536064036989,5.657896567468335,2.5166394965686543
FBgn0016076,42,17,6.741655195608894,5.657896567468335,1.0837586281405596
FBgn0016076,48,18,6.025561084198966,5.657896567468335,0.36766451673063116
FBgn0016076,72,19,5.933214292619586,5.657896567468335,0.2753177251512513
FBgn0016076,96,20,6.1877747275693284,5.657896567468335,0.5298781601009939
FBgn0016076,120,21,5.812915662653907,5.657896567468335,0.15501909518557255
FBgn0016694,1,2,7.541187885431519,7.376433426418395,0.1647544590131238
FBgn0016694,2,3,7.430839233551,7.376433426418395,0.054405807132604345
FBgn0016694,3,4,7.443022606767428,7.376433426418395,0.06658918034903305
FBgn0016694,4,5,7.3548049692655955,7.376433426418395,-0.021628457152799818
FBgn0016694,5,6,7.217708021394291,7.376433426418395,-0.15872540502410448
FBgn0016694,6,7,7.579582364161743,7.376433426418395,0.20314893774334752
FBgn0016694,8,8,7.9943431133452805,7.376433426418395,0.6179096869268852
FBgn0016694,10,9,8.464765078717456,7.376433426418395,1.0883316522990603
FBgn0016694,12,10,8.83083006636576,7.376433426418395,1.4543966399473645
FBgn0016694,14,11,9.093548030909705,7.376433426418395,1.71711460449131
FBgn0016694,16,12,8.800195521794517,7.376433426418395,1.423762095376122
FBgn0016694,20,13,7.9221346243403445,7.376433426418395,0.5457011979219493
FBgn0016694,24,14,7.477283407176133,7.376433426418395,0.10084998075773743
FBgn0016694,30,15,7.652483374426076,7.376433426418395,0.2760499480076808
FBgn0016694,36,16,9.120147283437012,7.376433426418395,1.7437138570186166
FBgn0016694,42,17,8.382320982766608,7.376433426418395,1.0058875563482124
FBgn0016694,48,18,7.621287184673809,7.376433426418395,0.244853758255414
FBgn0016694,72,19,7.62441403615743,7.376433426418395,0.24798060973903446
FBgn0016694,96,20,7.571664759121804,7.376433426418395,0.19523133270340853
FBgn0016694,120,21,7.6434750277456995,7.376433426418395,0.26704160132730426
FBgn0019928,1,2,2.819729552014417,5.073782247793446,-2.254052695779029
FBgn0019928,2,3,3.8289105143187028,5.073782247793446,-1.244871733474743
FBgn0019928,3,4,4.114028496305197,5.073782247793446,-0.9597537514882486
FBgn0019928,4,5,4.637060510882831,5.073782247793446,-0.43672173691061467
FBgn0019928,5,6,4.312415374264425,5.073782247793446,-0.7613668735290204
FBgn0019928,6,7,3.824168867271257,5.073782247793446,-1.249613380522189
FBgn0019928,8,8,4.312132013930356,5.073782247793446,-0.7616502338630902
FBgn0019928,10,9,4.787812676584101,5.073782247793446,-0.2859695712093444
FBgn0019928,12,10,5.210998286190248,5.073782247793446,0.13721603839680263
FBgn0019928,14,11,5.383532209216661,5.073782247793446,0.30974996142321487
FBgn0019928,16,12,5.296940520331956,5.073782247793446,0.22315827253851062
FBgn0019928,20,13,4.5487481417491225,5.073782247793446,-0.5250341060443233
FBgn0019928,24,14,5.098381940834598,5.073782247793446,0.024599693041151838
FBgn0019928,30,15,4.871348677082854,5.073782247793446,-0.20243357071059176
FBgn0019928,36,16,5.629210092904566,5.073782247793446,0.5554278451111205
FBgn0019928,42,17,5.472253080337959,5.073782247793446,0.398470832544513
FBgn0019928,48,18,4.981367499224895,5.073782247793446,-0.09241474856855092
FBgn0019928,72,19,4.9560316040690084,5.073782247793446,-0.11775064372443733
FBgn0019928,96,20,4.686012014372642,5.073782247793446,-0.3877702334208042
FBgn0019928,120,21,5.165345309166727,5.073782247793446,0.0915630613732814
FBgn0020385,1,2,7.920585651406704,7.748064962361198,0.17252068904550555
FBgn0020385,2,3,7.696346584326492,7.748064962361198,-0.051718378034705914
FBgn0020385,3,4,6.9781041690818935,7.748064962361198,-0.7699607932793047
FBgn0020385,4,5,6.94960076639742,7.748064962361198,-0.7984641959637777
FBgn0020385,5,6,6.69612779533877,7.748064962361198,-1.0519371670224285
FBgn0020385,6,7,6.6759374659651165,7.748064962361198,-1.0721274963960816
FBgn0020385,8,8,7.11051359739535,7.748064962361198,-0.637551364965848
FBgn0020385,10,9,7.629686736581798,7.748064962361198,-0.11837822577940038
FBgn0020385,12,10,7.627071070674582,7.748064962361198,-0.12099389168661645
FBgn0020385,14,11,7.296433405964218,7.748064962361198,-0.45163155639697994
FBgn0020385,16,12,7.550852112014639,7.748064962361198,-0.1972128503465589
FBgn0020385,20,13,7.94507545785674,7.748064962361198,0.19701049549554206
FBgn0020385,24,14,8.149933486615158,7.748064962361198,0.4018685242539597
FBgn0020385,30,15,8.331474312080179,7.748064962361198,0.5834093497189805
FBgn0020385,36,16,8.149706887342466,7.748064962361198,0.40164192498126816
FBgn0020385,42,17,8.120196236872655,7.748064962361198,0.37213127451145667
FBgn0020385,48,18,8.695334186511612,7.748064962361198,0.9472692241504141
FBgn0020385,72,19,9.155385194671727,7.748064962361198,1.4073202323105285
FBgn0020385,96,20,9.45797777128751,7.748064962361198,1.7099128089263118
FBgn0020385,120,21,9.449370257081977,7.748064962361198,1.701305294720779
FBgn0020506,1,2,3.1873553918269932,3.7563184198502295,-0.5689630280232363
FBgn0020506,2,3,3.3026603908937044,3.7563184198502295,-0.4536580289565251
FBgn0020506,3,4,2.976339425169208,3.7563184198502295,-0.7799789946810214
FBgn0020506,4,5,3.248094895411317,3.7563184198502295,-0.5082235244389124
FBgn0020506,5,6,3.3577108996492404,3.7563184198502295,-0.3986075202009891
FBgn0020506,6,7,2.4666996123558587,3.7563184198502295,-1.2896188074943709
FBgn0020506,8,8,2.7256273882533915,3.7563184198502295,-1.030691031596838
FBgn0020506,10,9,3.83395705614171,3.7563184198502295,0.07763863629148027
FBgn0020506,12,10,4.12592332966994,3.7563184198502295,0.36960490981971006
FBgn0020506,14,11,3.538508187785645,3.7563184198502295,-0.2178102320645845
FBgn0020506,16,12,3.681870751025714,3.7563184198502295,-0.07444766882451548
FBgn0020506,20,13,3.693263875983705,3.7563184198502295,-0.06305454386652443
FBgn0020506,24,14,4.447172961205725,3.7563184198502295,0.6908545413554954
FBgn0020506,30,15,5.0794619284167535,3.7563184198502295,1.323143508566524
FBgn0020506,36,16,4.785255176821497,3.7563184198502295,1.0289367569712677
FBgn0020506,42,17,4.542742817963111,3.7563184198502295,0.7864243981128816
FBgn0020506,48,18,4.872491792964928,3.7563184198502295,1.116173373114698
FBgn0020506,72,19,5.594552478823555,3.7563184198502295,1.8382340589733257
FBgn0020506,96,20,4.693064353716248,3.7563184198502295,0.9367459338660185
FBgn0020506,120,21,5.4174618408257995,3.7563184198502295,1.66114342097557
FBgn0020509,1,2,8.467606291119534,8.825353381599186,-0.35774709047965203
FBgn0020509,2,3,8.693209780871204,8.825353381599186,-0.13214360072798215
FBgn0020509,3,4,9.023147749487096,8.825353381599186,0.19779436788791038
FBgn0020509,4,5,8.466860143298192,8.825353381599186,-0.3584932383009942
FBgn0020509,5,6,8.763154979077683,8.825353381599186,-0.06219840252150277
FBgn0020509,6,7,8.319387470683804,8.825353381599186,-0.505965910915382
FBgn0020509,8,8,8.128614998627254,8.825353381599186,-0.6967383829719314
FBgn0020509,10,9,7.998748957747872,8.825353381599186,-0.8266044238513137
FBgn0020509,12,10,8.199135659958486,8.825353381599186,-0.6262177216406997
FBgn0020509,14,11,8.18377199705814,8.825353381599186,-0.6415813845410465
FBgn0020509,16,12,8.107301900299813,8.825353381599186,-0.7180514812993728
FBgn0020509,20,13,8.105456828178832,8.825353381599186,-0.7198965534203534
FBgn0020509,24,14,8.396765065742494,8.825353381599186,-0.42858831585669144
FBgn0020509,30,15,7.973752235306213,8.825353381599186,-0.8516011462929729
FBgn0020509,36,16,7.916494802988303,8.825353381599186,-0.9088585786108831
FBgn0020509,42,17,7.901933928762572,8.825353381599186,-0.9234194528366135
FBgn0020509,48,18,7.761434984177596,8.825353381599186,-1.06391839742159
FBgn0020509,72,19,7.416876686334648,8.825353381599186,-1.4084766952645378
FBgn0020509,96,20,7.023404869549582,8.825353381599186,-1.801948512049604
FBgn0020509,120,21,7.117617244424856,8.825353381599186,-1.7077361371743294
FBgn0020513,1,2,8.232812432655077,7.907685746601109,0.32512668605396833
FBgn0020513,2,3,8.235885094687017,7.907685746601109,0.3281993480859082
FBgn0020513,3,4,7.807797019815511,7.907685746601109,-0.0998887267855979
FBgn0020513,4,5,7.866221816358612,7.907685746601109,-0.041463930242496616
FBgn0020513,5,6,7.655878586575983,7.907685746601109,-0.25180716002512593
FBgn0020513,6,7,7.895418795659836,7.907685746601109,-0.012266950941272725
FBgn0020513,8,8,7.912019368556823,7.907685746601109,0.004333621955714406
FBgn0020513,10,9,8.322722937349772,7.907685746601109,0.41503719074866297
FBgn0020513,12,10,8.246621559892324,7.907685746601109,0.338935813291215
FBgn0020513,14,11,8.206324169613362,7.907685746601109,0.2986384230122532
FBgn0020513,16,12,8.312325582808278,7.907685746601109,0.4046398362071688
FBgn0020513,20,13,8.328654121125897,7.907685746601109,0.4209683745247883
FBgn0020513,24,14,8.443813509842384,7.907685746601109,0.5361277632412751
FBgn0020513,30,15,8.80744738990253,7.907685746601109,0.8997616433014208
FBgn0020513,36,16,8.844892384304952,7.907685746601109,0.9372066377038433
FBgn0020513,42,17,8.532604888669855,7.907685746601109,0.6249191420687463
FBgn0020513,48,18,9.108131870054361,7.907685746601109,1.2004461234532524
FBgn0020513,72,19,9.217985023294087,7.907685746601109,1.3102992766929784
FBgn0020513,96,20,9.369574212170411,7.907685746601109,1.4618884655693023
FBgn0020513,120,21,9.457727084612673,7.907685746601109,1.5500413380115639
FBgn0020906,1,2,2.6526179191839017,2.470324710751581,0.18229320843232077
FBgn0020906,2,3,2.6149966916619127,2.470324710751581,0.14467198091033184
FBgn0020906,3,4,3.3708674488399377,2.470324710751581,0.9005427380883568
FBgn0020906,4,5,4.103382062550327,2.470324710751581,1.6330573517987457
FBgn0020906,5,6,3.4221125216778683,2.470324710751581,0.9517878109262874
FBgn0020906,6,7,3.062108430254388,2.470324710751581,0.5917837195028071
FBgn0020906,8,8,3.9951845685248033,2.470324710751581,1.5248598577732224
FBgn0020906,10,9,4.44944169343216,2.470324710751581,1.979116982680579
FBgn0020906,12,10,4.693745347645942,2.470324710751581,2.223420636894361
FBgn0020906,14,11,3.9922595730423813,2.470324710751581,1.5219348622908004
FBgn0020906,16,12,3.400270825253461,2.470324710751581,0.9299461145018801
FBgn0020906,20,13,3.1484468449706853,2.470324710751581,0.6781221342191044
FBgn0020906,24,14,6.193791028171146,2.470324710751581,3.7234663174195655
FBgn0020906,30,15,4.8116435966635915,2.470324710751581,2.3413188859120106
FBgn0020906,36,16,5.214735943505202,2.470324710751581,2.744411232753621
FBgn0020906,42,17,3.9955278745633165,2.470324710751581,1.5252031638117356
FBgn0020906,48,18,4.76258466040482,2.470324710751581,2.292259949653239
FBgn0020906,72,19,6.2985626178820375,2.470324710751581,3.8282379071304566
FBgn0020906,96,20,5.091046710386446,2.470324710751581,2.620721999634865
FBgn0020906,120,21,6.822834554081183,2.470324710751581,4.352509843329602
FBgn0020908,1,2,9.744570263889084,10.0718873055851,-0.3273170416960163
FBgn0020908,2,3,9.689387400135729,10.0718873055851,-0.3824999054493716
FBgn0020908,3,4,10.170248731804671,10.0718873055851,0.09836142621957045
FBgn0020908,4,5,9.621551275068,10.0718873055851,-0.4503360305171
FBgn0020908,5,6,9.66964888269105,10.0718873055851,-0.402238422894051
FBgn0020908,6,7,9.856264631555566,10.0718873055851,-0.21562267402953417
FBgn0020908,8,8,9.363651204392184,10.0718873055851,-0.7082361011929166
FBgn0020908,10,9,9.44547029213231,10.0718873055851,-0.6264170134527909
FBgn0020908,12,10,9.46438154820304,10.0718873055851,-0.6075057573820608
FBgn0020908,14,11,9.545226879378806,10.0718873055851,-0.5266604262062948
FBgn0020908,16,12,9.473316569505267,10.0718873055851,-0.598570736079834
FBgn0020908,20,13,9.183706994330409,10.0718873055851,-0.8881803112546915
FBgn0020908,24,14,9.51421255466642,10.0718873055851,-0.5576747509186806
FBgn0020908,30,15,9.185911259302003,10.0718873055851,-0.8859760462830977
FBgn0020908,36,16,9.210242884408334,10.0718873055851,-0.8616444211767664
FBgn0020908,42,17,9.006434272033403,10.0718873055851,-1.065453033551698
FBgn0020908,48,18,8.892470596223419,10.0718873055851,-1.179416709361682
FBgn0020908,72,19,8.428167943302917,10.0718873055851,-1.6437193622821837
FBgn0020908,96,20,8.333276158533451,10.0718873055851,-1.7386111470516497
FBgn0020908,120,21,7.976892810615746,10.0718873055851,-2.094994494969354
FBgn0022700,1,2,3.7718797328954885,3.3938076324490547,0.3780721004464338
FBgn0022700,2,3,4.564094175599501,3.3938076324490547,1.1702865431504463
FBgn0022700,3,4,4.896893208807122,3.3938076324490547,1.5030855763580675
FBgn0022700,4,5,5.070651327178493,3.3938076324490547,1.6768436947294383
FBgn0022700,5,6,4.541253534519307,3.3938076324490547,1.1474459020702525
FBgn0022700,6,7,6.251902597313631,3.3938076324490547,2.858094964864576
FBgn0022700,8,8,3.925699026013712,3.3938076324490547,0.5318913935646572
FBgn0022700,10,9,3.9796605380716024,3.3938076324490547,0.5858529056225477
FBgn0022700,12,10,4.7498646772686115,3.3938076324490547,1.3560570448195568
FBgn0022700,14,11,5.846960852481104,3.3938076324490547,2.453153220032049
FBgn0022700,16,12,3.306859307965712,3.3938076324490547,-0.08694832448334289
FBgn0022700,20,13,5.579785985731158,3.3938076324490547,2.1859783532821035
FBgn0022700,24,14,4.000557718537137,3.3938076324490547,0.6067500860880823
FBgn0022700,30,15,5.387333065473469,3.3938076324490547,1.9935254330244145
FBgn0022700,36,16,5.052730329128703,3.3938076324490547,1.6589226966796486
FBgn0022700,42,17,3.733386987753707,3.3938076324490547,0.33957935530465244
FBgn0022700,48,18,4.432220457425372,3.3938076324490547,1.0384128249763176
FBgn0022700,72,19,3.859007977296275,3.3938076324490547,0.4652003448472204
FBgn0022700,96,20,6.0695753383194635,3.3938076324490547,2.675767705870409
FBgn0022700,120,21,5.7657281093506185,3.3938076324490547,2.371920476901564
FBgn0023197,1,2,7.540289476516859,7.327861555942072,0.212427920574787
FBgn0023197,2,3,7.688515371146092,7.327861555942072,0.36065381520401996
FBgn0023197,3,4,7.9928278423216765,7.327861555942072,0.6649662863796042
FBgn0023197,4,5,7.896040144600904,7.327861555942072,0.5681785886588315
FBgn0023197,5,6,8.680557120888544,7.327861555942072,1.3526955649464716
FBgn0023197,6,7,8.201701998271712,7.327861555942072,0.87384044232964
FBgn0023197,8,8,8.407693747426546,7.327861555942072,1.0798321914844733
FBgn0023197,10,9,8.540586652847946,7.327861555942072,1.2127250969058734
FBgn0023197,12,10,8.473837709086414,7.327861555942072,1.1459761531443418
FBgn0023197,14,11,8.410046619105243,7.327861555942072,1.0821850631631706
FBgn0023197,16,12,8.375787802411235,7.327861555942072,1.0479262464691628
FBgn0023197,20,13,8.097373440787885,7.327861555942072,0.7695118848458131
FBgn0023197,24,14,8.15782909995778,7.327861555942072,0.8299675440157079
FBgn0023197,30,15,8.30853018247197,7.327861555942072,0.980668626529897
FBgn0023197,36,16,8.186855424359173,7.327861555942072,0.8589938684171008
FBgn0023197,42,17,7.989450931781906,7.327861555942072,0.6615893758398332
FBgn0023197,48,18,7.5636967027596125,7.327861555942072,0.23583514681754014
FBgn0023197,72,19,7.407768388865836,7.327861555942072,0.07990683292376399
FBgn0023197,96,20,6.78009865160624,7.327861555942072,-0.5477629043358325
FBgn0023197,120,21,6.672934535875732,7.327861555942072,-0.6549270200663404
FBgn0023495,1,2,0.25606141447544944,0.5803263233666083,-0.32426490889115883
FBgn0023495,2,3,0.6314498337710248,0.5803263233666083,0.05112351040441654
FBgn0023495,3,4,0.4896558378169332,0.5803263233666083,-0.09067048554967505
FBgn0023495,4,5,0.5714792024557946,0.5803263233666083,-0.008847120910813633
FBgn0023495,5,6,0.40360752916575515,0.5803263233666083,-0.17671879420085312
FBgn0023495,6,7,0.3811310026533451,0.5803263233666083,-0.19919532071326318
FBgn0023495,8,8,0.5308902760423039,0.5803263233666083,-0.0494360473243044
FBgn0023495,10,9,0.5559311650680256,0.5803263233666083,-0.02439515829858263
FBgn0023495,12,10,0.7099295965673266,0.5803263233666083,0.1296032732007183
FBgn0023495,14,11,0.30036661557313804,0.5803263233666083,-0.27995970779347024
FBgn0023495,16,12,0.5844719569196621,0.5803263233666083,0.004145633553053862
FBgn0023495,20,13,0.5085012100916404,0.5803263233666083,-0.07182511327496788
FBgn0023495,24,14,0.7576283738931652,0.5803263233666083,0.1773020505265569
FBgn0023495,30,15,1.2255812645750732,0.5803263233666083,0.6452549412084649
FBgn0023495,36,16,1.2362278641420064,0.5803263233666083,0.6559015407753981
FBgn0023495,42,17,0.7740246715517005,0.5803263233666083,0.19369834818509224
FBgn0023495,48,18,1.4125653714879114,0.5803263233666083,0.8322390481213031
FBgn0023495,72,19,2.648972939125546,0.5803263233666083,2.0686466157589374
FBgn0023495,96,20,2.084755797264946,0.5803263233666083,1.5044294738983377
FBgn0023495,120,21,2.7546784429041296,0.5803263233666083,2.174352119537521
FBgn0024289,1,2,8.315927716475542,8.603908465412974,-0.2879807489374322
FBgn0024289,2,3,7.9294836778531375,8.603908465412974,-0.674424787559837
FBgn0024289,3,4,7.322538864335358,8.603908465412974,-1.2813696010776168
FBgn0024289,4,5,7.1194441467506255,8.603908465412974,-1.484464318662349
FBgn0024289,5,6,7.255841156425615,8.603908465412974,-1.3480673089873596
FBgn0024289,6,7,6.413767700656153,8.603908465412974,-2.190140764756822
FBgn0024289,8,8,6.777646368006539,8.603908465412974,-1.8262620974064356
FBgn0024289,10,9,7.767000877783877,8.603908465412974,-0.8369075876290974
FBgn0024289,12,10,7.872470832347853,8.603908465412974,-0.7314376330651218
FBgn0024289,14,11,7.991963323074739,8.603908465412974,-0.6119451423382358
FBgn0024289,16,12,8.094714615926248,8.603908465412974,-0.5091938494867261
FBgn0024289,20,13,8.4403749590488,8.603908465412974,-0.16353350636417474
FBgn0024289,24,14,8.901645126098941,8.603908465412974,0.2977366606859668
FBgn0024289,30,15,9.187368277865398,8.603908465412974,0.5834598124524231
FBgn0024289,36,16,8.82100976488136,8.603908465412974,0.21710129946838563
FBgn0024289,42,17,9.143999707926447,8.603908465412974,0.5400912425134727
FBgn0024289,48,18,9.18876487071938,8.603908465412974,0.5848564053064056
FBgn0024289,72,19,9.69702710706549,8.603908465412974,1.0931186416525147
FBgn0024289,96,20,9.388562669965223,8.603908465412974,0.7846542045522487
FBgn0024289,120,21,9.735762758388539,8.603908465412974,1.1318542929755644
FBgn0025583,1,2,7.895848021344076,6.873098818752572,1.0227492025915037
FBgn0025583,2,3,9.039574010421376,6.873098818752572,2.1664751916688036
FBgn0025583,3,4,9.525590553120434,6.873098818752572,2.652491734367862
FBgn0025583,4,5,9.71823119100554,6.873098818752572,2.8451323722529676
FBgn0025583,5,6,9.704752756238904,6.873098818752572,2.8316539374863314
FBgn0025583,6,7,9.621938737654299,6.873098818752572,2.7488399189017265
FBgn0025583,8,8,9.668265808325732,6.873098818752572,2.7951669895731595
FBgn0025583,10,9,9.31420468796697,6.873098818752572,2.4411058692143985
FBgn0025583,12,10,8.657811266402852,6.873098818752572,1.7847124476502803
FBgn0025583,14,11,9.070241051151886,6.873098818752572,2.1971422323993135
FBgn0025583,16,12,9.28235779274868,6.873098818752572,2.409258973996108
FBgn0025583,20,13,9.271336036302127,6.873098818752572,2.398237217549555
FBgn0025583,24,14,8.002422975105414,6.873098818752572,1.1293241563528422
FBgn0025583,30,15,9.250648049014021,6.873098818752572,2.377549230261449
FBgn0025583,36,16,8.197743860730881,6.873098818752572,1.3246450419783091
FBgn0025583,42,17,9.208683009566963,6.873098818752572,2.335584190814391
FBgn0025583,48,18,7.755030773634537,6.873098818752572,0.8819319548819653
FBgn0025583,72,19,8.168802944771011,6.873098818752572,1.295704126018439
FBgn0025583,96,20,7.758679987110442,6.873098818752572,0.88558116835787
FBgn0025583,120,21,7.386406439725603,6.873098818752572,0.5133076209730305
FBgn0025680,1,2,7.3211206376299645,7.318784803560257,0.0023358340697070545
FBgn0025680,2,3,7.199012048649797,7.318784803560257,-0.11977275491046058
FBgn0025680,3,4,7.029212602054285,7.318784803560257,-0.2895722015059725
FBgn0025680,4,5,7.074406890216515,7.318784803560257,-0.24437791334374204
FBgn0025680,5,6,6.997703781172297,7.318784803560257,-0.3210810223879603
FBgn0025680,6,7,6.946747368583571,7.318784803560257,-0.3720374349766864
FBgn0025680,8,8,6.805505138890184,7.318784803560257,-0.5132796646700735
FBgn0025680,10,9,6.8344936143487125,7.318784803560257,-0.4842911892115449
FBgn0025680,12,10,6.596979685801043,7.318784803560257,-0.7218051177592146
FBgn0025680,14,11,5.760438255319313,7.318784803560257,-1.5583465482409444
FBgn0025680,16,12,5.199877539877164,7.318784803560257,-2.1189072636830932
FBgn0025680,20,13,6.436859216803941,7.318784803560257,-0.8819255867563163
FBgn0025680,24,14,7.559337729644353,7.318784803560257,0.24055292608409573
FBgn0025680,30,15,7.5536954468493835,7.318784803560257,0.23491064328912614
FBgn0025680,36,16,6.536129030948106,7.318784803560257,-0.7826557726121512
FBgn0025680,42,17,5.94153221561145,7.318784803560257,-1.3772525879488073
FBgn0025680,48,18,7.593463661678754,7.318784803560257,0.2746788581184969
FBgn0025680,72,19,7.737397982156218,7.318784803560257,0.4186131785959608
FBgn0025680,96,20,7.707474605527965,7.318784803560257,0.38868980196770764
FBgn0025680,120,21,7.808963869072532,7.318784803560257,0.4901790655122742
FBgn0026721,1,2,6.376202334672637,6.255507224551076,0.1206951101215612
FBgn0026721,2,3,6.099282193244759,6.255507224551076,-0.1562250313063167
FBgn0026721,3,4,5.292354158571696,6.255507224551076,-0.9631530659793803
FBgn0026721,4,5,5.482166023360705,6.255507224551076,-0.7733412011903713
FBgn0026721,5,6,5.449468430056919,6.255507224551076,-0.8060387944941567
FBgn0026721,6,7,5.153997315893682,6.255507224551076,-1.1015099086573938
FBgn0026721,8,8,5.502788846773717,6.255507224551076,-0.7527183777773594
FBgn0026721,10,9,6.115347859734495,6.255507224551076,-0.1401593648165811
FBgn0026721,12,10,6.356728466311305,6.255507224551076,0.10122124176022851
FBgn0026721,14,11,6.37544580432331,6.255507224551076,0.1199385797722341
FBgn0026721,16,12,6.665180583435941,6.255507224551076,0.40967335888486467
FBgn0026721,20,13,6.719968253845419,6.255507224551076,0.46446102929434296
FBgn0026721,24,14,6.779610882884456,6.255507224551076,0.52410365833338
FBgn0026721,30,15,6.789094796652908,6.255507224551076,0.5335875721018315
FBgn0026721,36,16,6.828906755023617,6.255507224551076,0.5733995304725408
FBgn0026721,42,17,6.991237230692747,6.255507224551076,0.7357300061416705
FBgn0026721,48,18,6.976278636235747,6.255507224551076,0.7207714116846713
FBgn0026721,72,19,7.031705756806144,6.255507224551076,0.7761985322550675
FBgn0026721,96,20,7.075639515841383,6.255507224551076,0.8201322912903066
FBgn0026721,120,21,7.091407932729782,6.255507224551076,0.8359007081787055
FBgn0026755,1,2,3.5852876490164345,3.8270237019635345,-0.2417360529471
FBgn0026755,2,3,3.0661946076481614,3.8270237019635345,-0.760829094315373
FBgn0026755,3,4,2.910017235351106,3.8270237019635345,-0.9170064666124285
FBgn0026755,4,5,2.9498575000335086,3.8270237019635345,-0.8771662019300259
FBgn0026755,5,6,3.278885420413237,3.8270237019635345,-0.5481382815502975
FBgn0026755,6,7,2.768710197883932,3.8270237019635345,-1.0583135040796026
FBgn0026755,8,8,2.7247561338106534,3.8270237019635345,-1.102267568152881
FBgn0026755,10,9,3.2905219823710103,3.8270237019635345,-0.5365017195925241
FBgn0026755,12,10,3.198953350178285,3.8270237019635345,-0.6280703517852495
FBgn0026755,14,11,3.574259140641851,3.8270237019635345,-0.25276456132168335
FBgn0026755,16,12,4.306351512585411,3.8270237019635345,0.47932781062187635
FBgn0026755,20,13,4.53772713395303,3.8270237019635345,0.7107034319894958
FBgn0026755,24,14,4.473476800143733,3.8270237019635345,0.6464530981801988
FBgn0026755,30,15,4.202395288268614,3.8270237019635345,0.37537158630507994
FBgn0026755,36,16,3.829626343774681,3.8270237019635345,0.0026026418111464444
FBgn0026755,42,17,5.109347847535789,3.8270237019635345,1.2823241455722543
FBgn0026755,48,18,4.511855754450267,3.8270237019635345,0.6848320524867328
FBgn0026755,72,19,5.097141970208851,3.8270237019635345,1.2701182682453163
FBgn0026755,96,20,4.65992190738925,3.8270237019635345,0.8328982054257152
FBgn0026755,120,21,5.140042869979981,3.8270237019635345,1.3130191680164462
FBgn0027578,1,2,5.50462232385212,5.5027551530500824,0.0018671708020372435
FBgn0027578,2,3,5.511865839235619,5.5027551530500824,0.009110686185536565
FBgn0027578,3,4,5.172188734255488,5.5027551530500824,-0.3305664187945947
FBgn0027578,4,5,6.102151877894229,5.5027551530500824,0.599396724844147
FBgn0027578,5,6,6.587504651526173,5.5027551530500824,1.0847494984760901
FBgn0027578,6,7,6.715838869451863,5.5027551530500824,1.2130837164017807
FBgn0027578,8,8,7.263942643098076,5.5027551530500824,1.7611874900479938
FBgn0027578,10,9,7.516351082450468,5.5027551530500824,2.0135959294003856
FBgn0027578,12,10,7.410026481277004,5.5027551530500824,1.9072713282269218
FBgn0027578,14,11,6.719320931357638,5.5027551530500824,1.2165657783075554
FBgn0027578,16,12,6.764477980377128,5.5027551530500824,1.2617228273270458
FBgn0027578,20,13,6.527785615225825,5.5027551530500824,1.0250304621757422
FBgn0027578,24,14,6.039684242573001,5.5027551530500824,0.5369290895229186
FBgn0027578,30,15,6.4465542726115705,5.5027551530500824,0.9437991195614881
FBgn0027578,36,16,6.179856817076711,5.5027551530500824,0.6771016640266287
FBgn0027578,42,17,6.596389043655899,5.5027551530500824,1.0936338906058163
FBgn0027578,48,18,6.08008569024899,5.5027551530500824,0.5773305371989075
FBgn0027578,72,19,6.169937435052715,5.5027551530500824,0.6671822820026323
FBgn0027578,96,20,6.049525934003605,5.5027551530500824,0.5467707809535227
FBgn0027578,120,21,5.984851554027458,5.5027551530500824,0.48209640097737516
FBgn0027579,1,2,7.7657406947356336,7.8024723771900995,-0.0367316824544659
FBgn0027579,2,3,7.532806015301688,7.8024723771900995,-0.26966636188841164
FBgn0027579,3,4,6.820037878064846,7.8024723771900995,-0.9824344991252536
FBgn0027579,4,5,6.991695215700074,7.8024723771900995,-0.8107771614900257
FBgn0027579,5,6,6.575071094289651,7.8024723771900995,-1.2274012829004484
FBgn0027579,6,7,6.818241535456983,7.8024723771900995,-0.9842308417331163
FBgn0027579,8,8,6.963967245243569,7.8024723771900995,-0.8385051319465306
FBgn0027579,10,9,7.249180791816848,7.8024723771900995,-0.5532915853732518
FBgn0027579,12,10,7.391322418441078,7.8024723771900995,-0.4111499587490215
FBgn0027579,14,11,7.354686999126851,7.8024723771900995,-0.4477853780632488
FBgn0027579,16,12,7.460594445984196,7.8024723771900995,-0.3418779312059037
FBgn0027579,20,13,7.748308374694666,7.8024723771900995,-0.054164002495433294
FBgn0027579,24,14,7.959076442216633,7.8024723771900995,0.15660406502653323
FBgn0027579,30,15,7.7718749105255025,7.8024723771900995,-0.03059746666459695
FBgn0027579,36,16,8.033583311461513,7.8024723771900995,0.23111093427141327
FBgn0027579,42,17,7.909106712825495,7.8024723771900995,0.1066343356353956
FBgn0027579,48,18,8.346836759643399,7.8024723771900995,0.5443643824532991
FBgn0027579,72,19,8.567197236040153,7.8024723771900995,0.7647248588500535
FBgn0027579,96,20,8.724744589695526,7.8024723771900995,0.9222722125054261
FBgn0027579,120,21,8.547197226053324,7.8024723771900995,0.7447248488632248
FBgn0027584,1,2,6.537522517205383,5.640301005714765,0.8972215114906179
FBgn0027584,2,3,6.864537479074982,5.640301005714765,1.2242364733602171
FBgn0027584,3,4,7.005019869991233,5.640301005714765,1.364718864276468
FBgn0027584,4,5,6.648368625723264,5.640301005714765,1.0080676200084993
FBgn0027584,5,6,7.570153378483354,5.640301005714765,1.9298523727685897
FBgn0027584,6,7,7.324597629332914,5.640301005714765,1.684296623618149
FBgn0027584,8,8,8.165286287244498,5.640301005714765,2.524985281529734
FBgn0027584,10,9,7.968822455440726,5.640301005714765,2.3285214497259616
FBgn0027584,12,10,7.842167395251793,5.640301005714765,2.2018663895370283
FBgn0027584,14,11,7.912896655708204,5.640301005714765,2.2725956499934394
FBgn0027584,16,12,7.765763783605125,5.640301005714765,2.1254627778903608
FBgn0027584,20,13,8.215795795394946,5.640301005714765,2.5754947896801816
FBgn0027584,24,14,7.496468380682305,5.640301005714765,1.8561673749675407
FBgn0027584,30,15,8.544617198748078,5.640301005714765,2.9043161930333135
FBgn0027584,36,16,7.952284728370723,5.640301005714765,2.3119837226559588
FBgn0027584,42,17,9.169252138065165,5.640301005714765,3.5289511323504
FBgn0027584,48,18,7.47199383968176,5.640301005714765,1.8316928339669953
FBgn0027584,72,19,8.595432082188754,5.640301005714765,2.9551310764739895
FBgn0027584,96,20,7.606644172854292,5.640301005714765,1.9663431671395273
FBgn0027584,120,21,7.816050953257324,5.640301005714765,2.1757499475425597
FBgn0027657,1,2,7.413602046692439,7.54009253356584,-0.1264904868734007
FBgn0027657,2,3,7.059286742976489,7.54009253356584,-0.4808057905893506
FBgn0027657,3,4,6.564568162106,7.54009253356584,-0.9755243714598398
FBgn0027657,4,5,6.495435915332302,7.54009253356584,-1.044656618233538
FBgn0027657,5,6,6.6255726598320965,7.54009253356584,-0.9145198737337434
FBgn0027657,6,7,6.465183480345087,7.54009253356584,-1.074909053220753
FBgn0027657,8,8,6.460464525692419,7.54009253356584,-1.0796280078734206
FBgn0027657,10,9,6.883479823395263,7.54009253356584,-0.6566127101705765
FBgn0027657,12,10,7.008722294784339,7.54009253356584,-0.5313702387815011
FBgn0027657,14,11,7.282626799566268,7.54009253356584,-0.25746573399957207
FBgn0027657,16,12,7.586022395732247,7.54009253356584,0.04592986216640682
FBgn0027657,20,13,7.799685483925261,7.54009253356584,0.259592950359421
FBgn0027657,24,14,7.672757335384887,7.54009253356584,0.13266480181904683
FBgn0027657,30,15,7.452799976401197,7.54009253356584,-0.08729255716464301
FBgn0027657,36,16,7.480190354171775,7.54009253356584,-0.05990217939406506
FBgn0027657,42,17,8.002955416407312,7.54009253356584,0.46286288284147226
FBgn0027657,48,18,7.91357049259499,7.54009253356584,0.3734779590291497
FBgn0027657,72,19,7.92774371699624,7.54009253356584,0.3876511834303997
FBgn0027657,96,20,7.935074742945874,7.54009253356584,0.3949822093800339
FBgn0027657,120,21,8.072932078203792,7.54009253356584,0.5328395446379517
FBgn0028396,1,2,5.833722903600183,7.662864040535485,-1.8291411369353021
FBgn0028396,2,3,7.992563351692107,7.662864040535485,0.329699311156622
FBgn0028396,3,4,8.151430323214925,7.662864040535485,0.48856628267943947
FBgn0028396,4,5,9.509871050353134,7.662864040535485,1.8470070098176485
FBgn0028396,5,6,10.69018287721161,7.662864040535485,3.027318836676125
FBgn0028396,6,7,11.046324170464256,7.662864040535485,3.383460129928771
FBgn0028396,8,8,11.758472982216572,7.662864040535485,4.095608941681087
FBgn0028396,10,9,12.052211549051204,7.662864040535485,4.389347508515719
FBgn0028396,12,10,12.602885566277699,7.662864040535485,4.940021525742214
FBgn0028396,14,11,12.200760682257881,7.662864040535485,4.537896641722396
FBgn0028396,16,12,11.454819984529756,7.662864040535485,3.791955943994271
FBgn0028396,20,13,11.748463088490823,7.662864040535485,4.085599047955338
FBgn0028396,24,14,10.564423412362093,7.662864040535485,2.9015593718266075
FBgn0028396,30,15,10.701260244940308,7.662864040535485,3.0383962044048225
FBgn0028396,36,16,9.957016051411252,7.662864040535485,2.2941520108757665
FBgn0028396,42,17,9.749955853537097,7.662864040535485,2.087091813001612
FBgn0028396,48,18,8.783194038706535,7.662864040535485,1.1203299981710497
FBgn0028396,72,19,6.808217066416408,7.662864040535485,-0.8546469741190768
FBgn0028396,96,20,7.395830774394014,7.662864040535485,-0.26703326614147116
FBgn0028396,120,21,6.235910577352049,7.662864040535485,-1.4269534631834357
FBgn0028514,1,2,1.1801557135076393,1.380756335451821,-0.20060062194418182
FBgn0028514,2,3,1.2388864634754235,1.380756335451821,-0.14186987197639755
FBgn0028514,3,4,1.178136727040899,1.380756335451821,-0.2026196084109222
FBgn0028514,4,5,1.6257279985529953,1.380756335451821,0.24497166310117424
FBgn0028514,5,6,1.7008358762754336,1.380756335451821,0.32007954082361256
FBgn0028514,6,7,1.929726285013862,1.380756335451821,0.5489699495620408
FBgn0028514,8,8,1.8307404574155406,1.380756335451821,0.4499841219637195
FBgn0028514,10,9,1.7725747245111902,1.380756335451821,0.39181838905936917
FBgn0028514,12,10,1.4565819791807169,1.380756335451821,0.07582564372889578
FBgn0028514,14,11,1.21827457711385,1.380756335451821,-0.16248175833797118
FBgn0028514,16,12,1.1633286155772653,1.380756335451821,-0.21742771987455578
FBgn0028514,20,13,1.1835467508677817,1.380756335451821,-0.19720958458403937
FBgn0028514,24,14,0.9304149446363393,1.380756335451821,-0.45034139081548175
FBgn0028514,30,15,2.0996781746487887,1.380756335451821,0.7189218391969676
FBgn0028514,36,16,0.988860226919334,1.380756335451821,-0.39189610853248713
FBgn0028514,42,17,1.0581607659491594,1.380756335451821,-0.32259556950266166
FBgn0028514,48,18,0.6069607508434778,1.380756335451821,-0.7737955846083433
FBgn0028514,72,19,0.8924740619826064,1.380756335451821,-0.4882822734692147
FBgn0028514,96,20,1.1725002047771802,1.380756335451821,-0.20825613067464088
FBgn0028514,120,21,0.7424353523059158,1.380756335451821,-0.6383209831459052
FBgn0028519,1,2,0.41861427068540596,0.20688891044347205,0.21172536024193392
FBgn0028519,2,3,0.3786433785143295,0.20688891044347205,0.17175446807085745
FBgn0028519,3,4,0.43679736322523066,0.20688891044347205,0.22990845278175862
FBgn0028519,4,5,0.5829669044122269,0.20688891044347205,0.37607799396875485
FBgn0028519,5,6,0.48989222568287527,0.20688891044347205,0.28300331523940325
FBgn0028519,6,7,0.40067403803687296,0.20688891044347205,0.1937851275934009
FBgn0028519,8,8,0.1343205597316838,0.20688891044347205,-0.07256835071178824
FBgn0028519,10,9,0.22658656593875665,0.20688891044347205,0.0196976554952846
FBgn0028519,12,10,0.28846476377169694,0.20688891044347205,0.0815758533282249
FBgn0028519,14,11,0.20536289294174695,0.20688891044347205,-0.0015260175017250965
FBgn0028519,16,12,0.3685261224899005,0.20688891044347205,0.16163721204642847
FBgn0028519,20,13,0.2167596704152913,0.20688891044347205,0.009870759971819243
FBgn0028519,24,14,0.4462444215618324,0.20688891044347205,0.23935551111836037
FBgn0028519,30,15,0.9048403687881881,0.20688891044347205,0.6979514583447161
FBgn0028519,36,16,0.8957854019047041,0.20688891044347205,0.6888964914612321
FBgn0028519,42,17,0.6490766825701832,0.20688891044347205,0.44218777212671123
FBgn0028519,48,18,1.5894226412461536,0.20688891044347205,1.3825337308026815
FBgn0028519,72,19,2.6956845413680632,0.20688891044347205,2.4887956309245913
FBgn0028519,96,20,3.4730092861145607,0.20688891044347205,3.266120375671089
FBgn0028519,120,21,3.9981201221890803,0.20688891044347205,3.7912312117456084
FBgn0028532,1,2,3.211868755924648,2.879436441113591,0.33243231481105706
FBgn0028532,2,3,3.749670711672649,2.879436441113591,0.8702342705590578
FBgn0028532,3,4,3.479393643266923,2.879436441113591,0.5999572021533317
FBgn0028532,4,5,3.044879143467563,2.879436441113591,0.16544270235397196
FBgn0028532,5,6,3.7766702535471994,2.879436441113591,0.8972338124336083
FBgn0028532,6,7,3.486700030816311,2.879436441113591,0.6072635897027201
FBgn0028532,8,8,3.7635879099625607,2.879436441113591,0.8841514688489696
FBgn0028532,10,9,4.513438175218186,2.879436441113591,1.6340017341045945
FBgn0028532,12,10,4.564575923072427,2.879436441113591,1.685139481958836
FBgn0028532,14,11,4.496308994091215,2.879436441113591,1.6168725529776236
FBgn0028532,16,12,4.032792789464266,2.879436441113591,1.153356348350675
FBgn0028532,20,13,4.477076848612096,2.879436441113591,1.5976404074985053
FBgn0028532,24,14,4.506527822038096,2.879436441113591,1.6270913809245053
FBgn0028532,30,15,4.819111862786919,2.879436441113591,1.9396754216733276
FBgn0028532,36,16,4.776509603584158,2.879436441113591,1.8970731624705666
FBgn0028532,42,17,4.970719839784153,2.879436441113591,2.091283398670562
FBgn0028532,48,18,4.929267345839012,2.879436441113591,2.049830904725421
FBgn0028532,72,19,5.238272662955409,2.879436441113591,2.358836221841818
FBgn0028532,96,20,5.056995394164018,2.879436441113591,2.1775589530504273
FBgn0028532,120,21,5.087647585216155,2.879436441113591,2.208211144102564
FBgn0028533,1,2,6.88115764853894,7.29215456726757,-0.41099691872863
FBgn0028533,2,3,7.471246439930129,7.29215456726757,0.17909187266255877
FBgn0028533,3,4,7.226050247300886,7.29215456726757,-0.06610431996668353
FBgn0028533,4,5,7.224570012015187,7.29215456726757,-0.06758455525238283
FBgn0028533,5,6,8.032211078252875,7.29215456726757,0.7400565109853048
FBgn0028533,6,7,7.347166407010569,7.29215456726757,0.05501183974299906
FBgn0028533,8,8,7.849669122081327,7.29215456726757,0.557514554813757
FBgn0028533,10,9,8.400809431855919,7.29215456726757,1.108654864588349
FBgn0028533,12,10,8.433663037631359,7.29215456726757,1.1415084703637888
FBgn0028533,14,11,8.220044824880528,7.29215456726757,0.9278902576129582
FBgn0028533,16,12,8.01017424492908,7.29215456726757,0.7180196776615109
FBgn0028533,20,13,8.012485515689772,7.29215456726757,0.7203309484222018
FBgn0028533,24,14,8.176198916420928,7.29215456726757,0.8840443491533581
FBgn0028533,30,15,8.710954600133526,7.29215456726757,1.4188000328659562
FBgn0028533,36,16,8.820541902082098,7.29215456726757,1.5283873348145285
FBgn0028533,42,17,8.956368364038447,7.29215456726757,1.664213796770877
FBgn0028533,48,18,8.846664219903253,7.29215456726757,1.5545096526356836
FBgn0028533,72,19,9.235695038128139,7.29215456726757,1.9435404708605688
FBgn0028533,96,20,9.088526505709641,7.29215456726757,1.7963719384420713
FBgn0028533,120,21,8.99000660913897,7.29215456726757,1.6978520418713998
FBgn0028534,1,2,6.614931060089821,7.126346599427993,-0.5114155393381727
FBgn0028534,2,3,6.981899720142261,7.126346599427993,-0.14444687928573252
FBgn0028534,3,4,6.731599033240297,7.126346599427993,-0.39474756618769646
FBgn0028534,4,5,6.83599723910608,7.126346599427993,-0.2903493603219136
FBgn0028534,5,6,7.508056442546824,7.126346599427993,0.3817098431188306
FBgn0028534,6,7,6.865956796038871,7.126346599427993,-0.2603898033891223
FBgn0028534,8,8,7.432884122543527,7.126346599427993,0.3065375231155336
FBgn0028534,10,9,8.037741737977083,7.126346599427993,0.9113951385490893
FBgn0028534,12,10,7.946287824114641,7.126346599427993,0.819941224686648
FBgn0028534,14,11,7.801446800672888,7.126346599427993,0.675100201244895
FBgn0028534,16,12,7.846510276974522,7.126346599427993,0.7201636775465285
FBgn0028534,20,13,7.690453160091576,7.126346599427993,0.5641065606635829
FBgn0028534,24,14,7.93148445874942,7.126346599427993,0.8051378593214267
FBgn0028534,30,15,8.098004631099805,7.126346599427993,0.9716580316718115
FBgn0028534,36,16,8.01885304547849,7.126346599427993,0.892506446050497
FBgn0028534,42,17,8.16799633170008,7.126346599427993,1.0416497322720861
FBgn0028534,48,18,8.228698150971145,7.126346599427993,1.1023515515431512
FBgn0028534,72,19,8.188077042950713,7.126346599427993,1.0617304435227197
FBgn0028534,96,20,7.6358774683489425,7.126346599427993,0.5095308689209492
FBgn0028534,120,21,7.909997237900614,7.126346599427993,0.7836506384726203
FBgn0028537,1,2,1.8673809343243741,2.014888637267701,-0.1475077029433267
FBgn0028537,2,3,1.911142529925515,2.014888637267701,-0.10374610734218592
FBgn0028537,3,4,2.148912623471669,2.014888637267701,0.13402398620396827
FBgn0028537,4,5,2.9663698831674234,2.014888637267701,0.9514812458997226
FBgn0028537,5,6,3.5134701544318103,2.014888637267701,1.4985815171641095
FBgn0028537,6,7,4.868867055388536,2.014888637267701,2.8539784181208354
FBgn0028537,8,8,5.491956189782373,2.014888637267701,3.477067552514672
FBgn0028537,10,9,4.43543694130892,2.014888637267701,2.420548304041219
FBgn0028537,12,10,4.04780784536183,2.014888637267701,2.032919208094129
FBgn0028537,14,11,4.234900283902001,2.014888637267701,2.2200116466343003
FBgn0028537,16,12,2.332885734300005,2.014888637267701,0.31799709703230405
FBgn0028537,20,13,2.0412014132932126,2.014888637267701,0.02631277602551174
FBgn0028537,24,14,1.6397683986847287,2.014888637267701,-0.37512023858297217
FBgn0028537,30,15,2.3079170269596476,2.014888637267701,0.2930283896919468
FBgn0028537,36,16,1.9028485839030402,2.014888637267701,-0.11204005336466061
FBgn0028537,42,17,1.4923094352420951,2.014888637267701,-0.5225792020256057
FBgn0028537,48,18,1.52890035635414,2.014888637267701,-0.48598828091356094
FBgn0028537,72,19,1.347260996858077,2.014888637267701,-0.6676276404096237
FBgn0028537,96,20,1.1693672194927278,2.014888637267701,-0.845521417774973
FBgn0028537,120,21,1.2261565062199438,2.014888637267701,-0.7887321310477571
FBgn0028646,1,2,7.883475651486522,7.644176390106088,0.23929926138043456
FBgn0028646,2,3,7.665931459223688,7.644176390106088,0.02175506911760028
FBgn0028646,3,4,7.403538409407057,7.644176390106088,-0.24063798069903086
FBgn0028646,4,5,6.983275595070653,7.644176390106088,-0.6609007950354346
FBgn0028646,5,6,6.5442047572185675,7.644176390106088,-1.0999716328875202
FBgn0028646,6,7,6.692652087402105,7.644176390106088,-0.9515243027039828
FBgn0028646,8,8,6.796228453121586,7.644176390106088,-0.847947936984502
FBgn0028646,10,9,7.086299766270157,7.644176390106088,-0.5578766238359307
FBgn0028646,12,10,7.287644504392835,7.644176390106088,-0.35653188571325245
FBgn0028646,14,11,6.8283285222909935,7.644176390106088,-0.8158478678150942
FBgn0028646,16,12,7.169590825372845,7.644176390106088,-0.47458556473324265
FBgn0028646,20,13,7.77221405489559,7.644176390106088,0.12803766478950251
FBgn0028646,24,14,7.9474235501768336,7.644176390106088,0.3032471600707458
FBgn0028646,30,15,7.608512137543672,7.644176390106088,-0.03566425256241601
FBgn0028646,36,16,7.784881020425336,7.644176390106088,0.14070463031924785
FBgn0028646,42,17,8.027396230801148,7.644176390106088,0.38321984069506065
FBgn0028646,48,18,8.078048066593547,7.644176390106088,0.4338716764874597
FBgn0028646,72,19,8.165662290895089,7.644176390106088,0.5214859007890009
FBgn0028646,96,20,8.148995183798773,7.644176390106088,0.5048187936926851
FBgn0028646,120,21,8.157576601110513,7.644176390106088,0.5134002110044253
FBgn0028841,1,2,5.3336960873041885,2.1583560799850465,3.175340007319142
FBgn0028841,2,3,5.104747578392933,2.1583560799850465,2.9463914984078867
FBgn0028841,3,4,4.852177744262481,2.1583560799850465,2.6938216642774346
FBgn0028841,4,5,3.6449180096572436,2.1583560799850465,1.486561929672197
FBgn0028841,5,6,3.073519060801677,2.1583560799850465,0.9151629808166306
FBgn0028841,6,7,2.8507507650870116,2.1583560799850465,0.6923946851019651
FBgn0028841,8,8,2.7980256302949362,2.1583560799850465,0.6396695503098897
FBgn0028841,10,9,2.7113822361712563,2.1583560799850465,0.5530261561862098
FBgn0028841,12,10,2.900392893682534,2.1583560799850465,0.7420368136974873
FBgn0028841,14,11,2.718905865158926,2.1583560799850465,0.5605497851738797
FBgn0028841,16,12,2.8428402561440094,2.1583560799850465,0.6844841761589628
FBgn0028841,20,13,2.9338654500313357,2.1583560799850465,0.7755093700462892
FBgn0028841,24,14,2.7577644939034958,2.1583560799850465,0.5994084139184492
FBgn0028841,30,15,2.411454140454314,2.1583560799850465,0.2530980604692674
FBgn0028841,36,16,2.5875085358663013,2.1583560799850465,0.4291524558812547
FBgn0028841,42,17,2.6834032460891484,2.1583560799850465,0.5250471661041018
FBgn0028841,48,18,2.2270875780444546,2.1583560799850465,0.06873149805940804
FBgn0028841,72,19,2.485113440210907,2.1583560799850465,0.32675736022586044
FBgn0028841,96,20,2.522033630156055,2.1583560799850465,0.36367755017100833
FBgn0028841,120,21,2.6358150666477043,2.1583560799850465,0.47745898666265774
FBgn0028855,1,2,1.1573674143751305,0.8891510091690311,0.26821640520609935
FBgn0028855,2,3,1.5993379372167822,0.8891510091690311,0.7101869280477511
FBgn0028855,3,4,1.7106656430854787,0.8891510091690311,0.8215146339164476
FBgn0028855,4,5,2.5475009221145744,0.8891510091690311,1.6583499129455432
FBgn0028855,5,6,2.1305626083784177,0.8891510091690311,1.2414115992093866
FBgn0028855,6,7,1.8364849748059822,0.8891510091690311,0.947333965636951
FBgn0028855,8,8,1.5736183969783384,0.8891510091690311,0.6844673878093073
FBgn0028855,10,9,1.7701498113028529,0.8891510091690311,0.8809988021338218
FBgn0028855,12,10,1.555473319535482,0.8891510091690311,0.6663223103664508
FBgn0028855,14,11,1.9051554100130952,0.8891510091690311,1.016004400844064
FBgn0028855,16,12,1.3998411683747398,0.8891510091690311,0.5106901592057087
FBgn0028855,20,13,2.3479479284744174,0.8891510091690311,1.4587969193053862
FBgn0028855,24,14,1.4014990606254678,0.8891510091690311,0.5123480514564367
FBgn0028855,30,15,2.2295667147316056,0.8891510091690311,1.3404157055625745
FBgn0028855,36,16,1.8316716132600437,0.8891510091690311,0.9425206040910126
FBgn0028855,42,17,2.1232594562623053,0.8891510091690311,1.2341084470932742
FBgn0028855,48,18,1.9109736645812299,0.8891510091690311,1.0218226554121987
FBgn0028855,72,19,2.26758787513399,0.8891510091690311,1.3784368659649588
FBgn0028855,96,20,2.115583709924283,0.8891510091690311,1.2264327007552518
FBgn0028855,120,21,1.8186231517657996,0.8891510091690311,0.9294721425967685
FBgn0028920,1,2,7.417366413851131,7.877821801490447,-0.4604553876393167
FBgn0028920,2,3,7.809360635298546,7.877821801490447,-0.06846116619190123
FBgn0028920,3,4,7.605258543985634,7.877821801490447,-0.2725632575048129
FBgn0028920,4,5,7.633029372328934,7.877821801490447,-0.2447924291615129
FBgn0028920,5,6,8.359557046557846,7.877821801490447,0.48173524506739884
FBgn0028920,6,7,7.690590522649691,7.877821801490447,-0.1872312788407564
FBgn0028920,8,8,8.250593221489272,7.877821801490447,0.37277141999882435
FBgn0028920,10,9,8.82753840438692,7.877821801490447,0.9497166028964719
FBgn0028920,12,10,8.829892394541506,7.877821801490447,0.9520705930510589
FBgn0028920,14,11,8.665325213296713,7.877821801490447,0.7875034118062656
FBgn0028920,16,12,8.512406019335753,7.877821801490447,0.6345842178453056
FBgn0028920,20,13,8.437072122362842,7.877821801490447,0.5592503208723949
FBgn0028920,24,14,8.669300142045469,7.877821801490447,0.7914783405550212
FBgn0028920,30,15,9.076766047307643,7.877821801490447,1.198944245817196
FBgn0028920,36,16,9.116590334027375,7.877821801490447,1.2387685325369278
FBgn0028920,42,17,9.244437724597582,7.877821801490447,1.3666159231071342
FBgn0028920,48,18,9.14132186542428,7.877821801490447,1.263500063933832
FBgn0028920,72,19,9.410012274741785,7.877821801490447,1.5321904732513376
FBgn0028920,96,20,9.098073153127816,7.877821801490447,1.2202513516373683
FBgn0028920,120,21,9.159620139292384,7.877821801490447,1.2817983378019369
FBgn0028945,1,2,1.3879993804650816,0.9019634964387993,0.4860358840262824
FBgn0028945,2,3,1.7364904307591287,0.9019634964387993,0.8345269343203294
FBgn0028945,3,4,1.8786186089467833,0.9019634964387993,0.9766551125079841
FBgn0028945,4,5,1.3542777348727975,0.9019634964387993,0.4523142384339982
FBgn0028945,5,6,1.9218395319595019,0.9019634964387993,1.0198760355207026
FBgn0028945,6,7,2.288279530753575,0.9019634964387993,1.3863160343147758
FBgn0028945,8,8,1.906333837630334,0.9019634964387993,1.0043703411915348
FBgn0028945,10,9,2.216329600442842,0.9019634964387993,1.3143661040040429
FBgn0028945,12,10,1.9860301651574654,0.9019634964387993,1.0840666687186662
FBgn0028945,14,11,2.271540416273869,0.9019634964387993,1.3695769198350698
FBgn0028945,16,12,1.749262688931086,0.9019634964387993,0.8472991924922868
FBgn0028945,20,13,2.224677413882932,0.9019634964387993,1.322713917444133
FBgn0028945,24,14,2.3283739183773173,0.9019634964387993,1.426410421938518
FBgn0028945,30,15,2.298307449322219,0.9019634964387993,1.3963439528834196
FBgn0028945,36,16,2.332978339220821,0.9019634964387993,1.4310148427820217
FBgn0028945,42,17,2.2768324457808915,0.9019634964387993,1.3748689493420923
FBgn0028945,48,18,2.339272383437661,0.9019634964387993,1.4373088869988617
FBgn0028945,72,19,2.449029731243844,0.9019634964387993,1.5470662348050448
FBgn0028945,96,20,2.761991697023051,0.9019634964387993,1.8600282005842517
FBgn0028945,120,21,3.1025152429221894,0.9019634964387993,2.20055174648339
FBgn0029172,1,2,0.0984060153061668,0.03270777769990507,0.06569823760626173
FBgn0029172,2,3,0.09788525857012656,0.03270777769990507,0.06517748087022149
FBgn0029172,3,4,0.0,0.03270777769990507,-0.03270777769990507
FBgn0029172,4,5,0.1589936611622615,0.03270777769990507,0.12628588346235642
FBgn0029172,5,6,0.1378823375238293,0.03270777769990507,0.10517455982392424
FBgn0029172,6,7,0.12878039751718257,0.03270777769990507,0.0960726198172775
FBgn0029172,8,8,1.8234322670325567,0.03270777769990507,1.7907244893326517
FBgn0029172,10,9,0.3681542580873759,0.03270777769990507,0.3354464803874708
FBgn0029172,12,10,0.20783299603178818,0.03270777769990507,0.1751252183318831
FBgn0029172,14,11,0.17720514760173867,0.03270777769990507,0.1444973699018336
FBgn0029172,16,12,0.07027128564015128,0.03270777769990507,0.03756350794024621
FBgn0029172,20,13,0.1571078402455054,0.03270777769990507,0.12440006254560032
FBgn0029172,24,14,0.1585979057141697,0.03270777769990507,0.12589012801426464
FBgn0029172,30,15,0.11539368957134738,0.03270777769990507,0.08268591187144231
FBgn0029172,36,16,0.16668424716274202,0.03270777769990507,0.13397646946283695
FBgn0029172,42,17,0.16163384397153557,0.03270777769990507,0.1289260662716305
FBgn0029172,48,18,0.029198852666327116,0.03270777769990507,-0.003508925033577956
FBgn0029172,72,19,1.4664768989307448,0.03270777769990507,1.4337691212308399
FBgn0029172,96,20,0.10145594851453882,0.03270777769990507,0.06874817081463375
FBgn0029172,120,21,0.19982751578386243,0.03270777769990507,0.16711973808395736
FBgn0029765,1,2,5.905058320498867,6.015050731739001,-0.10999241124013448
FBgn0029765,2,3,5.566605714255136,6.015050731739001,-0.44844501748386545
FBgn0029765,3,4,4.9042128761893125,6.015050731739001,-1.110837855549689
FBgn0029765,4,5,4.780001549636803,6.015050731739001,-1.2350491821021983
FBgn0029765,5,6,4.866736891026833,6.015050731739001,-1.1483138407121682
FBgn0029765,6,7,4.367632137895054,6.015050731739001,-1.6474185938439474
FBgn0029765,8,8,4.802007961515461,6.015050731739001,-1.2130427702235407
FBgn0029765,10,9,5.52058397034653,6.015050731739001,-0.4944667613924718
FBgn0029765,12,10,5.794620645614704,6.015050731739001,-0.22043008612429738
FBgn0029765,14,11,5.96373843995643,6.015050731739001,-0.051312291782571684
FBgn0029765,16,12,5.965214526446891,6.015050731739001,-0.049836205292110414
FBgn0029765,20,13,6.011313947792681,6.015050731739001,-0.0037367839463202657
FBgn0029765,24,14,6.31148344271887,6.015050731739001,0.296432710979869
FBgn0029765,30,15,6.228600423749219,6.015050731739001,0.21354969201021756
FBgn0029765,36,16,6.338505405903847,6.015050731739001,0.32345467416484563
FBgn0029765,42,17,6.205321084324172,6.015050731739001,0.19027035258517078
FBgn0029765,48,18,6.251489858174363,6.015050731739001,0.23643912643536158
FBgn0029765,72,19,6.261425562517969,6.015050731739001,0.2463748307789677
FBgn0029765,96,20,5.986381783821821,6.015050731739001,-0.02866894791718
FBgn0029765,120,21,6.15751653099494,6.015050731739001,0.14246579925593839
FBgn0029766,1,2,7.191564134688633,5.963441304707741,1.228122829980892
FBgn0029766,2,3,7.989267821635121,5.963441304707741,2.0258265169273795
FBgn0029766,3,4,7.627909634609019,5.963441304707741,1.6644683299012781
FBgn0029766,4,5,7.629330772633441,5.963441304707741,1.6658894679257
FBgn0029766,5,6,7.293856886394881,5.963441304707741,1.3304155816871397
FBgn0029766,6,7,7.423691815543503,5.963441304707741,1.4602505108357615
FBgn0029766,8,8,6.576279394343027,5.963441304707741,0.6128380896352859
FBgn0029766,10,9,6.81743817717161,5.963441304707741,0.8539968724638687
FBgn0029766,12,10,6.789401425408934,5.963441304707741,0.8259601207011924
FBgn0029766,14,11,7.562429423943684,5.963441304707741,1.5989881192359423
FBgn0029766,16,12,7.442424686618917,5.963441304707741,1.478983381911176
FBgn0029766,20,13,6.9163690164055245,5.963441304707741,0.9529277116977832
FBgn0029766,24,14,6.559876548791587,5.963441304707741,0.5964352440838461
FBgn0029766,30,15,7.183401600544397,5.963441304707741,1.219960295836656
FBgn0029766,36,16,7.236998226243525,5.963441304707741,1.2735569215357838
FBgn0029766,42,17,6.923735925784078,5.963441304707741,0.9602946210763363
FBgn0029766,48,18,6.8825053961598375,5.963441304707741,0.9190640914520962
FBgn0029766,72,19,7.392122087438411,5.963441304707741,1.4286807827306696
FBgn0029766,96,20,8.085110963660892,5.963441304707741,2.1216696589531505
FBgn0029766,120,21,7.608996139995301,5.963441304707741,1.6455548352875597
FBgn0029823,1,2,7.091376850383295,7.0146976306266575,0.07667921975663727
FBgn0029823,2,3,6.72648446718936,7.0146976306266575,-0.2882131634372973
FBgn0029823,3,4,6.441680383762227,7.0146976306266575,-0.5730172468644303
FBgn0029823,4,5,6.609988484405648,7.0146976306266575,-0.40470914622100995
FBgn0029823,5,6,6.714549215218137,7.0146976306266575,-0.3001484154085201
FBgn0029823,6,7,6.996367299034954,7.0146976306266575,-0.018330331591703164
FBgn0029823,8,8,7.242568582419502,7.0146976306266575,0.22787095179284478
FBgn0029823,10,9,7.730946097539311,7.0146976306266575,0.7162484669126536
FBgn0029823,12,10,7.597160842099118,7.0146976306266575,0.5824632114724606
FBgn0029823,14,11,7.2906369793689585,7.0146976306266575,0.27593934874230097
FBgn0029823,16,12,7.2534621569271565,7.0146976306266575,0.23876452630049894
FBgn0029823,20,13,7.304921439720823,7.0146976306266575,0.2902238090941651
FBgn0029823,24,14,7.411244299216595,7.0146976306266575,0.3965466685899379
FBgn0029823,30,15,7.704955089456762,7.0146976306266575,0.6902574588301045
FBgn0029823,36,16,7.736065893035623,7.0146976306266575,0.7213682624089657
FBgn0029823,42,17,7.460553099281741,7.0146976306266575,0.4458554686550835
FBgn0029823,48,18,7.854426039496477,7.0146976306266575,0.8397284088698198
FBgn0029823,72,19,8.147019179263534,7.0146976306266575,1.1323215486368765
FBgn0029823,96,20,8.692996322662443,7.0146976306266575,1.6782986920357859
FBgn0029823,120,21,8.729103029584,7.0146976306266575,1.714405398957342
FBgn0029828,1,2,6.5303391089987075,6.6467795552474165,-0.11644044624870897
FBgn0029828,2,3,5.900889257334827,6.6467795552474165,-0.7458902979125899
FBgn0029828,3,4,5.214020655943267,6.6467795552474165,-1.4327588993041491
FBgn0029828,4,5,5.270524171606912,6.6467795552474165,-1.3762553836405047
FBgn0029828,5,6,5.531836903167843,6.6467795552474165,-1.1149426520795735
FBgn0029828,6,7,5.407330780300741,6.6467795552474165,-1.2394487749466752
FBgn0029828,8,8,5.656854532113993,6.6467795552474165,-0.9899250231334236
FBgn0029828,10,9,6.358718524994757,6.6467795552474165,-0.28806103025265983
FBgn0029828,12,10,6.56780585031961,6.6467795552474165,-0.07897370492780631
FBgn0029828,14,11,6.230876791274305,6.6467795552474165,-0.41590276397311143
FBgn0029828,16,12,6.626047868514915,6.6467795552474165,-0.020731686732501586
FBgn0029828,20,13,7.0340839551184215,6.6467795552474165,0.38730439987100507
FBgn0029828,24,14,6.8548426381211005,6.6467795552474165,0.20806308287368402
FBgn0029828,30,15,6.670844467850679,6.6467795552474165,0.02406491260326238
FBgn0029828,36,16,6.908378230416308,6.6467795552474165,0.2615986751688917
FBgn0029828,42,17,7.1465062614506545,6.6467795552474165,0.499726706203238
FBgn0029828,48,18,6.979392409257068,6.6467795552474165,0.33261285400965157
FBgn0029828,72,19,7.022270053514027,6.6467795552474165,0.3754904982666103
FBgn0029828,96,20,7.1824743301683345,6.6467795552474165,0.535694774920918
FBgn0029828,120,21,7.248148505327563,6.6467795552474165,0.6013689500801469
FBgn0029831,1,2,5.535361512470308,5.7993462797353255,-0.2639847672650175
FBgn0029831,2,3,6.517653044799353,5.7993462797353255,0.7183067650640274
FBgn0029831,3,4,6.101994671080333,5.7993462797353255,0.30264839134500754
FBgn0029831,4,5,6.728174738396986,5.7993462797353255,0.9288284586616609
FBgn0029831,5,6,6.477326150507984,5.7993462797353255,0.677979870772659
FBgn0029831,6,7,6.518594235297943,5.7993462797353255,0.7192479555626177
FBgn0029831,8,8,6.452559812880923,5.7993462797353255,0.6532135331455979
FBgn0029831,10,9,6.220635376801232,5.7993462797353255,0.4212890970659062
FBgn0029831,12,10,5.8227698533810965,5.7993462797353255,0.02342357364577108
FBgn0029831,14,11,6.356286351166365,5.7993462797353255,0.5569400714310397
FBgn0029831,16,12,6.174150304427403,5.7993462797353255,0.37480402469207785
FBgn0029831,20,13,6.41348150169017,5.7993462797353255,0.6141352219548448
FBgn0029831,24,14,5.7899850042150565,5.7993462797353255,-0.009361275520268997
FBgn0029831,30,15,6.866043542638151,5.7993462797353255,1.0666972629028253
FBgn0029831,36,16,6.361605962889763,5.7993462797353255,0.562259683154438
FBgn0029831,42,17,6.2036505837669385,5.7993462797353255,0.404304304031613
FBgn0029831,48,18,7.084081422293851,5.7993462797353255,1.2847351425585254
FBgn0029831,72,19,7.331874623558736,5.7993462797353255,1.5325283438234107
FBgn0029831,96,20,6.562601105711777,5.7993462797353255,0.7632548259764516
FBgn0029831,120,21,6.931812286960241,5.7993462797353255,1.1324660072249157
FBgn0029932,1,2,6.265460843697374,6.151522532320877,0.11393831137649713
FBgn0029932,2,3,6.197961053205089,6.151522532320877,0.04643852088421152
FBgn0029932,3,4,6.0424287311711495,6.151522532320877,-0.10909380114972755
FBgn0029932,4,5,6.54691789516934,6.151522532320877,0.395395362848463
FBgn0029932,5,6,6.056717732875347,6.151522532320877,-0.09480479944553011
FBgn0029932,6,7,6.345354821939674,6.151522532320877,0.19383228961879695
FBgn0029932,8,8,6.093707480607432,6.151522532320877,-0.05781505171344481
FBgn0029932,10,9,6.164620057658175,6.151522532320877,0.013097525337298244
FBgn0029932,12,10,5.881543641724622,6.151522532320877,-0.26997889059625546
FBgn0029932,14,11,6.215306186110091,6.151522532320877,0.0637836537892138
FBgn0029932,16,12,6.427433529709078,6.151522532320877,0.275910997388201
FBgn0029932,20,13,7.594313422754039,6.151522532320877,1.4427908904331623
FBgn0029932,24,14,7.036109581429754,6.151522532320877,0.8845870491088768
FBgn0029932,30,15,6.876882669889472,6.151522532320877,0.725360137568595
FBgn0029932,36,16,6.456919250991373,6.151522532320877,0.30539671867049556
FBgn0029932,42,17,7.7018899849353755,6.151522532320877,1.5503674526144984
FBgn0029932,48,18,7.14203673429186,6.151522532320877,0.9905142019709832
FBgn0029932,72,19,7.5122267111619205,6.151522532320877,1.3607041788410434
FBgn0029932,96,20,7.624249764487345,6.151522532320877,1.4727272321664682
FBgn0029932,120,21,7.715379351904771,6.151522532320877,1.5638568195838936
FBgn0029990,1,2,10.943096920894995,10.734740039692259,0.20835688120273588
FBgn0029990,2,3,10.646182928577538,10.734740039692259,-0.08855711111472075
FBgn0029990,3,4,9.682639441351588,10.734740039692259,-1.0521005983406706
FBgn0029990,4,5,9.729097473012459,10.734740039692259,-1.0056425666798
FBgn0029990,5,6,9.785966912500024,10.734740039692259,-0.9487731271922346
FBgn0029990,6,7,9.393172378399445,10.734740039692259,-1.3415676612928138
FBgn0029990,8,8,9.763431562483746,10.734740039692259,-0.9713084772085132
FBgn0029990,10,9,10.396810387764349,10.734740039692259,-0.3379296519279098
FBgn0029990,12,10,10.511255756258153,10.734740039692259,-0.22348428343410554
FBgn0029990,14,11,10.522231769087222,10.734740039692259,-0.21250827060503674
FBgn0029990,16,12,10.643664766396647,10.734740039692259,-0.09107527329561194
FBgn0029990,20,13,10.825073312967671,10.734740039692259,0.0903332732754123
FBgn0029990,24,14,11.119732622097743,10.734740039692259,0.3849925824054843
FBgn0029990,30,15,11.154098481725711,10.734740039692259,0.4193584420334524
FBgn0029990,36,16,11.28283588284945,10.734740039692259,0.5480958431571921
FBgn0029990,42,17,11.295753417587907,10.734740039692259,0.5610133778956481
FBgn0029990,48,18,11.458524309977427,10.734740039692259,0.7237842702851687
FBgn0029990,72,19,11.730675312448595,10.734740039692259,0.995935272756336
FBgn0029990,96,20,11.90468962398491,10.734740039692259,1.1699495842926506
FBgn0029990,120,21,11.95887971868478,10.734740039692259,1.2241396789925219
FBgn0030001,1,2,1.148362817068091,1.2485141600307248,-0.10015134296263373
FBgn0030001,2,3,1.0922184396757881,1.2485141600307248,-0.15629572035493666
FBgn0030001,3,4,1.14556636167384,1.2485141600307248,-0.10294779835688472
FBgn0030001,4,5,1.4486337632311925,1.2485141600307248,0.20011960320046773
FBgn0030001,5,6,1.157966032508646,1.2485141600307248,-0.09054812752207875
FBgn0030001,6,7,1.3202049330373022,1.2485141600307248,0.07169077300657745
FBgn0030001,8,8,2.1006000694137605,1.2485141600307248,0.8520859093830357
FBgn0030001,10,9,2.212089118100252,1.2485141600307248,0.9635749580695272
FBgn0030001,12,10,2.3969106928144397,1.2485141600307248,1.148396532783715
FBgn0030001,14,11,2.417541157539713,1.2485141600307248,1.1690269975089884
FBgn0030001,16,12,2.1502128346507683,1.2485141600307248,0.9016986746200435
FBgn0030001,20,13,1.388801871384637,1.2485141600307248,0.14028771135391227
FBgn0030001,24,14,1.0057734256355608,1.2485141600307248,-0.24274073439516397
FBgn0030001,30,15,1.3579810224490712,1.2485141600307248,0.10946686241834636
FBgn0030001,36,16,2.2568620866065894,1.2485141600307248,1.0083479265758646
FBgn0030001,42,17,1.1256782322288996,1.2485141600307248,-0.12283592780182517
FBgn0030001,48,18,0.8676238545034345,1.2485141600307248,-0.3808903055272903
FBgn0030001,72,19,0.9708070454290556,1.2485141600307248,-0.2777071146016692
FBgn0030001,96,20,1.0885955584846365,1.2485141600307248,-0.15991860154608828
FBgn0030001,120,21,0.7123835403295248,1.2485141600307248,-0.5361306197012
FBgn0030098,1,2,4.780240514020166,4.7080141616606035,0.07222635235956254
FBgn0030098,2,3,5.399218846409689,4.7080141616606035,0.6912046847490858
FBgn0030098,3,4,5.131188475164247,4.7080141616606035,0.4231743135036439
FBgn0030098,4,5,5.556031325466521,4.7080141616606035,0.8480171638059177
FBgn0030098,5,6,6.2196946224084115,4.7080141616606035,1.511680460747808
FBgn0030098,6,7,5.901093186508136,4.7080141616606035,1.193079024847533
FBgn0030098,8,8,6.578055005733374,4.7080141616606035,1.8700408440727703
FBgn0030098,10,9,6.775918169717788,4.7080141616606035,2.0679040080571847
FBgn0030098,12,10,6.6390099744696,4.7080141616606035,1.9309958128089963
FBgn0030098,14,11,6.615750864134398,4.7080141616606035,1.9077367024737946
FBgn0030098,16,12,5.899103292097415,4.7080141616606035,1.1910891304368114
FBgn0030098,20,13,5.338890019129687,4.7080141616606035,0.6308758574690838
FBgn0030098,24,14,6.264631074676461,4.7080141616606035,1.5566169130158576
FBgn0030098,30,15,6.362996715022033,4.7080141616606035,1.654982553361429
FBgn0030098,36,16,6.188776684922312,4.7080141616606035,1.480762523261708
FBgn0030098,42,17,5.677052800517702,4.7080141616606035,0.9690386388570982
FBgn0030098,48,18,6.304571222605787,4.7080141616606035,1.5965570609451838
FBgn0030098,72,19,5.672864738923428,4.7080141616606035,0.9648505772628244
FBgn0030098,96,20,4.258457961599773,4.7080141616606035,-0.4495562000608304
FBgn0030098,120,21,5.106346612910823,4.7080141616606035,0.3983324512502193
FBgn0030148,1,2,2.942295400832581,3.541884184919299,-0.599588784086718
FBgn0030148,2,3,2.9896945275884095,3.541884184919299,-0.5521896573308895
FBgn0030148,3,4,1.8384276131507902,3.541884184919299,-1.7034565717685088
FBgn0030148,4,5,1.992469995873642,3.541884184919299,-1.549414189045657
FBgn0030148,5,6,2.309942138803214,3.541884184919299,-1.2319420461160848
FBgn0030148,6,7,3.11274479154122,3.541884184919299,-0.42913939337807916
FBgn0030148,8,8,3.9701372254187417,3.541884184919299,0.4282530404994427
FBgn0030148,10,9,4.3235347103733694,3.541884184919299,0.7816505254540704
FBgn0030148,12,10,3.955483886665018,3.541884184919299,0.4135997017457189
FBgn0030148,14,11,3.5794969985856175,3.541884184919299,0.03761281366631852
FBgn0030148,16,12,3.9268303150829196,3.541884184919299,0.38494613016362056
FBgn0030148,20,13,3.785126636430541,3.541884184919299,0.24324245151124213
FBgn0030148,24,14,4.164755421374361,3.541884184919299,0.6228712364550617
FBgn0030148,30,15,4.1198924861877195,3.541884184919299,0.5780083012684205
FBgn0030148,36,16,4.525491840343824,3.541884184919299,0.9836076554245246
FBgn0030148,42,17,4.502105406056892,3.541884184919299,0.9602212211375933
FBgn0030148,48,18,4.439461463651224,3.541884184919299,0.8975772787319247
FBgn0030148,72,19,4.359988248476894,3.541884184919299,0.8181040635575947
FBgn0030148,96,20,4.223232548377643,3.541884184919299,0.6813483634583442
FBgn0030148,120,21,4.798475553428885,3.541884184919299,1.2565913685095857
FBgn0030157,1,2,6.151571828783732,6.017522558967775,0.13404926981595722
FBgn0030157,2,3,5.771467422015268,6.017522558967775,-0.24605513695250636
FBgn0030157,3,4,5.281153004512212,6.017522558967775,-0.7363695544555631
FBgn0030157,4,5,5.23330759574964,6.017522558967775,-0.784214963218135
FBgn0030157,5,6,5.570392626253365,6.017522558967775,-0.44712993271441004
FBgn0030157,6,7,5.129922606372437,6.017522558967775,-0.8875999525953375
FBgn0030157,8,8,5.326020734855562,6.017522558967775,-0.6915018241122128
FBgn0030157,10,9,5.86313787667147,6.017522558967775,-0.1543846822963051
FBgn0030157,12,10,5.7940869796044705,6.017522558967775,-0.22343557936330427
FBgn0030157,14,11,5.984221857939579,6.017522558967775,-0.033300701028196045
FBgn0030157,16,12,6.105859812399213,6.017522558967775,0.08833725343143861
FBgn0030157,20,13,6.238480559605842,6.017522558967775,0.22095800063806692
FBgn0030157,24,14,6.346841045908727,6.017522558967775,0.3293184869409522
FBgn0030157,30,15,6.4965807658585,6.017522558967775,0.4790582068907252
FBgn0030157,36,16,6.592301114868395,6.017522558967775,0.57477855590062
FBgn0030157,42,17,6.592239354835617,6.017522558967775,0.5747167958678423
FBgn0030157,48,18,6.624309207316559,6.017522558967775,0.606786648348784
FBgn0030157,72,19,6.694566653345285,6.017522558967775,0.6770440943775098
FBgn0030157,96,20,6.8976862156132945,6.017522558967775,0.8801636566455198
FBgn0030157,120,21,6.84413299817804,6.017522558967775,0.8266104392102651
FBgn0030326,1,2,2.327686537204604,2.450093548525661,-0.12240701132105736
FBgn0030326,2,3,1.9947519000066718,2.450093548525661,-0.4553416485189894
FBgn0030326,3,4,1.8179042954832845,2.450093548525661,-0.6321892530423767
FBgn0030326,4,5,1.1728284678229075,2.450093548525661,-1.2772650807027537
FBgn0030326,5,6,1.2158257947193218,2.450093548525661,-1.2342677538063394
FBgn0030326,6,7,0.9945394613461318,2.450093548525661,-1.4555540871795294
FBgn0030326,8,8,1.0845334765663857,2.450093548525661,-1.3655600719592755
FBgn0030326,10,9,1.4513477425556593,2.450093548525661,-0.9987458059700018
FBgn0030326,12,10,1.4965127121560595,2.450093548525661,-0.9535808363696017
FBgn0030326,14,11,2.0190674193636133,2.450093548525661,-0.43102612916204786
FBgn0030326,16,12,2.284399877749429,2.450093548525661,-0.16569367077623198
FBgn0030326,20,13,2.124309876618959,2.450093548525661,-0.3257836719067022
FBgn0030326,24,14,2.08562171642869,2.450093548525661,-0.3644718320969713
FBgn0030326,30,15,2.42974013102752,2.450093548525661,-0.020353417498141013
FBgn0030326,36,16,2.6078704209533443,2.450093548525661,0.15777687242768312
FBgn0030326,42,17,3.1200184635184876,2.450093548525661,0.6699249149928264
FBgn0030326,48,18,2.507027741729009,2.450093548525661,0.05693419320334803
FBgn0030326,72,19,2.533912657943992,2.450093548525661,0.08381910941833093
FBgn0030326,96,20,2.445791876563725,2.450093548525661,-0.004301671961936204
FBgn0030326,120,21,2.661527185087046,2.450093548525661,0.21143363656138492
FBgn0030331,1,2,2.5140497548239535,2.5711376234150176,-0.05708786859106407
FBgn0030331,2,3,2.149654061162676,2.5711376234150176,-0.4214835622523414
FBgn0030331,3,4,2.7781230290111405,2.5711376234150176,0.20698540559612288
FBgn0030331,4,5,3.1723951821538066,2.5711376234150176,0.6012575587387889
FBgn0030331,5,6,3.614324823934137,2.5711376234150176,1.0431872005191192
FBgn0030331,6,7,3.587262128681806,2.5711376234150176,1.0161245052667884
FBgn0030331,8,8,3.2984638850473447,2.5711376234150176,0.727326261632327
FBgn0030331,10,9,3.3555121039642755,2.5711376234150176,0.7843744805492578
FBgn0030331,12,10,3.4119351696096727,2.5711376234150176,0.8407975461946551
FBgn0030331,14,11,3.6733477238124514,2.5711376234150176,1.1022101003974338
FBgn0030331,16,12,3.398385478643198,2.5711376234150176,0.8272478552281806
FBgn0030331,20,13,3.031970836106363,2.5711376234150176,0.4608332126913455
FBgn0030331,24,14,2.6332446967189562,2.5711376234150176,0.06210707330393861
FBgn0030331,30,15,2.744257496349556,2.5711376234150176,0.17311987293453823
FBgn0030331,36,16,3.286741754859322,2.5711376234150176,0.7156041314443042
FBgn0030331,42,17,3.187001509439571,2.5711376234150176,0.6158638860245533
FBgn0030331,48,18,2.338884821061331,2.5711376234150176,-0.2322528023536865
FBgn0030331,72,19,2.0664919450135155,2.5711376234150176,-0.5046456784015021
FBgn0030331,96,20,2.110428710757283,2.5711376234150176,-0.4607089126577346
FBgn0030331,120,21,1.869500223198068,2.5711376234150176,-0.7016374002169496
FBgn0030607,1,2,5.567307165948075,4.936675689585202,0.6306314763628729
FBgn0030607,2,3,5.120698113454097,4.936675689585202,0.18402242386889434
FBgn0030607,3,4,4.3890797676920075,4.936675689585202,-0.547595921893195
FBgn0030607,4,5,4.31457550384369,4.936675689585202,-0.6221001857415125
FBgn0030607,5,6,3.9928935577360347,4.936675689585202,-0.9437821318491677
FBgn0030607,6,7,3.9539353886228694,4.936675689585202,-0.982740300962333
FBgn0030607,8,8,4.130925721425622,4.936675689585202,-0.8057499681595806
FBgn0030607,10,9,4.539998493803781,4.936675689585202,-0.3966771957814217
FBgn0030607,12,10,5.019954627849455,4.936675689585202,0.08327893826425292
FBgn0030607,14,11,4.412188560221659,4.936675689585202,-0.5244871293635436
FBgn0030607,16,12,4.5726986237499325,4.936675689585202,-0.3639770658352699
FBgn0030607,20,13,4.659984540318777,4.936675689585202,-0.27669114926642546
FBgn0030607,24,14,5.3001629741666,4.936675689585202,0.3634872845813977
FBgn0030607,30,15,5.061748402501227,4.936675689585202,0.1250727129160243
FBgn0030607,36,16,5.461996156628866,4.936675689585202,0.525320467043664
FBgn0030607,42,17,4.8871038263265625,4.936675689585202,-0.04957186325863994
FBgn0030607,48,18,5.576049032744514,4.936675689585202,0.6393733431593116
FBgn0030607,72,19,5.717719360175632,4.936675689585202,0.7810436705904298
FBgn0030607,96,20,5.2868770026063965,4.936675689585202,0.35020131302119406
FBgn0030607,120,21,5.301247625959528,4.936675689585202,0.3645719363743254
FBgn0030911,1,2,1.7862101261663414,0.2973933515909173,1.4888167745754242
FBgn0030911,2,3,1.824371205319479,0.2973933515909173,1.5269778537285617
FBgn0030911,3,4,1.6654339753962393,0.2973933515909173,1.368040623805322
FBgn0030911,4,5,1.4323755401601919,0.2973933515909173,1.1349821885692746
FBgn0030911,5,6,1.0798600710586665,0.2973933515909173,0.7824667194677493
FBgn0030911,6,7,1.3575564992832088,0.2973933515909173,1.0601631476922915
FBgn0030911,8,8,0.8920522349405442,0.2973933515909173,0.5946588833496269
FBgn0030911,10,9,0.7976498509126799,0.2973933515909173,0.5002564993217626
FBgn0030911,12,10,0.5768045953611154,0.2973933515909173,0.2794112437701981
FBgn0030911,14,11,0.4216471335792848,0.2973933515909173,0.1242537819883675
FBgn0030911,16,12,0.3778347736482315,0.2973933515909173,0.0804414220573142
FBgn0030911,20,13,0.24146762652626996,0.2973933515909173,-0.055925725064647325
FBgn0030911,24,14,0.2083995461078889,0.2973933515909173,-0.08899380548302838
FBgn0030911,30,15,0.03515959164105085,0.2973933515909173,-0.2622337599498664
FBgn0030911,36,16,0.17228691242317712,0.2973933515909173,-0.12510643916774017
FBgn0030911,42,17,0.03844092980003061,0.2973933515909173,-0.2589524217908867
FBgn0030911,48,18,0.13867943818965972,0.2973933515909173,-0.15871391340125757
FBgn0030911,72,19,0.06694642211248392,0.2973933515909173,-0.23044692947843337
FBgn0030911,96,20,0.03542802181920246,0.2973933515909173,-0.2619653297717148
FBgn0030911,120,21,0.0,0.2973933515909173,-0.2973933515909173
FBgn0030925,1,2,4.985062476498574,2.898058703387439,2.087003773111135
FBgn0030925,2,3,5.364925718264699,2.898058703387439,2.4668670148772596
FBgn0030925,3,4,4.91149559384675,2.898058703387439,2.0134368904593107
FBgn0030925,4,5,4.6700421130379475,2.898058703387439,1.7719834096505083
FBgn0030925,5,6,3.912137954739578,2.898058703387439,1.0140792513521388
FBgn0030925,6,7,4.377502330520825,2.898058703387439,1.4794436271333855
FBgn0030925,8,8,4.814435785858571,2.898058703387439,1.9163770824711315
FBgn0030925,10,9,4.344441360443414,2.898058703387439,1.4463826570559744
FBgn0030925,12,10,4.565428060662128,2.898058703387439,1.6673693572746884
FBgn0030925,14,11,3.6960342546173575,2.898058703387439,0.7979755512299183
FBgn0030925,16,12,3.760645548651542,2.898058703387439,0.862586845264103
FBgn0030925,20,13,4.294895367588644,2.898058703387439,1.3968366642012051
FBgn0030925,24,14,3.358342384468946,2.898058703387439,0.46028368108150675
FBgn0030925,30,15,4.657423171163948,2.898058703387439,1.7593644677765092
FBgn0030925,36,16,3.8610017883170062,2.898058703387439,0.962943084929567
FBgn0030925,42,17,3.810116396500569,2.898058703387439,0.9120576931131299
FBgn0030925,48,18,3.596145786504015,2.898058703387439,0.698087083116576
FBgn0030925,72,19,3.8783035310591227,2.898058703387439,0.9802448276716835
FBgn0030925,96,20,3.775999289953832,2.898058703387439,0.877940586566393
FBgn0030925,120,21,3.747638646374443,2.898058703387439,0.8495799429870039
FBgn0030928,1,2,2.855963360001497,1.6512888797775207,1.2046744802239764
FBgn0030928,2,3,3.1500984819742186,1.6512888797775207,1.498809602196698
FBgn0030928,3,4,2.910017235351106,1.6512888797775207,1.2587283555735853
FBgn0030928,4,5,2.8493161851577415,1.6512888797775207,1.1980273053802208
FBgn0030928,5,6,2.529112107608421,1.6512888797775207,0.8778232278309002
FBgn0030928,6,7,2.5372602471433736,1.6512888797775207,0.8859713673658529
FBgn0030928,8,8,1.5854379167419583,1.6512888797775207,-0.06585096303556237
FBgn0030928,10,9,1.7383107416363484,1.6512888797775207,0.08702186185882765
FBgn0030928,12,10,2.480281417057432,1.6512888797775207,0.8289925372799112
FBgn0030928,14,11,2.0817692616929584,1.6512888797775207,0.4304803819154377
FBgn0030928,16,12,1.1655138380504655,1.6512888797775207,-0.4857750417270552
FBgn0030928,20,13,1.7540635807784941,1.6512888797775207,0.10277470100097341
FBgn0030928,24,14,1.7962165963873968,1.6512888797775207,0.14492771660987613
FBgn0030928,30,15,2.0856303796870197,1.6512888797775207,0.434341499909499
FBgn0030928,36,16,2.1203542509078996,1.6512888797775207,0.46906537113037894
FBgn0030928,42,17,1.4284565746686377,1.6512888797775207,-0.22283230510888297
FBgn0030928,48,18,2.00143380951062,1.6512888797775207,0.3501449297330992
FBgn0030928,72,19,1.9123536622207764,1.6512888797775207,0.2610647824432557
FBgn0030928,96,20,2.4314378839243345,1.6512888797775207,0.7801490041468138
FBgn0030928,120,21,1.7759578115983399,1.6512888797775207,0.12466893182081917
FBgn0030929,1,2,6.254646627718169,4.492859866304366,1.761786761413803
FBgn0030929,2,3,7.156486429507087,4.492859866304366,2.6636265632027207
FBgn0030929,3,4,7.477371188834546,4.492859866304366,2.98451132253018
FBgn0030929,4,5,7.257110648141321,4.492859866304366,2.764250781836955
FBgn0030929,5,6,6.906230119769573,4.492859866304366,2.4133702534652066
FBgn0030929,6,7,7.743620243436975,4.492859866304366,3.2507603771326092
FBgn0030929,8,8,6.68034258972442,4.492859866304366,2.187482723420054
FBgn0030929,10,9,6.20143747391327,4.492859866304366,1.7085776076089036
FBgn0030929,12,10,6.95599195785835,4.492859866304366,2.463132091553984
FBgn0030929,14,11,7.555332485356051,4.492859866304366,3.062472619051685
FBgn0030929,16,12,5.410146846764787,4.492859866304366,0.9172869804604211
FBgn0030929,20,13,6.69848900884521,4.492859866304366,2.205629142540844
FBgn0030929,24,14,6.189582148271354,4.492859866304366,1.6967222819669878
FBgn0030929,30,15,7.051573089450544,4.492859866304366,2.558713223146178
FBgn0030929,36,16,6.754823489276707,4.492859866304366,2.261963622972341
FBgn0030929,42,17,5.697250250403778,4.492859866304366,1.204390384099412
FBgn0030929,48,18,5.932702164961604,4.492859866304366,1.4398422986572381
FBgn0030929,72,19,6.308078455286375,4.492859866304366,1.8152185889820087
FBgn0030929,96,20,8.581754684009613,4.492859866304366,4.088894817705247
FBgn0030929,120,21,7.770454260610188,4.492859866304366,3.2775943943058214
FBgn0030981,1,2,3.3144183725297136,3.395400047014713,-0.08098167448499938
FBgn0030981,2,3,4.011304030450906,3.395400047014713,0.6159039834361928
FBgn0030981,3,4,3.8816387662343708,3.395400047014713,0.4862387192196578
FBgn0030981,4,5,3.9062855966871526,3.395400047014713,0.5108855496724396
FBgn0030981,5,6,4.59310830342861,3.395400047014713,1.1977082564138972
FBgn0030981,6,7,4.262671374282014,3.395400047014713,0.8672713272673014
FBgn0030981,8,8,4.326563172882759,3.395400047014713,0.931163125868046
FBgn0030981,10,9,4.476722782403807,3.395400047014713,1.0813227353890942
FBgn0030981,12,10,4.345578813784551,3.395400047014713,0.9501787667698376
FBgn0030981,14,11,3.99177661356756,3.395400047014713,0.5963765665528471
FBgn0030981,16,12,4.206633578058534,3.395400047014713,0.8112335310438215
FBgn0030981,20,13,4.547133812908484,3.395400047014713,1.1517337658937712
FBgn0030981,24,14,3.653888720298208,3.395400047014713,0.258488673283495
FBgn0030981,30,15,3.874072600328037,3.395400047014713,0.47867255331332403
FBgn0030981,36,16,3.907728563115956,3.395400047014713,0.5123285161012432
FBgn0030981,42,17,4.217546077056457,3.395400047014713,0.8221460300417438
FBgn0030981,48,18,3.4228136406509355,3.395400047014713,0.027413593636222533
FBgn0030981,72,19,3.611244244677209,3.395400047014713,0.21584419766249585
FBgn0030981,96,20,2.4615184162672854,3.395400047014713,-0.9338816307474276
FBgn0030981,120,21,2.9365183327169135,3.395400047014713,-0.45888171429779945
FBgn0030993,1,2,4.419485064680945,3.6940968270161436,0.7253882376648013
FBgn0030993,2,3,5.011618858270831,3.6940968270161436,1.3175220312546871
FBgn0030993,3,4,5.2641865040944085,3.6940968270161436,1.5700896770782649
FBgn0030993,4,5,4.824420412222899,3.6940968270161436,1.1303235852067557
FBgn0030993,5,6,4.981249901189166,3.6940968270161436,1.2871530741730224
FBgn0030993,6,7,4.926422993235388,3.6940968270161436,1.2323261662192442
FBgn0030993,8,8,5.003697598750253,3.6940968270161436,1.3096007717341092
FBgn0030993,10,9,4.910128097210814,3.6940968270161436,1.2160312701946703
FBgn0030993,12,10,4.936029325304959,3.6940968270161436,1.2419324982888158
FBgn0030993,14,11,4.935285865364088,3.6940968270161436,1.2411890383479447
FBgn0030993,16,12,4.688901587443834,3.6940968270161436,0.99480476042769
FBgn0030993,20,13,4.880419792052673,3.6940968270161436,1.1863229650365295
FBgn0030993,24,14,4.414104972056943,3.6940968270161436,0.7200081450407998
FBgn0030993,30,15,5.081170778540779,3.6940968270161436,1.387073951524635
FBgn0030993,36,16,4.8416260511112865,3.6940968270161436,1.147529224095143
FBgn0030993,42,17,4.821538568608513,3.6940968270161436,1.127441741592369
FBgn0030993,48,18,4.479789506509405,3.6940968270161436,0.7856926794932617
FBgn0030993,72,19,4.57149768404323,3.6940968270161436,0.8774008570270864
FBgn0030993,96,20,6.099427618805304,3.6940968270161436,2.4053307917891606
FBgn0030993,120,21,5.46342637550237,3.6940968270161436,1.7693295484862261
FBgn0031032,1,2,1.0062347702090966,0.20408905524076007,0.8021457149683365
FBgn0031032,2,3,2.06473963201198,0.20408905524076007,1.8606505767712198
FBgn0031032,3,4,2.197385829310517,0.20408905524076007,1.9932967740697567
FBgn0031032,4,5,1.431991975978658,0.20408905524076007,1.2279029207378978
FBgn0031032,5,6,0.6116795549179612,0.20408905524076007,0.4075904996772012
FBgn0031032,6,7,2.669746410735128,0.20408905524076007,2.465657355494368
FBgn0031032,8,8,0.5093526475144302,0.20408905524076007,0.30526359227367017
FBgn0031032,10,9,0.4553492934482263,0.20408905524076007,0.25126023820746624
FBgn0031032,12,10,0.7845462944518331,0.20408905524076007,0.5804572392110731
FBgn0031032,14,11,0.5176797357237375,0.20408905524076007,0.31359068048297745
FBgn0031032,16,12,0.3112846791310674,0.20408905524076007,0.10719562389030732
FBgn0031032,20,13,0.40282039471890874,0.20408905524076007,0.19873133947814867
FBgn0031032,24,14,0.26748063172941905,0.20408905524076007,0.06339157648865898
FBgn0031032,30,15,0.5520975969093387,0.20408905524076007,0.34800854166857864
FBgn0031032,36,16,0.46628014299783965,0.20408905524076007,0.26219108775707956
FBgn0031032,42,17,0.22870138884841174,0.20408905524076007,0.024612333607651665
FBgn0031032,48,18,0.7127694875621226,0.20408905524076007,0.5086804323213625
FBgn0031032,72,19,0.6153077731058296,0.20408905524076007,0.4112187178650696
FBgn0031032,96,20,0.7399982636277632,0.20408905524076007,0.5359092083870032
FBgn0031032,120,21,0.6612876400990153,0.20408905524076007,0.45719858485825526
FBgn0031033,1,2,3.5535574945053265,1.6282793933989996,1.925278101106327
FBgn0031033,2,3,3.9276060614840063,1.6282793933989996,2.2993266680850066
FBgn0031033,3,4,4.159595880295633,1.6282793933989996,2.5313164868966336
FBgn0031033,4,5,2.61228773056722,1.6282793933989996,0.9840083371682202
FBgn0031033,5,6,2.5208408134579305,1.6282793933989996,0.8925614200589309
FBgn0031033,6,7,4.512020572467097,1.6282793933989996,2.883741179068098
FBgn0031033,8,8,2.602487835813417,1.6282793933989996,0.9742084424144175
FBgn0031033,10,9,2.7534096856706034,1.6282793933989996,1.1251302922716038
FBgn0031033,12,10,3.4861535227733143,1.6282793933989996,1.8578741293743146
FBgn0031033,14,11,3.7909902340634476,1.6282793933989996,2.162710840664448
FBgn0031033,16,12,2.2188412740102956,1.6282793933989996,0.590561880611296
FBgn0031033,20,13,3.917472554564145,1.6282793933989996,2.2891931611651453
FBgn0031033,24,14,2.6864997482612445,1.6282793933989996,1.0582203548622449
FBgn0031033,30,15,3.6474342161337256,1.6282793933989996,2.019154822734726
FBgn0031033,36,16,3.113122182940064,1.6282793933989996,1.4848427895410645
FBgn0031033,42,17,3.129579940667015,1.6282793933989996,1.5013005472680154
FBgn0031033,48,18,3.498233588652729,1.6282793933989996,1.8699541952537295
FBgn0031033,72,19,3.5801174695541844,1.6282793933989996,1.9518380761551848
FBgn0031033,96,20,3.945431298364692,1.6282793933989996,2.3171519049656926
FBgn0031033,120,21,3.0419272366949226,1.6282793933989996,1.413647843295923
FBgn0031034,1,2,4.278850137719616,1.7563224213699105,2.522527716349706
FBgn0031034,2,3,4.923464528556478,1.7563224213699105,3.1671421071865673
FBgn0031034,3,4,4.559469753453746,1.7563224213699105,2.803147332083835
FBgn0031034,4,5,3.9504941500809494,1.7563224213699105,2.194171728711039
FBgn0031034,5,6,3.618273803558731,1.7563224213699105,1.8619513821888205
FBgn0031034,6,7,5.709467912012156,1.7563224213699105,3.953145490642245
FBgn0031034,8,8,3.9626447489468624,1.7563224213699105,2.206322327576952
FBgn0031034,10,9,4.109964915820287,1.7563224213699105,2.3536424944503764
FBgn0031034,12,10,4.6306984519420045,1.7563224213699105,2.874376030572094
FBgn0031034,14,11,5.328242931348289,1.7563224213699105,3.571920509978378
FBgn0031034,16,12,3.161217664856054,1.7563224213699105,1.4048952434861435
FBgn0031034,20,13,5.1586311959244195,1.7563224213699105,3.402308774554509
FBgn0031034,24,14,3.499804332889134,1.7563224213699105,1.7434819115192237
FBgn0031034,30,15,4.943027619666818,1.7563224213699105,3.1867051982969077
FBgn0031034,36,16,3.931177586227455,1.7563224213699105,2.1748551648575445
FBgn0031034,42,17,3.9518963296069662,1.7563224213699105,2.195573908237056
FBgn0031034,48,18,4.000131124076579,1.7563224213699105,2.2438087027066684
FBgn0031034,72,19,4.21807760781234,1.7563224213699105,2.4617551864424296
FBgn0031034,96,20,4.913739193014237,1.7563224213699105,3.1574167716443267
FBgn0031034,120,21,4.045087864425755,1.7563224213699105,2.288765443055844
FBgn0031055,1,2,3.2100765427538915,3.4234128136589153,-0.21333627090502372
FBgn0031055,2,3,3.215139261067794,3.4234128136589153,-0.20827355259112146
FBgn0031055,3,4,3.9539581886674724,3.4234128136589153,0.5305453750085571
FBgn0031055,4,5,5.446989040193245,3.4234128136589153,2.0235762265343293
FBgn0031055,5,6,5.676342442462653,3.4234128136589153,2.252929628803738
FBgn0031055,6,7,5.822833160764947,3.4234128136589153,2.399420347106032
FBgn0031055,8,8,5.260091582247579,3.4234128136589153,1.8366787685886639
FBgn0031055,10,9,5.2029176898825495,3.4234128136589153,1.7795048762236343
FBgn0031055,12,10,4.3142255140613415,3.4234128136589153,0.8908127004024262
FBgn0031055,14,11,3.989204971544412,3.4234128136589153,0.5657921578854967
FBgn0031055,16,12,4.115507906069939,3.4234128136589153,0.6920950924110238
FBgn0031055,20,13,3.652481539093871,3.4234128136589153,0.22906872543495593
FBgn0031055,24,14,3.702438840487427,3.4234128136589153,0.27902602682851185
FBgn0031055,30,15,4.7666640825200615,3.4234128136589153,1.3432512688611462
FBgn0031055,36,16,3.7119664368694902,3.4234128136589153,0.288553623210575
FBgn0031055,42,17,3.742638035072192,3.4234128136589153,0.3192252214132769
FBgn0031055,48,18,3.6276747420618634,3.4234128136589153,0.2042619284029481
FBgn0031055,72,19,3.617383782388142,3.4234128136589153,0.1939709687292268
FBgn0031055,96,20,3.9183170104941647,3.4234128136589153,0.49490419683524944
FBgn0031055,120,21,3.914209616835275,3.4234128136589153,0.49079680317635965
FBgn0031277,1,2,4.74949349724594,4.838373805936978,-0.08888030869103858
FBgn0031277,2,3,4.758996107197879,4.838373805936978,-0.0793776987390995
FBgn0031277,3,4,5.35245263822223,4.838373805936978,0.5140788322852519
FBgn0031277,4,5,5.191399163894803,4.838373805936978,0.35302535795782486
FBgn0031277,5,6,5.609335946808426,4.838373805936978,0.7709621408714478
FBgn0031277,6,7,5.462468663524775,4.838373805936978,0.6240948575877967
FBgn0031277,8,8,5.774967486507896,4.838373805936978,0.9365936805709181
FBgn0031277,10,9,5.447238875070739,4.838373805936978,0.6088650691337607
FBgn0031277,12,10,5.42679313669457,4.838373805936978,0.588419330757592
FBgn0031277,14,11,4.764056553613897,4.838373805936978,-0.07431725232308128
FBgn0031277,16,12,4.743885784924629,4.838373805936978,-0.09448802101234932
FBgn0031277,20,13,5.125781958218379,4.838373805936978,0.28740815228140093
FBgn0031277,24,14,4.862675601684135,4.838373805936978,0.024301795747156518
FBgn0031277,30,15,4.280366271171543,4.838373805936978,-0.5580075347654354
FBgn0031277,36,16,4.937482650883284,4.838373805936978,0.09910884494630601
FBgn0031277,42,17,5.655078819499766,4.838373805936978,0.816705013562788
FBgn0031277,48,18,5.711812492791591,4.838373805936978,0.8734386868546125
FBgn0031277,72,19,5.978757996989361,4.838373805936978,1.1403841910523829
FBgn0031277,96,20,8.147244949276855,4.838373805936978,3.3088711433398768
FBgn0031277,120,21,6.980002595499083,4.838373805936978,2.1416287895621045
FBgn0031317,1,2,4.4864395364705665,3.9434095114358483,0.5430300250347182
FBgn0031317,2,3,4.5331051301779866,3.9434095114358483,0.5896956187421383
FBgn0031317,3,4,4.314126353426847,3.9434095114358483,0.3707168419909985
FBgn0031317,4,5,4.191224779571352,3.9434095114358483,0.24781526813550414
FBgn0031317,5,6,4.192412060596338,3.9434095114358483,0.24900254916048947
FBgn0031317,6,7,4.280577010197341,3.9434095114358483,0.33716749876149255
FBgn0031317,8,8,4.268254575315816,3.9434095114358483,0.3248450638799678
FBgn0031317,10,9,4.286082762727233,3.9434095114358483,0.3426732512913846
FBgn0031317,12,10,4.112407365244261,3.9434095114358483,0.16899785380841248
FBgn0031317,14,11,4.228789098493772,3.9434095114358483,0.2853795870579239
FBgn0031317,16,12,4.001558203915209,3.9434095114358483,0.05814869247936105
FBgn0031317,20,13,4.143102415168491,3.9434095114358483,0.19969290373264315
FBgn0031317,24,14,4.103618746006635,3.9434095114358483,0.16020923457078684
FBgn0031317,30,15,4.2470270518010915,3.9434095114358483,0.30361754036524324
FBgn0031317,36,16,4.318923554165357,3.9434095114358483,0.3755140427295087
FBgn0031317,42,17,4.1801021756198455,3.9434095114358483,0.23669266418399726
FBgn0031317,48,18,4.035025515411876,3.9434095114358483,0.09161600397602765
FBgn0031317,72,19,4.22508796182324,3.9434095114358483,0.2816784503873917
FBgn0031317,96,20,6.110991079125704,3.9434095114358483,2.1675815676898553
FBgn0031317,120,21,5.4273694057083635,3.9434095114358483,1.4839598942725152
FBgn0031373,1,2,3.240986100310659,4.338076282428985,-1.0970901821183263
FBgn0031373,2,3,2.9350827771774757,4.338076282428985,-1.4029935052515095
FBgn0031373,3,4,3.2687111453372837,4.338076282428985,-1.0693651370917014
FBgn0031373,4,5,3.947315993886238,4.338076282428985,-0.39076028854274725
FBgn0031373,5,6,4.647346825661489,4.338076282428985,0.309270543232504
FBgn0031373,6,7,4.443825680143315,4.338076282428985,0.10574939771433023
FBgn0031373,8,8,4.6935546854571,4.338076282428985,0.3554784030281146
FBgn0031373,10,9,4.901299593997005,4.338076282428985,0.5632233115680201
FBgn0031373,12,10,4.418161126850727,4.338076282428985,0.08008484442174169
FBgn0031373,14,11,4.854393689905763,4.338076282428985,0.5163174074767776
FBgn0031373,16,12,4.339689204899644,4.338076282428985,0.0016129224706586953
FBgn0031373,20,13,3.7001553643361973,4.338076282428985,-0.6379209180927878
FBgn0031373,24,14,4.463418406342997,4.338076282428985,0.12534212391401223
FBgn0031373,30,15,4.678697042665796,4.338076282428985,0.34062076023681076
FBgn0031373,36,16,4.315953042793915,4.338076282428985,-0.02212323963507057
FBgn0031373,42,17,3.850442797054113,4.338076282428985,-0.48763348537487206
FBgn0031373,48,18,3.711985459249868,4.338076282428985,-0.6260908231791174
FBgn0031373,72,19,3.948793051170343,4.338076282428985,-0.3892832312586423
FBgn0031373,96,20,2.981402341648347,4.338076282428985,-1.356673940780638
FBgn0031373,120,21,3.670287364849596,4.338076282428985,-0.6677889175793892
FBgn0031389,1,2,2.5222087107457556,2.70472994045868,-0.18252122971292462
FBgn0031389,2,3,2.0524734949611467,2.70472994045868,-0.6522564454975335
FBgn0031389,3,4,1.7106656430854787,2.70472994045868,-0.9940642973732015
FBgn0031389,4,5,2.331560677745818,2.70472994045868,-0.373169262712862
FBgn0031389,5,6,3.6500446360557968,2.70472994045868,0.9453146955971166
FBgn0031389,6,7,3.875720814307469,2.70472994045868,1.1709908738487886
FBgn0031389,8,8,4.072003249365448,2.70472994045868,1.3672733089067677
FBgn0031389,10,9,4.271495091066015,2.70472994045868,1.5667651506073348
FBgn0031389,12,10,4.06434286920182,2.70472994045868,1.3596129287431395
FBgn0031389,14,11,3.651194186274262,2.70472994045868,0.9464642458155819
FBgn0031389,16,12,3.586638728735255,2.70472994045868,0.8819087882765748
FBgn0031389,20,13,3.8084210658819164,2.70472994045868,1.1036911254232362
FBgn0031389,24,14,3.203130861319061,2.70472994045868,0.498400920860381
FBgn0031389,30,15,3.901077037673808,2.70472994045868,1.1963470972151278
FBgn0031389,36,16,3.153189327357664,2.70472994045868,0.4484593868989837
FBgn0031389,42,17,3.3894503229129946,2.70472994045868,0.6847203824543144
FBgn0031389,48,18,3.0771165430644527,2.70472994045868,0.3723866026057725
FBgn0031389,72,19,2.903257865672728,2.70472994045868,0.19852792521404794
FBgn0031389,96,20,3.1105574064969583,2.70472994045868,0.40582746603827813
FBgn0031389,120,21,2.9224160449002854,2.70472994045868,0.2176861044416052
FBgn0031412,1,2,1.2717843482555171,1.1986726129899803,0.07311173526553683
FBgn0031412,2,3,1.2980686691053664,1.1986726129899803,0.09939605611538616
FBgn0031412,3,4,1.387604907106006,1.1986726129899803,0.18893229411602563
FBgn0031412,4,5,1.5708231469166987,1.1986726129899803,0.3721505339267184
FBgn0031412,5,6,1.5415715816408118,1.1986726129899803,0.34289896865083147
FBgn0031412,6,7,1.4863097040124373,1.1986726129899803,0.28763709102245705
FBgn0031412,8,8,1.2734857862276756,1.1986726129899803,0.07481317323769532
FBgn0031412,10,9,1.0677645782397978,1.1986726129899803,-0.13090803475018253
FBgn0031412,12,10,1.12527292834935,1.1986726129899803,-0.07339968464063018
FBgn0031412,14,11,1.4622446627842085,1.1986726129899803,0.2635720497942282
FBgn0031412,16,12,1.0684715408797198,1.1986726129899803,-0.13020107211026044
FBgn0031412,20,13,1.3603254555272204,1.1986726129899803,0.1616528425372401
FBgn0031412,24,14,1.3633800712204018,1.1986726129899803,0.16470745823042154
FBgn0031412,30,15,1.1677637408801416,1.1986726129899803,-0.030908872109838725
FBgn0031412,36,16,1.5089876491777354,1.1986726129899803,0.31031503618775513
FBgn0031412,42,17,1.6853352568442972,1.1986726129899803,0.4866626438543169
FBgn0031412,48,18,1.0977682287386772,1.1986726129899803,-0.1009043842513031
FBgn0031412,72,19,1.482000446021148,1.1986726129899803,0.2833278330311677
FBgn0031412,96,20,2.998777923008526,1.1986726129899803,1.8001053100185458
FBgn0031412,120,21,2.4757813860030984,1.1986726129899803,1.277108773013118
FBgn0031418,1,2,7.94161319540942,7.734408995449955,0.20720419995946493
FBgn0031418,2,3,7.877341663497932,7.734408995449955,0.142932668047977
FBgn0031418,3,4,7.714075962234397,7.734408995449955,-0.02033303321555735
FBgn0031418,4,5,8.115381803207432,7.734408995449955,0.38097280775747766
FBgn0031418,5,6,7.826933752395581,7.734408995449955,0.09252475694562623
FBgn0031418,6,7,7.186961249617321,7.734408995449955,-0.5474477458326339
FBgn0031418,8,8,7.041546083060624,7.734408995449955,-0.6928629123893311
FBgn0031418,10,9,7.531473977659875,7.734408995449955,-0.20293501779007972
FBgn0031418,12,10,7.569561119452857,7.734408995449955,-0.16484787599709794
FBgn0031418,14,11,7.885193805524626,7.734408995449955,0.15078481007467115
FBgn0031418,16,12,7.896739278966164,7.734408995449955,0.16233028351620948
FBgn0031418,20,13,8.258617954797222,7.734408995449955,0.5242089593472672
FBgn0031418,24,14,8.591322831439129,7.734408995449955,0.8569138359891744
FBgn0031418,30,15,8.653056608306875,7.734408995449955,0.9186476128569199
FBgn0031418,36,16,8.636227731832188,7.734408995449955,0.901818736382233
FBgn0031418,42,17,8.927243193601809,7.734408995449955,1.1928341981518544
FBgn0031418,48,18,8.792368637247279,7.734408995449955,1.057959641797324
FBgn0031418,72,19,9.411239762829862,7.734408995449955,1.676830767379907
FBgn0031418,96,20,9.212477988140193,7.734408995449955,1.4780689926902388
FBgn0031418,120,21,9.538443876823507,7.734408995449955,1.8040348813735525
FBgn0031428,1,2,5.2112439442029,5.381417876448411,-0.17017393224551025
FBgn0031428,2,3,4.999124584348969,5.381417876448411,-0.3822932920994413
FBgn0031428,3,4,4.787679974561689,5.381417876448411,-0.5937379018867217
FBgn0031428,4,5,4.558164290880348,5.381417876448411,-0.8232535855680627
FBgn0031428,5,6,4.2763453263267674,5.381417876448411,-1.1050725501216432
FBgn0031428,6,7,4.334258100293582,5.381417876448411,-1.047159776154829
FBgn0031428,8,8,4.431836277096098,5.381417876448411,-0.9495815993523129
FBgn0031428,10,9,4.933707070763627,5.381417876448411,-0.4477108056847836
FBgn0031428,12,10,5.1846090463549,5.381417876448411,-0.19680883009351025
FBgn0031428,14,11,5.362157498001395,5.381417876448411,-0.019260378447016002
FBgn0031428,16,12,5.786531528507938,5.381417876448411,0.4051136520595273
FBgn0031428,20,13,5.839723713593374,5.381417876448411,0.4583058371449633
FBgn0031428,24,14,5.579000971327993,5.381417876448411,0.19758309487958226
FBgn0031428,30,15,5.336012128870187,5.381417876448411,-0.04540574757822391
FBgn0031428,36,16,5.517626928608287,5.381417876448411,0.13620905215987644
FBgn0031428,42,17,6.097482949637174,5.381417876448411,0.716065073188763
FBgn0031428,48,18,5.783101827337443,5.381417876448411,0.40168395088903264
FBgn0031428,72,19,5.745476706782607,5.381417876448411,0.36405883033419606
FBgn0031428,96,20,5.66189122386361,5.381417876448411,0.28047334741519947
FBgn0031428,120,21,5.799206235993999,5.381417876448411,0.4177883595455887
FBgn0031432,1,2,5.821587167990799,4.249391038345783,1.5721961296450164
FBgn0031432,2,3,5.856088206458043,4.249391038345783,1.6066971681122606
FBgn0031432,3,4,5.2960686337516405,4.249391038345783,1.0466775954058578
FBgn0031432,4,5,5.808702840728124,4.249391038345783,1.5593118023823411
FBgn0031432,5,6,5.253060113864983,4.249391038345783,1.0036690755192001
FBgn0031432,6,7,4.893937005970269,4.249391038345783,0.6445459676244862
FBgn0031432,8,8,4.241875701966663,4.249391038345783,-0.00751533637911983
FBgn0031432,10,9,4.83044805048439,4.249391038345783,0.5810570121386069
FBgn0031432,12,10,5.467460004015398,4.249391038345783,1.218068965669615
FBgn0031432,14,11,5.902319504857138,4.249391038345783,1.652928466511355
FBgn0031432,16,12,5.095080321545321,4.249391038345783,0.8456892831995386
FBgn0031432,20,13,4.822145216003529,4.249391038345783,0.572754177657746
FBgn0031432,24,14,5.52227571057435,4.249391038345783,1.2728846722285674
FBgn0031432,30,15,5.86694861794696,4.249391038345783,1.6175575796011774
FBgn0031432,36,16,6.22148782635904,4.249391038345783,1.972096788013257
FBgn0031432,42,17,5.735947655463809,4.249391038345783,1.4865566171180262
FBgn0031432,48,18,6.133651397750102,4.249391038345783,1.884260359404319
FBgn0031432,72,19,6.799494690870819,4.249391038345783,2.5501036525250367
FBgn0031432,96,20,6.685021902182191,4.249391038345783,2.4356308638364084
FBgn0031432,120,21,6.872965492120956,4.249391038345783,2.6235744537751735
FBgn0031461,1,2,4.869757851992764,5.375894682970527,-0.5061368309777627
FBgn0031461,2,3,6.011822123572472,5.375894682970527,0.6359274406019448
FBgn0031461,3,4,5.147728662967954,5.375894682970527,-0.2281660200025728
FBgn0031461,4,5,5.338630254928231,5.375894682970527,-0.03726442804229624
FBgn0031461,5,6,4.767765103687496,5.375894682970527,-0.6081295792830312
FBgn0031461,6,7,5.4131276223719915,5.375894682970527,0.03723293940146455
FBgn0031461,8,8,5.741578335457002,5.375894682970527,0.3656836524864753
FBgn0031461,10,9,5.718483112493736,5.375894682970527,0.3425884295232091
FBgn0031461,12,10,5.658256429434688,5.375894682970527,0.28236174646416146
FBgn0031461,14,11,4.798904026699972,5.375894682970527,-0.5769906562705547
FBgn0031461,16,12,4.79601607823073,5.375894682970527,-0.5798786047397968
FBgn0031461,20,13,5.080098380102294,5.375894682970527,-0.2957963028682329
FBgn0031461,24,14,4.911559426681802,5.375894682970527,-0.46433525628872463
FBgn0031461,30,15,5.259850954916276,5.375894682970527,-0.116043728054251
FBgn0031461,36,16,4.447747816839518,5.375894682970527,-0.9281468661310086
FBgn0031461,42,17,4.509293222340926,5.375894682970527,-0.8666014606296013
FBgn0031461,48,18,4.924044452455192,5.375894682970527,-0.4518502305153351
FBgn0031461,72,19,4.496636709873251,5.375894682970527,-0.8792579730972756
FBgn0031461,96,20,4.869379486051344,5.375894682970527,-0.5065151969191826
FBgn0031461,120,21,3.948673307466867,5.375894682970527,-1.42722137550366
FBgn0031470,1,2,0.33638812956272507,0.23457459529194474,0.10181353427078033
FBgn0031470,2,3,0.47438188732755115,0.23457459529194474,0.2398072920356064
FBgn0031470,3,4,1.2099879866893977,0.23457459529194474,0.975413391397453
FBgn0031470,4,5,1.5532741814865565,0.23457459529194474,1.3186995861946118
FBgn0031470,5,6,2.4035741570843343,0.23457459529194474,2.1689995617923894
FBgn0031470,6,7,2.3832351832511076,0.23457459529194474,2.1486605879591627
FBgn0031470,8,8,2.2460509113794047,0.23457459529194474,2.01147631608746
FBgn0031470,10,9,2.0295911842252075,0.23457459529194474,1.7950165889332628
FBgn0031470,12,10,2.268679978544145,0.23457459529194474,2.0341053832522
FBgn0031470,14,11,1.5009277006444237,0.23457459529194474,1.266353105352479
FBgn0031470,16,12,1.4283607285864868,0.23457459529194474,1.193786133294542
FBgn0031470,20,13,1.3492377782211358,0.23457459529194474,1.114663182929191
FBgn0031470,24,14,1.1308825163139613,0.23457459529194474,0.8963079210220166
FBgn0031470,30,15,2.4828316455746373,0.23457459529194474,2.2482570502826924
FBgn0031470,36,16,0.9413575940978252,0.23457459529194474,0.7067829988058805
FBgn0031470,42,17,1.0000725295030486,0.23457459529194474,0.7654979342111039
FBgn0031470,48,18,0.8496725478527274,0.23457459529194474,0.6150979525607827
FBgn0031470,72,19,1.4755087809253742,0.23457459529194474,1.2409341856334295
FBgn0031470,96,20,1.6573738854940536,0.23457459529194474,1.422799290202109
FBgn0031470,120,21,0.6381878228599888,0.23457459529194474,0.403613227568044
FBgn0031471,1,2,0.3404226937703604,0.26056557281339815,0.07985712095696224
FBgn0031471,2,3,0.2830818472265515,0.26056557281339815,0.022516274413153348
FBgn0031471,3,4,0.38192832479800753,0.26056557281339815,0.12136275198460938
FBgn0031471,4,5,0.488250428642758,0.26056557281339815,0.22768485582935988
FBgn0031471,5,6,1.0124914326867585,0.26056557281339815,0.7519258598733602
FBgn0031471,6,7,1.0627111634808655,0.26056557281339815,0.8021455906674673
FBgn0031471,8,8,0.9581858249326092,0.26056557281339815,0.697620252119211
FBgn0031471,10,9,1.105039077414025,0.26056557281339815,0.8444735046006269
FBgn0031471,12,10,0.9808698067875918,0.26056557281339815,0.7203042339741936
FBgn0031471,14,11,1.069740321048151,0.26056557281339815,0.8091747482347529
FBgn0031471,16,12,0.4916936988665697,0.26056557281339815,0.23112812605317157
FBgn0031471,20,13,0.6403586767428802,0.26056557281339815,0.379793103929482
FBgn0031471,24,14,0.44152981094169486,0.26056557281339815,0.1809642381282967
FBgn0031471,30,15,1.9560578805829456,0.26056557281339815,1.6954923077695474
FBgn0031471,36,16,0.6709605119574844,0.26056557281339815,0.41039493914408626
FBgn0031471,42,17,1.2074877503623525,0.26056557281339815,0.9469221775489542
FBgn0031471,48,18,0.5585100156211323,0.26056557281339815,0.2979444428077342
FBgn0031471,72,19,1.2132893707846195,0.26056557281339815,0.9527237979712213
FBgn0031471,96,20,1.2077510964543712,0.26056557281339815,0.947185523640973
FBgn0031471,120,21,0.9410634986074691,0.26056557281339815,0.6804979257940709
FBgn0031490,1,2,3.3115956743255923,2.933415998473574,0.37817967585201817
FBgn0031490,2,3,3.4979854212170243,2.933415998473574,0.5645694227434501
FBgn0031490,3,4,2.9292795752350567,2.933415998473574,-0.004136423238517484
FBgn0031490,4,5,3.1196268771534363,2.933415998473574,0.1862108786798622
FBgn0031490,5,6,2.824400806137165,2.933415998473574,-0.10901519233640933
FBgn0031490,6,7,3.308980628698865,2.933415998473574,0.37556463022529085
FBgn0031490,8,8,3.355216727377007,2.933415998473574,0.4218007289034329
FBgn0031490,10,9,3.127808421446897,2.933415998473574,0.1943924229733227
FBgn0031490,12,10,3.20685494070601,2.933415998473574,0.2734389422324357
FBgn0031490,14,11,3.3915555236644033,2.933415998473574,0.4581395251908291
FBgn0031490,16,12,3.1276224998919693,2.933415998473574,0.19420650141839513
FBgn0031490,20,13,3.5943811166627606,2.933415998473574,0.6609651181891865
FBgn0031490,24,14,3.466492690845842,2.933415998473574,0.5330766923722678
FBgn0031490,30,15,3.4441391374144334,2.933415998473574,0.5107231389408593
FBgn0031490,36,16,3.643547130520437,2.933415998473574,0.7101311320468628
FBgn0031490,42,17,3.7661423514377397,2.933415998473574,0.8327263529641655
FBgn0031490,48,18,3.4189170504695476,2.933415998473574,0.4855010519959735
FBgn0031490,72,19,3.668495252637188,2.933415998473574,0.735079254163614
FBgn0031490,96,20,5.4230494908272515,2.933415998473574,2.4896334923536774
FBgn0031490,120,21,4.779993264082084,2.933415998473574,1.8465772656085102
FBgn0031560,1,2,7.04162364106057,5.9893883951822335,1.0522352458783368
FBgn0031560,2,3,7.956307176613551,5.9893883951822335,1.9669187814313176
FBgn0031560,3,4,8.147837567649015,5.9893883951822335,2.1584491724667814
FBgn0031560,4,5,7.832960549496771,5.9893883951822335,1.8435721543145371
FBgn0031560,5,6,8.181225918017143,5.9893883951822335,2.191837522834909
FBgn0031560,6,7,7.647523665281417,5.9893883951822335,1.6581352700991836
FBgn0031560,8,8,7.2304146818423645,5.9893883951822335,1.241026286660131
FBgn0031560,10,9,7.048140943572779,5.9893883951822335,1.0587525483905456
FBgn0031560,12,10,6.780161826551632,5.9893883951822335,0.7907734313693986
FBgn0031560,14,11,7.320111612601575,5.9893883951822335,1.330723217419341
FBgn0031560,16,12,7.014343069460459,5.9893883951822335,1.0249546742782254
FBgn0031560,20,13,6.770066764093457,5.9893883951822335,0.7806783689112233
FBgn0031560,24,14,6.02661605963131,5.9893883951822335,0.03722766444907677
FBgn0031560,30,15,7.069847045654495,5.9893883951822335,1.080458650472261
FBgn0031560,36,16,6.493866435224554,5.9893883951822335,0.5044780400423203
FBgn0031560,42,17,6.809117266226693,5.9893883951822335,0.8197288710444592
FBgn0031560,48,18,6.434384858829381,5.9893883951822335,0.44499646364714707
FBgn0031560,72,19,6.670813677501609,5.9893883951822335,0.6814252823193758
FBgn0031560,96,20,6.644626015707203,5.9893883951822335,0.6552376205249697
FBgn0031560,120,21,6.692491697826313,5.9893883951822335,0.7031033026440792
FBgn0031562,1,2,5.513805076005856,4.967806522599273,0.5459985534065837
FBgn0031562,2,3,6.452061850113329,4.967806522599273,1.484255327514056
FBgn0031562,3,4,6.983873118726056,4.967806522599273,2.016066596126783
FBgn0031562,4,5,6.12429762549743,4.967806522599273,1.1564911028981575
FBgn0031562,5,6,7.030786121122302,4.967806522599273,2.0629795985230297
FBgn0031562,6,7,6.178309269828333,4.967806522599273,1.21050274722906
FBgn0031562,8,8,5.360743125733833,4.967806522599273,0.3929366031345607
FBgn0031562,10,9,6.120833612804818,4.967806522599273,1.153027090205545
FBgn0031562,12,10,6.052784728729597,4.967806522599273,1.084978206130324
FBgn0031562,14,11,6.412777222845522,4.967806522599273,1.444970700246249
FBgn0031562,16,12,5.845755740770443,4.967806522599273,0.8779492181711701
FBgn0031562,20,13,5.639218093236893,4.967806522599273,0.6714115706376207
FBgn0031562,24,14,4.646713918978422,4.967806522599273,-0.32109260362085035
FBgn0031562,30,15,5.569443500522608,4.967806522599273,0.6016369779233353
FBgn0031562,36,16,5.726201597341881,4.967806522599273,0.7583950747426087
FBgn0031562,42,17,5.325919204647274,4.967806522599273,0.3581126820480014
FBgn0031562,48,18,5.430886688644122,4.967806522599273,0.4630801660448496
FBgn0031562,72,19,5.345667419172043,4.967806522599273,0.3778608965727699
FBgn0031562,96,20,6.078336412631857,4.967806522599273,1.1105298900325842
FBgn0031562,120,21,5.803424104808602,4.967806522599273,0.8356175822093297
FBgn0031654,1,2,1.947885531079532,1.7473894170379154,0.2004961140416166
FBgn0031654,2,3,1.5690578202094327,1.7473894170379154,-0.17833159682848265
FBgn0031654,3,4,1.8983018889143977,1.7473894170379154,0.15091247187648227
FBgn0031654,4,5,2.2732230834797633,1.7473894170379154,0.5258336664418479
FBgn0031654,5,6,1.6826723483475226,1.7473894170379154,-0.06471706869039284
FBgn0031654,6,7,1.758183353547719,1.7473894170379154,0.010793936509803537
FBgn0031654,8,8,3.1893123747400365,1.7473894170379154,1.441922957702121
FBgn0031654,10,9,3.644093804327336,1.7473894170379154,1.8967043872894207
FBgn0031654,12,10,3.4716004382590175,1.7473894170379154,1.7242110212211021
FBgn0031654,14,11,2.337111829806001,1.7473894170379154,0.5897224127680856
FBgn0031654,16,12,1.8347522624037456,1.7473894170379154,0.08736284536583017
FBgn0031654,20,13,1.392442974475924,1.7473894170379154,-0.3549464425619915
FBgn0031654,24,14,5.472116251502596,1.7473894170379154,3.724726834464681
FBgn0031654,30,15,3.81763631554405,1.7473894170379154,2.0702468985061344
FBgn0031654,36,16,3.957457302573415,1.7473894170379154,2.2100678855354996
FBgn0031654,42,17,2.237636125768928,1.7473894170379154,0.4902467087310125
FBgn0031654,48,18,3.8940249905458986,1.7473894170379154,2.146635573507983
FBgn0031654,72,19,5.260379613105583,1.7473894170379154,3.5129901960676673
FBgn0031654,96,20,4.09425688843038,1.7473894170379154,2.346867471392464
FBgn0031654,120,21,5.5162279221970865,1.7473894170379154,3.768838505159171
FBgn0031689,1,2,6.977702491823972,6.310010776776243,0.6676917150477291
FBgn0031689,2,3,6.770386459673359,6.310010776776243,0.4603756828971166
FBgn0031689,3,4,6.340994258664443,6.310010776776243,0.030983481888200437
FBgn0031689,4,5,6.440839535814245,6.310010776776243,0.1308287590380024
FBgn0031689,5,6,6.297749802304343,6.310010776776243,-0.012260974471899999
FBgn0031689,6,7,6.150064071310865,6.310010776776243,-0.15994670546537737
FBgn0031689,8,8,6.3297508187622755,6.310010776776243,0.019740041986032963
FBgn0031689,10,9,6.846277816016125,6.310010776776243,0.5362670392398821
FBgn0031689,12,10,7.082278369483633,6.310010776776243,0.7722675927073901
FBgn0031689,14,11,6.986904738954469,6.310010776776243,0.6768939621782266
FBgn0031689,16,12,6.685732776664753,6.310010776776243,0.3757219998885102
FBgn0031689,20,13,6.317351749261192,6.310010776776243,0.007340972484949582
FBgn0031689,24,14,7.494514214720889,6.310010776776243,1.1845034379446462
FBgn0031689,30,15,7.554007505994509,6.310010776776243,1.2439967292182663
FBgn0031689,36,16,7.58974114925517,6.310010776776243,1.2797303724789275
FBgn0031689,42,17,6.922299066879961,6.310010776776243,0.6122882901037183
FBgn0031689,48,18,7.551706641214723,6.310010776776243,1.2416958644384808
FBgn0031689,72,19,8.124868534925469,6.310010776776243,1.814857758149226
FBgn0031689,96,20,7.9909324265128525,6.310010776776243,1.68092164973661
FBgn0031689,120,21,8.16309152947346,6.310010776776243,1.8530807526972177
FBgn0031701,1,2,2.3758062295266793,4.261023322967324,-1.8852170934406445
FBgn0031701,2,3,4.202664411590658,4.261023322967324,-0.05835891137666582
FBgn0031701,3,4,5.9593678542381285,4.261023322967324,1.6983445312708048
FBgn0031701,4,5,8.499634198059711,4.261023322967324,4.238610875092387
FBgn0031701,5,6,9.807751344091287,4.261023322967324,5.546728021123963
FBgn0031701,6,7,10.141884614301137,4.261023322967324,5.880861291333813
FBgn0031701,8,8,10.643093457269886,4.261023322967324,6.3820701343025625
FBgn0031701,10,9,10.876383810503835,4.261023322967324,6.6153604875365115
FBgn0031701,12,10,11.339241023421229,4.261023322967324,7.078217700453905
FBgn0031701,14,11,10.53046090954853,4.261023322967324,6.269437586581207
FBgn0031701,16,12,9.831316544890182,4.261023322967324,5.570293221922858
FBgn0031701,20,13,9.880590040168592,4.261023322967324,5.619566717201268
FBgn0031701,24,14,8.554487795474081,4.261023322967324,4.2934644725067574
FBgn0031701,30,15,9.37024578505661,4.261023322967324,5.109222462089287
FBgn0031701,36,16,8.668281895251166,4.261023322967324,4.407258572283842
FBgn0031701,42,17,8.446318955973661,4.261023322967324,4.185295633006337
FBgn0031701,48,18,7.077534396909899,4.261023322967324,2.816511073942575
FBgn0031701,72,19,4.9547189998858485,4.261023322967324,0.6936956769185247
FBgn0031701,96,20,4.8337893447130895,4.261023322967324,0.5727660217457657
FBgn0031701,120,21,3.8871998705344915,4.261023322967324,-0.3738234524328323
FBgn0031860,1,2,5.252869796899638,5.339886411740236,-0.0870166148405973
FBgn0031860,2,3,4.781401107011218,5.339886411740236,-0.5584853047290173
FBgn0031860,3,4,4.284516126979509,5.339886411740236,-1.055370284760727
FBgn0031860,4,5,4.232043578227714,5.339886411740236,-1.1078428335125219
FBgn0031860,5,6,4.298811124418481,5.339886411740236,-1.041075287321755
FBgn0031860,6,7,4.259627261397714,5.339886411740236,-1.0802591503425214
FBgn0031860,8,8,4.909223745680803,5.339886411740236,-0.4306626660594324
FBgn0031860,10,9,5.543444673447487,5.339886411740236,0.20355826170725155
FBgn0031860,12,10,5.72476322200731,5.339886411740236,0.3848768102670741
FBgn0031860,14,11,5.186056893479302,5.339886411740236,-0.15382951826093372
FBgn0031860,16,12,5.307435334160916,5.339886411740236,-0.032451077579319865
FBgn0031860,20,13,5.397506060541032,5.339886411740236,0.057619648800796064
FBgn0031860,24,14,5.7974811514221205,5.339886411740236,0.4575947396818849
FBgn0031860,30,15,5.668305316132209,5.339886411740236,0.32841890439197297
FBgn0031860,36,16,5.650214664864053,5.339886411740236,0.3103282531238172
FBgn0031860,42,17,5.525489838297164,5.339886411740236,0.18560342655692796
FBgn0031860,48,18,5.776335696333309,5.339886411740236,0.4364492845930732
FBgn0031860,72,19,5.8421034874219595,5.339886411740236,0.5022170756817239
FBgn0031860,96,20,5.7417538408403725,5.339886411740236,0.40186742910013695
FBgn0031860,120,21,5.907902130202385,5.339886411740236,0.5680157184621493
FBgn0031925,1,2,4.3628210826357225,4.839280761451224,-0.4764596788155018
FBgn0031925,2,3,3.8794829600597778,4.839280761451224,-0.9597978013914465
FBgn0031925,3,4,4.071316389862356,4.839280761451224,-0.7679643715888682
FBgn0031925,4,5,4.44790901381503,4.839280761451224,-0.3913717476361942
FBgn0031925,5,6,4.698812011953466,4.839280761451224,-0.14046874949775834
FBgn0031925,6,7,4.979719829010573,4.839280761451224,0.14043906755934898
FBgn0031925,8,8,5.44526920767715,4.839280761451224,0.6059884462259255
FBgn0031925,10,9,6.076947353058175,4.839280761451224,1.237666591606951
FBgn0031925,12,10,5.6720056474997165,4.839280761451224,0.8327248860484922
FBgn0031925,14,11,6.228832987650858,4.839280761451224,1.3895522261996334
FBgn0031925,16,12,6.459001298601461,4.839280761451224,1.6197205371502363
FBgn0031925,20,13,5.993042353338781,4.839280761451224,1.153761591887557
FBgn0031925,24,14,5.200626647824784,4.839280761451224,0.36134588637355947
FBgn0031925,30,15,5.292537316634358,4.839280761451224,0.4532565551831338
FBgn0031925,36,16,5.729389526788904,4.839280761451224,0.89010876533768
FBgn0031925,42,17,6.464277585070249,4.839280761451224,1.6249968236190249
FBgn0031925,48,18,5.033280990659279,4.839280761451224,0.19400022920805426
FBgn0031925,72,19,5.026573553795179,4.839280761451224,0.18729279234395424
FBgn0031925,96,20,4.654839448999844,4.839280761451224,-0.18444131245137996
FBgn0031925,120,21,4.7714501207836575,4.839280761451224,-0.06783064066756683
FBgn0031929,1,2,4.279097333926111,3.567132165348313,0.7119651685777981
FBgn0031929,2,3,4.254458215792082,3.567132165348313,0.6873260504437688
FBgn0031929,3,4,4.058252220926799,3.567132165348313,0.49112005557848626
FBgn0031929,4,5,3.308504952786772,3.567132165348313,-0.258627212561541
FBgn0031929,5,6,4.057301956754438,3.567132165348313,0.4901697914061254
FBgn0031929,6,7,3.935568074440014,3.567132165348313,0.3684359090917013
FBgn0031929,8,8,4.530177539290046,3.567132165348313,0.9630453739417328
FBgn0031929,10,9,5.132052782047976,3.567132165348313,1.5649206166996636
FBgn0031929,12,10,4.771948236377578,3.567132165348313,1.2048160710292652
FBgn0031929,14,11,4.726661726734362,3.567132165348313,1.1595295613860488
FBgn0031929,16,12,4.526825023230488,3.567132165348313,0.9596928578821755
FBgn0031929,20,13,5.112808283117943,3.567132165348313,1.5456761177696299
FBgn0031929,24,14,5.347561485700422,3.567132165348313,1.780429320352109
FBgn0031929,30,15,5.221996566365156,3.567132165348313,1.6548644010168436
FBgn0031929,36,16,4.894217696526164,3.567132165348313,1.3270855311778513
FBgn0031929,42,17,5.307586686219686,3.567132165348313,1.7404545208713733
FBgn0031929,48,18,5.653790015629292,3.567132165348313,2.0866578502809796
FBgn0031929,72,19,5.6489308723340335,3.567132165348313,2.0817987069857207
FBgn0031929,96,20,5.542442924567748,3.567132165348313,1.9753107592194352
FBgn0031929,120,21,5.634083477595398,3.567132165348313,2.0669513122470855
FBgn0031940,1,2,3.021991687296844,4.057898808536864,-1.0359071212400197
FBgn0031940,2,3,2.4102271654026204,4.057898808536864,-1.6476716431342435
FBgn0031940,3,4,3.230399783058,4.057898808536864,-0.8274990254788639
FBgn0031940,4,5,2.6746922251157397,4.057898808536864,-1.3832065834211242
FBgn0031940,5,6,3.3793046326944687,4.057898808536864,-0.6785941758423952
FBgn0031940,6,7,2.7831391624456283,4.057898808536864,-1.2747596460912356
FBgn0031940,8,8,2.2443991506629493,4.057898808536864,-1.8134996578739146
FBgn0031940,10,9,2.826383588904985,4.057898808536864,-1.2315152196318788
FBgn0031940,12,10,2.8728426250227934,4.057898808536864,-1.1850561835140705
FBgn0031940,14,11,2.7415469892953945,4.057898808536864,-1.3163518192414694
FBgn0031940,16,12,2.9704361937775356,4.057898808536864,-1.0874626147593283
FBgn0031940,20,13,2.727585301958504,4.057898808536864,-1.33031350657836
FBgn0031940,24,14,3.3328208140929174,4.057898808536864,-0.7250779944439465
FBgn0031940,30,15,2.676549033606317,4.057898808536864,-1.381349774930547
FBgn0031940,36,16,2.6851862062298073,4.057898808536864,-1.3727126023070566
FBgn0031940,42,17,2.6739948371918016,4.057898808536864,-1.3839039713450623
FBgn0031940,48,18,2.735848139419298,4.057898808536864,-1.3220506691175657
FBgn0031940,72,19,2.290519711216804,4.057898808536864,-1.76737909732006
FBgn0031940,96,20,2.1920693015139916,4.057898808536864,-1.8658295070228723
FBgn0031940,120,21,1.6969918776120179,4.057898808536864,-2.360906930924846
FBgn0031942,1,2,3.0792702957610523,4.4733980768036705,-1.3941277810426183
FBgn0031942,2,3,2.7064752858047556,4.4733980768036705,-1.766922790998915
FBgn0031942,3,4,3.2069149179514773,4.4733980768036705,-1.2664831588521932
FBgn0031942,4,5,2.816770323566698,4.4733980768036705,-1.6566277532369726
FBgn0031942,5,6,2.741238709157346,4.4733980768036705,-1.7321593676463247
FBgn0031942,6,7,2.498757123550791,4.4733980768036705,-1.9746409532528797
FBgn0031942,8,8,2.173891227776523,4.4733980768036705,-2.2995068490271473
FBgn0031942,10,9,2.5680967775715486,4.4733980768036705,-1.9053012992321219
FBgn0031942,12,10,2.411921426582666,4.4733980768036705,-2.0614766502210045
FBgn0031942,14,11,2.1585434400363797,4.4733980768036705,-2.314854636767291
FBgn0031942,16,12,2.517824335192161,4.4733980768036705,-1.9555737416115093
FBgn0031942,20,13,2.432710230493406,4.4733980768036705,-2.0406878463102647
FBgn0031942,24,14,3.1925909877693632,4.4733980768036705,-1.2808070890343073
FBgn0031942,30,15,2.4329418134761047,4.4733980768036705,-2.040456263327566
FBgn0031942,36,16,2.1127570199452856,4.4733980768036705,-2.360641056858385
FBgn0031942,42,17,2.443619232158844,4.4733980768036705,-2.0297788446448264
FBgn0031942,48,18,2.5246029821795437,4.4733980768036705,-1.9487950946241268
FBgn0031942,72,19,2.332394091942518,4.4733980768036705,-2.1410039848611526
FBgn0031942,96,20,2.2312736144002425,4.4733980768036705,-2.242124462403428
FBgn0031942,120,21,2.393535238492229,4.4733980768036705,-2.0798628383114415
FBgn0031973,1,2,6.493752574090552,4.534228110122454,1.9595244639680978
FBgn0031973,2,3,6.31672573976857,4.534228110122454,1.782497629646116
FBgn0031973,3,4,5.883627689317285,4.534228110122454,1.3493995791948308
FBgn0031973,4,5,5.004395126248649,4.534228110122454,0.4701670161261946
FBgn0031973,5,6,4.4782309415034565,4.534228110122454,-0.055997168618997506
FBgn0031973,6,7,4.722629224410342,4.534228110122454,0.1884011142878883
FBgn0031973,8,8,4.9661176548267845,4.534228110122454,0.4318895447043305
FBgn0031973,10,9,4.84212006998562,4.534228110122454,0.3078919598631664
FBgn0031973,12,10,4.826432882551785,4.534228110122454,0.29220477242933107
FBgn0031973,14,11,4.634028326332771,4.534228110122454,0.09980021621031732
FBgn0031973,16,12,4.620122069206952,4.534228110122454,0.0858939590844976
FBgn0031973,20,13,4.982437596228424,4.534228110122454,0.44820948610597
FBgn0031973,24,14,4.699314521294355,4.534228110122454,0.1650864111719006
FBgn0031973,30,15,5.056391095829632,4.534228110122454,0.5221629857071779
FBgn0031973,36,16,4.759152559928459,4.534228110122454,0.22492444980600546
FBgn0031973,42,17,4.608839956660895,4.534228110122454,0.0746118465384411
FBgn0031973,48,18,4.702273751309914,4.534228110122454,0.1680456411874598
FBgn0031973,72,19,4.831879871884634,4.534228110122454,0.29765176176217967
FBgn0031973,96,20,4.818422345196973,4.534228110122454,0.28419423507451924
FBgn0031973,120,21,4.887833292120504,4.534228110122454,0.35360518199805036
FBgn0032002,1,2,3.5758225220237634,3.2108532606157505,0.3649692614080129
FBgn0032002,2,3,3.6853212608073713,3.2108532606157505,0.47446800019162083
FBgn0032002,3,4,3.634140649053645,3.2108532606157505,0.4232873884378945
FBgn0032002,4,5,3.311577688324606,3.2108532606157505,0.10072442770885548
FBgn0032002,5,6,3.361960998900484,3.2108532606157505,0.15110773828473345
FBgn0032002,6,7,3.466326075042965,3.2108532606157505,0.2554728144272147
FBgn0032002,8,8,3.20982122909035,3.2108532606157505,-0.0010320315254004342
FBgn0032002,10,9,3.038505669546303,3.2108532606157505,-0.17234759106944741
FBgn0032002,12,10,3.2815137767407276,3.2108532606157505,0.07066051612497715
FBgn0032002,14,11,3.4255410618997777,3.2108532606157505,0.2146878012840272
FBgn0032002,16,12,3.19756860658764,3.2108532606157505,-0.01328465402811041
FBgn0032002,20,13,3.1527002515941702,3.2108532606157505,-0.05815300902158027
FBgn0032002,24,14,3.319202319807685,3.2108532606157505,0.1083490591919345
FBgn0032002,30,15,3.446564082902236,3.2108532606157505,0.23571082228648566
FBgn0032002,36,16,3.812429272392196,3.2108532606157505,0.6015760117764457
FBgn0032002,42,17,3.7295220119697152,3.2108532606157505,0.5186687513539647
FBgn0032002,48,18,3.699435572101308,3.2108532606157505,0.4885823114855574
FBgn0032002,72,19,3.830668331956777,3.2108532606157505,0.6198150713410264
FBgn0032002,96,20,5.815738690359879,3.2108532606157505,2.6048854297441286
FBgn0032002,120,21,5.276536832493141,3.2108532606157505,2.0656835718773907
FBgn0032049,1,2,5.953803624532267,5.767373443197178,0.1864301813350897
FBgn0032049,2,3,6.289847025416106,5.767373443197178,0.5224735822189279
FBgn0032049,3,4,6.887451180131367,5.767373443197178,1.1200777369341894
FBgn0032049,4,5,7.353443445865338,5.767373443197178,1.5860700026681602
FBgn0032049,5,6,7.573595488826943,5.767373443197178,1.8062220456297648
FBgn0032049,6,7,7.1159189720411415,5.767373443197178,1.3485455288439638
FBgn0032049,8,8,7.618448727154631,5.767373443197178,1.851075283957453
FBgn0032049,10,9,7.92744647899417,5.767373443197178,2.1600730357969926
FBgn0032049,12,10,7.889774966680774,5.767373443197178,2.122401523483596
FBgn0032049,14,11,7.515145678925196,5.767373443197178,1.7477722357280179
FBgn0032049,16,12,6.667686279483243,5.767373443197178,0.9003128362860657
FBgn0032049,20,13,7.733407175119892,5.767373443197178,1.966033731922714
FBgn0032049,24,14,8.84224475747503,5.767373443197178,3.0748713142778517
FBgn0032049,30,15,8.565100483012726,5.767373443197178,2.7977270398155483
FBgn0032049,36,16,7.964136780396464,5.767373443197178,2.196763337199286
FBgn0032049,42,17,7.202139570968077,5.767373443197178,1.4347661277708994
FBgn0032049,48,18,7.964814299370241,5.767373443197178,2.1974408561730634
FBgn0032049,72,19,8.449328446116724,5.767373443197178,2.681955002919546
FBgn0032049,96,20,7.581312870041336,5.767373443197178,1.8139394268441587
FBgn0032049,120,21,8.115012798204631,5.767373443197178,2.3476393550074537
FBgn0032066,1,2,2.1593155166023603,1.9768192958545208,0.18249622074783955
FBgn0032066,2,3,1.575225591766948,1.9768192958545208,-0.4015937040875728
FBgn0032066,3,4,0.9330039276929311,1.9768192958545208,-1.0438153681615896
FBgn0032066,4,5,1.3452623188091277,1.9768192958545208,-0.631556977045393
FBgn0032066,5,6,1.9797148887366862,1.9768192958545208,0.002895592882165454
FBgn0032066,6,7,1.9518578528825987,1.9768192958545208,-0.024961442971922043
FBgn0032066,8,8,3.1834436776045933,1.9768192958545208,1.2066243817500726
FBgn0032066,10,9,4.3791961115729965,1.9768192958545208,2.4023768157184757
FBgn0032066,12,10,2.8469480681836288,1.9768192958545208,0.870128772329108
FBgn0032066,14,11,3.208175791688938,1.9768192958545208,1.2313564958344174
FBgn0032066,16,12,3.5729386972081016,1.9768192958545208,1.5961194013535809
FBgn0032066,20,13,3.7691882858346935,1.9768192958545208,1.7923689899801727
FBgn0032066,24,14,4.12848851525752,1.9768192958545208,2.1516692194029994
FBgn0032066,30,15,4.784703918601833,1.9768192958545208,2.8078846227473124
FBgn0032066,36,16,4.149029526189734,1.9768192958545208,2.1722102303352133
FBgn0032066,42,17,4.257017349714928,1.9768192958545208,2.2801980538604076
FBgn0032066,48,18,5.122384872836894,1.9768192958545208,3.145565576982373
FBgn0032066,72,19,5.421425333831673,1.9768192958545208,3.444606037977152
FBgn0032066,96,20,5.017744613049109,1.9768192958545208,3.040925317194588
FBgn0032066,120,21,5.834934752761161,1.9768192958545208,3.85811545690664
FBgn0032067,1,2,0.4210169284858096,0.41270681533685183,0.008310113148957798
FBgn0032067,2,3,0.2830818472265515,0.41270681533685183,-0.12962496811030033
FBgn0032067,3,4,0.203566034454516,0.41270681533685183,-0.20914078088233584
FBgn0032067,4,5,0.0887568244953428,0.41270681533685183,-0.323949990841509
FBgn0032067,5,6,0.3865142632450611,0.41270681533685183,-0.026192552091790722
FBgn0032067,6,7,0.3561981258572122,0.41270681533685183,-0.05650868947963961
FBgn0032067,8,8,0.6626878603068377,0.41270681533685183,0.24998104496998585
FBgn0032067,10,9,1.58661641178011,0.41270681533685183,1.1739095964432582
FBgn0032067,12,10,0.9180635127182923,0.41270681533685183,0.5053566973814405
FBgn0032067,14,11,0.9170590379742225,0.41270681533685183,0.5043522226373707
FBgn0032067,16,12,0.8743648000431873,0.41270681533685183,0.46165798470633546
FBgn0032067,20,13,1.0138336254645965,0.41270681533685183,0.6011268101277447
FBgn0032067,24,14,1.076422131361848,0.41270681533685183,0.6637153160249962
FBgn0032067,30,15,1.499183265757365,0.41270681533685183,1.086476450420513
FBgn0032067,36,16,1.272877455160319,0.41270681533685183,0.8601706398234672
FBgn0032067,42,17,0.8942147624982169,0.41270681533685183,0.481507947161365
FBgn0032067,48,18,1.7050360209998798,0.41270681533685183,1.292329205663028
FBgn0032067,72,19,2.3694652310353357,0.41270681533685183,1.9567584156984839
FBgn0032067,96,20,1.8263161787772142,0.41270681533685183,1.4136093634403624
FBgn0032067,120,21,3.0073297652789464,0.41270681533685183,2.5946229499420945
FBgn0032068,1,2,3.4162674810783775,2.5712389674302223,0.8450285136481552
FBgn0032068,2,3,2.751130899262643,2.5712389674302223,0.17989193183242058
FBgn0032068,3,4,2.3481226313034878,2.5712389674302223,-0.22311633612673454
FBgn0032068,4,5,1.899887670684409,2.5712389674302223,-0.6713512967458133
FBgn0032068,5,6,3.0778695344645413,2.5712389674302223,0.506630567034319
FBgn0032068,6,7,3.250115598736506,2.5712389674302223,0.6788766313062835
FBgn0032068,8,8,4.429533733103868,2.5712389674302223,1.8582947656736462
FBgn0032068,10,9,5.307724756923704,2.5712389674302223,2.7364857894934813
FBgn0032068,12,10,4.340741923658273,2.5712389674302223,1.7695029562280506
FBgn0032068,14,11,4.175197677843019,2.5712389674302223,1.6039587104127966
FBgn0032068,16,12,4.065805503523173,2.5712389674302223,1.4945665360929503
FBgn0032068,20,13,4.629104344753293,2.5712389674302223,2.057865377323071
FBgn0032068,24,14,5.4182788531815955,2.5712389674302223,2.8470398857513732
FBgn0032068,30,15,5.778203426810372,2.5712389674302223,3.20696445938015
FBgn0032068,36,16,5.142663267967201,2.5712389674302223,2.571424300536979
FBgn0032068,42,17,4.771385935224798,2.5712389674302223,2.2001469677945753
FBgn0032068,48,18,6.240617401822824,2.5712389674302223,3.669378434392602
FBgn0032068,72,19,6.421240518595721,2.5712389674302223,3.850001551165499
FBgn0032068,96,20,5.782324495225371,2.5712389674302223,3.2110855277951487
FBgn0032068,120,21,6.82100351376803,2.5712389674302223,4.249764546337808
FBgn0032069,1,2,4.850136220736115,3.6355070697407945,1.2146291509953202
FBgn0032069,2,3,4.091463589335593,3.6355070697407945,0.4559565195947983
FBgn0032069,3,4,3.8667294503768694,3.6355070697407945,0.23122238063607492
FBgn0032069,4,5,3.1700860336268226,3.6355070697407945,-0.4654210361139719
FBgn0032069,5,6,4.020154532781238,3.6355070697407945,0.38464746304044306
FBgn0032069,6,7,4.736667501114296,3.6355070697407945,1.101160431373501
FBgn0032069,8,8,5.317143262501323,3.6355070697407945,1.6816361927605281
FBgn0032069,10,9,6.093887644662598,3.6355070697407945,2.458380574921803
FBgn0032069,12,10,5.137918143184354,3.6355070697407945,1.5024110734435596
FBgn0032069,14,11,5.245377840538143,3.6355070697407945,1.609870770797348
FBgn0032069,16,12,4.945912457193476,3.6355070697407945,1.3104053874526813
FBgn0032069,20,13,5.772510259052778,3.6355070697407945,2.1370031893119834
FBgn0032069,24,14,6.267388060175213,3.6355070697407945,2.6318809904344183
FBgn0032069,30,15,6.524376749933069,3.6355070697407945,2.888869680192274
FBgn0032069,36,16,6.171660730704056,3.6355070697407945,2.536153660963261
FBgn0032069,42,17,6.093443604652441,3.6355070697407945,2.457936534911646
FBgn0032069,48,18,7.355222607502688,3.6355070697407945,3.719715537761893
FBgn0032069,72,19,7.5889017506943945,3.6355070697407945,3.9533946809536
FBgn0032069,96,20,7.058517446641956,3.6355070697407945,3.423010376901161
FBgn0032069,120,21,7.9241675709523856,3.6355070697407945,4.2886605012115915
FBgn0032076,1,2,7.39228612887878,7.416487086264958,-0.02420095738617789
FBgn0032076,2,3,7.130663660578595,7.416487086264958,-0.2858234256863632
FBgn0032076,3,4,6.566876109582112,7.416487086264958,-0.8496109766828459
FBgn0032076,4,5,6.522586593614525,7.416487086264958,-0.8939004926504328
FBgn0032076,5,6,6.324734502880797,7.416487086264958,-1.091752583384161
FBgn0032076,6,7,5.840791273148771,7.416487086264958,-1.5756958131161873
FBgn0032076,8,8,6.0227920855728385,7.416487086264958,-1.3936950006921194
FBgn0032076,10,9,6.685080566305258,7.416487086264958,-0.7314065199597
FBgn0032076,12,10,6.8816149953722645,7.416487086264958,-0.5348720908926934
FBgn0032076,14,11,6.764424674567659,7.416487086264958,-0.6520624116972993
FBgn0032076,16,12,6.867376281584783,7.416487086264958,-0.5491108046801747
FBgn0032076,20,13,7.120597871621486,7.416487086264958,-0.29588921464347173
FBgn0032076,24,14,7.513804365113188,7.416487086264958,0.09731727884823016
FBgn0032076,30,15,7.550714768744919,7.416487086264958,0.13422768247996153
FBgn0032076,36,16,7.441474995447438,7.416487086264958,0.02498790918247984
FBgn0032076,42,17,7.573073974131278,7.416487086264958,0.1565868878663199
FBgn0032076,48,18,7.757083902911132,7.416487086264958,0.34059681664617436
FBgn0032076,72,19,7.965166258594352,7.416487086264958,0.5486791723293942
FBgn0032076,96,20,7.892880111301908,7.416487086264958,0.47639302503695014
FBgn0032076,120,21,8.089642100691709,7.416487086264958,0.6731550144267509
FBgn0032087,1,2,6.874861217398547,4.951507845955536,1.923353371443011
FBgn0032087,2,3,7.095826646090175,4.951507845955536,2.1443188001346387
FBgn0032087,3,4,6.465791034388723,4.951507845955536,1.514283188433187
FBgn0032087,4,5,5.707434645892636,4.951507845955536,0.7559267999371002
FBgn0032087,5,6,5.600415238503478,4.951507845955536,0.648907392547942
FBgn0032087,6,7,5.942612150385816,4.951507845955536,0.9911043044302801
FBgn0032087,8,8,5.203135053969094,4.951507845955536,0.25162720801355754
FBgn0032087,10,9,5.551946813371588,4.951507845955536,0.6004389674160517
FBgn0032087,12,10,6.2402677637076955,4.951507845955536,1.2887599177521594
FBgn0032087,14,11,6.010477431858304,4.951507845955536,1.0589695859027675
FBgn0032087,16,12,5.1378755415434885,4.951507845955536,0.1863676955879523
FBgn0032087,20,13,5.706092812564067,4.951507845955536,0.7545849666085305
FBgn0032087,24,14,5.72719935311574,4.951507845955536,0.7756915071602037
FBgn0032087,30,15,6.121546967354671,4.951507845955536,1.1700391213991352
FBgn0032087,36,16,6.341125753991221,4.951507845955536,1.3896179080356852
FBgn0032087,42,17,5.870051742642847,4.951507845955536,0.9185438966873107
FBgn0032087,48,18,6.337116173222558,4.951507845955536,1.3856083272670219
FBgn0032087,72,19,6.370072422458916,4.951507845955536,1.41856457650338
FBgn0032087,96,20,7.223239273326357,4.951507845955536,2.2717314273708205
FBgn0032087,120,21,6.788050220256788,4.951507845955536,1.836542374301252
FBgn0032144,1,2,7.400136916639208,8.284902550615062,-0.8847656339758538
FBgn0032144,2,3,7.681550014543944,8.284902550615062,-0.6033525360711174
FBgn0032144,3,4,7.60301123632545,8.284902550615062,-0.6818913142896115
FBgn0032144,4,5,7.891710065662371,8.284902550615062,-0.39319248495269044
FBgn0032144,5,6,8.248337975673035,8.284902550615062,-0.036564574942026695
FBgn0032144,6,7,7.8577540469945575,8.284902550615062,-0.42714850362050427
FBgn0032144,8,8,8.006417203039794,8.284902550615062,-0.278485347575268
FBgn0032144,10,9,8.222858148948685,8.284902550615062,-0.062044401666376814
FBgn0032144,12,10,8.210068946824762,8.284902550615062,-0.07483360379029946
FBgn0032144,14,11,7.647981814067219,8.284902550615062,-0.6369207365478431
FBgn0032144,16,12,7.7865897836049385,8.284902550615062,-0.4983127670101233
FBgn0032144,20,13,7.380256592578469,8.284902550615062,-0.9046459580365926
FBgn0032144,24,14,7.919364541592912,8.284902550615062,-0.36553800902215006
FBgn0032144,30,15,7.733603541344802,8.284902550615062,-0.5512990092702594
FBgn0032144,36,16,7.7231137776837375,8.284902550615062,-0.5617887729313242
FBgn0032144,42,17,7.516681614846025,8.284902550615062,-0.7682209357690368
FBgn0032144,48,18,7.532288965644609,8.284902550615062,-0.7526135849704527
FBgn0032144,72,19,7.273977719701678,8.284902550615062,-1.0109248309133836
FBgn0032144,96,20,6.449948419926171,8.284902550615062,-1.8349541306888906
FBgn0032144,120,21,7.1276789834416965,8.284902550615062,-1.1572235671733653
FBgn0032253,1,2,4.069424200176353,3.772571046693526,0.29685315348282737
FBgn0032253,2,3,3.7603476538987737,3.772571046693526,-0.012223392794752375
FBgn0032253,3,4,3.030856968441081,3.772571046693526,-0.741714078252445
FBgn0032253,4,5,3.225194760316512,3.772571046693526,-0.547376286377014
FBgn0032253,5,6,3.4596547880269966,3.772571046693526,-0.3129162586665295
FBgn0032253,6,7,3.6449138788030297,3.772571046693526,-0.1276571678904963
FBgn0032253,8,8,3.9550935690632256,3.772571046693526,0.18252252236969957
FBgn0032253,10,9,4.418896728229399,3.772571046693526,0.6463256815358727
FBgn0032253,12,10,4.210518695439399,3.772571046693526,0.4379476487458729
FBgn0032253,14,11,4.363572848390568,3.772571046693526,0.591001801697042
FBgn0032253,16,12,4.256356047235544,3.772571046693526,0.4837850005420177
FBgn0032253,20,13,4.368162810410448,3.772571046693526,0.5955917637169219
FBgn0032253,24,14,4.757607937841505,3.772571046693526,0.985036891147979
FBgn0032253,30,15,4.804212494781764,3.772571046693526,1.0316414480882377
FBgn0032253,36,16,4.572747957889662,3.772571046693526,0.8001769111961363
FBgn0032253,42,17,4.753466978394268,3.772571046693526,0.9808959317007422
FBgn0032253,48,18,5.053100782927886,3.772571046693526,1.2805297362343597
FBgn0032253,72,19,5.136176156530688,3.772571046693526,1.3636051098371618
FBgn0032253,96,20,4.913907858225327,3.772571046693526,1.1413368115318012
FBgn0032253,120,21,5.347128119454208,3.772571046693526,1.574557072760682
FBgn0032266,1,2,3.2324117199396056,3.9286861325391955,-0.6962744125995899
FBgn0032266,2,3,2.811070316511017,3.9286861325391955,-1.1176158160281786
FBgn0032266,3,4,2.788708044008244,3.9286861325391955,-1.1399780885309516
FBgn0032266,4,5,3.1582785494788865,3.9286861325391955,-0.770407583060309
FBgn0032266,5,6,3.12742330194893,3.9286861325391955,-0.8012628305902654
FBgn0032266,6,7,3.2498860832592187,3.9286861325391955,-0.6788000492799768
FBgn0032266,8,8,3.4819233115136914,3.9286861325391955,-0.44676282102550413
FBgn0032266,10,9,4.328367348992973,3.9286861325391955,0.39968121645377774
FBgn0032266,12,10,4.637303048311087,3.9286861325391955,0.7086169157718913
FBgn0032266,14,11,4.6805691865313985,3.9286861325391955,0.751883053992203
FBgn0032266,16,12,4.720104890138144,3.9286861325391955,0.7914187575989482
FBgn0032266,20,13,3.668293613233854,3.9286861325391955,-0.26039251930534135
FBgn0032266,24,14,3.994191581853206,3.9286861325391955,0.06550544931401037
FBgn0032266,30,15,3.923629311188399,3.9286861325391955,-0.005056821350796437
FBgn0032266,36,16,4.733136576991604,3.9286861325391955,0.8044504444524083
FBgn0032266,42,17,4.586451640377598,3.9286861325391955,0.6577655078384028
FBgn0032266,48,18,3.7699971564159087,3.9286861325391955,-0.1586889761232868
FBgn0032266,72,19,4.152619089511635,3.9286861325391955,0.22393295697243953
FBgn0032266,96,20,3.5560525458494423,3.9286861325391955,-0.3726335866897532
FBgn0032266,120,21,4.38169916756703,3.9286861325391955,0.4530130350278343
FBgn0032281,1,2,2.776704071979449,2.27807584546827,0.4986282265111792
FBgn0032281,2,3,3.255751354514657,2.27807584546827,0.9776755090463869
FBgn0032281,3,4,3.2147857603498204,2.27807584546827,0.9367099148815505
FBgn0032281,4,5,3.4043549407397244,2.27807584546827,1.1262790952714545
FBgn0032281,5,6,3.6368276839355316,2.27807584546827,1.3587518384672617
FBgn0032281,6,7,3.5524345997792643,2.27807584546827,1.2743587543109944
FBgn0032281,8,8,3.3664404258206764,2.27807584546827,1.0883645803524065
FBgn0032281,10,9,3.428594558165238,2.27807584546827,1.150518712696968
FBgn0032281,12,10,3.5299201219243868,2.27807584546827,1.2518442764561168
FBgn0032281,14,11,3.0664803837262484,2.27807584546827,0.7884045382579785
FBgn0032281,16,12,3.2619186801473408,2.27807584546827,0.9838428346790709
FBgn0032281,20,13,3.2567760102193417,2.27807584546827,0.9787001647510718
FBgn0032281,24,14,2.559154499242714,2.27807584546827,0.2810786537744443
FBgn0032281,30,15,3.3621727554764833,2.27807584546827,1.0840969100082134
FBgn0032281,36,16,3.4520823634043536,2.27807584546827,1.1740065179360837
FBgn0032281,42,17,3.054050421357852,2.27807584546827,0.775974575889582
FBgn0032281,48,18,2.810159290354244,2.27807584546827,0.5320834448859739
FBgn0032281,72,19,3.2345878532441725,2.27807584546827,0.9565120077759026
FBgn0032281,96,20,3.029301131317595,2.27807584546827,0.7512252858493249
FBgn0032281,120,21,3.2656885712434427,2.27807584546827,0.9876127257751728
FBgn0032282,1,2,2.4987710435239308,2.2544580706525403,0.24431297287139042
FBgn0032282,2,3,2.3993821289063417,2.2544580706525403,0.1449240582538014
FBgn0032282,3,4,2.0816392576877623,2.2544580706525403,-0.17281881296477808
FBgn0032282,4,5,3.4873419563042924,2.2544580706525403,1.232883885651752
FBgn0032282,5,6,2.9350189495756447,2.2544580706525403,0.6805608789231044
FBgn0032282,6,7,3.450054027750248,2.2544580706525403,1.1955959570977077
FBgn0032282,8,8,3.076097752236847,2.2544580706525403,0.8216396815843066
FBgn0032282,10,9,3.853773430842832,2.2544580706525403,1.5993153601902916
FBgn0032282,12,10,4.038896881270886,2.2544580706525403,1.7844388106183455
FBgn0032282,14,11,3.767202783188294,2.2544580706525403,1.5127447125357536
FBgn0032282,16,12,3.3931353890588873,2.2544580706525403,1.138677318406347
FBgn0032282,20,13,2.7545401672502696,2.2544580706525403,0.5000820965977293
FBgn0032282,24,14,3.3653704413531242,2.2544580706525403,1.110912370700584
FBgn0032282,30,15,3.5267307710786033,2.2544580706525403,1.272272700426063
FBgn0032282,36,16,3.8553688641085477,2.2544580706525403,1.6009107934560074
FBgn0032282,42,17,3.099666532378019,2.2544580706525403,0.8452084617254787
FBgn0032282,48,18,2.967547584962785,2.2544580706525403,0.7130895143102447
FBgn0032282,72,19,2.8239448217860206,2.2544580706525403,0.5694867511334802
FBgn0032282,96,20,2.512707514124239,2.2544580706525403,0.25824944347169865
FBgn0032282,120,21,2.9975729159484095,2.2544580706525403,0.7431148452958691
FBgn0032283,1,2,4.552834562299601,2.8163741238990756,1.7364604384005258
FBgn0032283,2,3,4.852999853168409,2.8163741238990756,2.0366257292693337
FBgn0032283,3,4,4.8189989452343935,2.8163741238990756,2.002624821335318
FBgn0032283,4,5,4.698122195470014,2.8163741238990756,1.8817480715709385
FBgn0032283,5,6,5.154803189849539,2.8163741238990756,2.3384290659504634
FBgn0032283,6,7,4.317304685730826,2.8163741238990756,1.5009305618317503
FBgn0032283,8,8,3.549304251024659,2.8163741238990756,0.7329301271255835
FBgn0032283,10,9,4.525593922872388,2.8163741238990756,1.7092197989733124
FBgn0032283,12,10,3.9420376393579613,2.8163741238990756,1.1256635154588857
FBgn0032283,14,11,3.9026374239585566,2.8163741238990756,1.086263300059481
FBgn0032283,16,12,4.00478807089047,2.8163741238990756,1.1884139469913944
FBgn0032283,20,13,3.766371070380602,2.8163741238990756,0.9499969464815265
FBgn0032283,24,14,3.615194668925298,2.8163741238990756,0.7988205450262225
FBgn0032283,30,15,4.864238277973332,2.8163741238990756,2.047864154074256
FBgn0032283,36,16,4.4778239599581084,2.8163741238990756,1.6614498360590328
FBgn0032283,42,17,4.305511693193111,2.8163741238990756,1.4891375692940354
FBgn0032283,48,18,4.101866573214935,2.8163741238990756,1.2854924493158597
FBgn0032283,72,19,4.404142451000819,2.8163741238990756,1.5877683271017435
FBgn0032283,96,20,4.4821808813664745,2.8163741238990756,1.665806757467399
FBgn0032283,120,21,4.370802888158875,2.8163741238990756,1.5544287642597991
FBgn0032285,1,2,9.82739357614542,10.268291708266162,-0.4408981321207417
FBgn0032285,2,3,9.244103178474775,10.268291708266162,-1.0241885297913864
FBgn0032285,3,4,8.725174665285097,10.268291708266162,-1.5431170429810646
FBgn0032285,4,5,8.81031849250567,10.268291708266162,-1.4579732157604912
FBgn0032285,5,6,9.11482287604139,10.268291708266162,-1.153468832224771
FBgn0032285,6,7,8.972141232377691,10.268291708266162,-1.2961504758884708
FBgn0032285,8,8,9.051037346588057,10.268291708266162,-1.2172543616781049
FBgn0032285,10,9,9.712255811147635,10.268291708266162,-0.5560358971185266
FBgn0032285,12,10,10.070249118760904,10.268291708266162,-0.198042589505258
FBgn0032285,14,11,10.307915481672266,10.268291708266162,0.039623773406104235
FBgn0032285,16,12,10.863504974112061,10.268291708266162,0.5952132658458993
FBgn0032285,20,13,10.888309082183213,10.268291708266162,0.6200173739170509
FBgn0032285,24,14,10.38792899722094,10.268291708266162,0.11963728895477743
FBgn0032285,30,15,9.805787426057194,10.268291708266162,-0.4625042822089682
FBgn0032285,36,16,10.539648378345255,10.268291708266162,0.2713566700790935
FBgn0032285,42,17,11.045700717886088,10.268291708266162,0.7774090096199266
FBgn0032285,48,18,10.639767498664702,10.268291708266162,0.37147579039853973
FBgn0032285,72,19,10.48711215352168,10.268291708266162,0.2188204452555187
FBgn0032285,96,20,10.43242101232495,10.268291708266162,0.1641293040587879
FBgn0032285,120,21,10.352718274009709,10.268291708266162,0.08442656574354679
FBgn0032381,1,2,3.9957063245114792,3.6778734960754664,0.3178328284360128
FBgn0032381,2,3,5.127703442773088,3.6778734960754664,1.4498299466976214
FBgn0032381,3,4,5.174208476873052,3.6778734960754664,1.4963349807975859
FBgn0032381,4,5,5.328884367994428,3.6778734960754664,1.6510108719189618
FBgn0032381,5,6,6.0695237258299475,3.6778734960754664,2.391650229754481
FBgn0032381,6,7,6.086075082070046,3.6778734960754664,2.4082015859945796
FBgn0032381,8,8,6.30488945598751,3.6778734960754664,2.6270159599120437
FBgn0032381,10,9,5.8321156925523345,3.6778734960754664,2.154242196476868
FBgn0032381,12,10,5.34686441360142,3.6778734960754664,1.6689909175259534
FBgn0032381,14,11,5.644869311370844,3.6778734960754664,1.9669958152953773
FBgn0032381,16,12,5.574820224468642,3.6778734960754664,1.8969467283931754
FBgn0032381,20,13,5.3656480746321185,3.6778734960754664,1.687774578556652
FBgn0032381,24,14,4.113503938965498,3.6778734960754664,0.4356304428900315
FBgn0032381,30,15,6.044764018349594,3.6778734960754664,2.366890522274127
FBgn0032381,36,16,5.964281681372687,3.6778734960754664,2.2864081852972205
FBgn0032381,42,17,4.746077830219635,3.6778734960754664,1.0682043341441685
FBgn0032381,48,18,4.791420494403635,3.6778734960754664,1.1135469983281685
FBgn0032381,72,19,5.188314709236742,3.6778734960754664,1.5104412131612759
FBgn0032381,96,20,5.403847691778302,3.6778734960754664,1.7259741957028356
FBgn0032381,120,21,4.967643439555029,3.6778734960754664,1.2897699434795622
FBgn0032382,1,2,7.458071079892514,6.659590818029745,0.7984802618627693
FBgn0032382,2,3,7.567738861231054,6.659590818029745,0.9081480432013089
FBgn0032382,3,4,7.05957699179137,6.659590818029745,0.3999861737616248
FBgn0032382,4,5,6.887435919527071,6.659590818029745,0.2278451014973264
FBgn0032382,5,6,6.720009003189603,6.659590818029745,0.06041818515985842
FBgn0032382,6,7,6.676681054618578,6.659590818029745,0.017090236588833463
FBgn0032382,8,8,6.655043175321085,6.659590818029745,-0.004547642708660149
FBgn0032382,10,9,6.772249614422243,6.659590818029745,0.11265879639249832
FBgn0032382,12,10,6.775321921585121,6.659590818029745,0.11573110355537608
FBgn0032382,14,11,7.337385260188523,6.659590818029745,0.6777944421587785
FBgn0032382,16,12,7.608156484963336,6.659590818029745,0.9485656669335913
FBgn0032382,20,13,7.702130108929852,6.659590818029745,1.0425392909001072
FBgn0032382,24,14,7.0153204726145555,6.659590818029745,0.35572965458481054
FBgn0032382,30,15,7.72238423862809,6.659590818029745,1.0627934205983447
FBgn0032382,36,16,7.513811086645213,6.659590818029745,0.8542202686154683
FBgn0032382,42,17,7.391720920177905,6.659590818029745,0.7321301021481599
FBgn0032382,48,18,7.958092650948567,6.659590818029745,1.2985018329188218
FBgn0032382,72,19,7.88021546754155,6.659590818029745,1.2206246495118052
FBgn0032382,96,20,8.028056838794274,6.659590818029745,1.3684660207645294
FBgn0032382,120,21,7.915429119066704,6.659590818029745,1.2558383010369587
FBgn0032387,1,2,4.315134772306399,3.309690413605895,1.0054443587005037
FBgn0032387,2,3,4.385003176764981,3.309690413605895,1.0753127631590855
FBgn0032387,3,4,3.815888659429038,3.309690413605895,0.5061982458231431
FBgn0032387,4,5,3.689180821345681,3.309690413605895,0.37949040773978604
FBgn0032387,5,6,3.6057769194062756,3.309690413605895,0.29608650580038054
FBgn0032387,6,7,3.567150538796546,3.309690413605895,0.25746012519065076
FBgn0032387,8,8,3.5469334744305083,3.309690413605895,0.23724306082461322
FBgn0032387,10,9,4.054657567243171,3.309690413605895,0.7449671536372762
FBgn0032387,12,10,4.358275608349739,3.309690413605895,1.0485851947438443
FBgn0032387,14,11,3.82463377168854,3.309690413605895,0.514943358082645
FBgn0032387,16,12,3.4758981872495234,3.309690413605895,0.16620777364362826
FBgn0032387,20,13,4.250515851831682,3.309690413605895,0.9408254382257866
FBgn0032387,24,14,4.732480550336831,3.309690413605895,1.422790136730936
FBgn0032387,30,15,4.8982686956430985,3.309690413605895,1.5885782820372034
FBgn0032387,36,16,4.900053126438532,3.309690413605895,1.5903627128326372
FBgn0032387,42,17,4.552283434377252,3.309690413605895,1.2425930207713565
FBgn0032387,48,18,5.091641344440902,3.309690413605895,1.7819509308350066
FBgn0032387,72,19,5.251313343605879,3.309690413605895,1.9416229299999843
FBgn0032387,96,20,5.6808689010467965,3.309690413605895,2.3711784874409014
FBgn0032387,120,21,5.58509957041433,3.309690413605895,2.2754091568084345
FBgn0032638,1,2,1.0176823603920901,1.250749322711898,-0.23306696231980784
FBgn0032638,2,3,1.9906793153308031,1.250749322711898,0.7399299926189051
FBgn0032638,3,4,1.6422749889743924,1.250749322711898,0.3915256662624944
FBgn0032638,4,5,1.707787547729069,1.250749322711898,0.45703822501717095
FBgn0032638,5,6,1.5896718253886966,1.250749322711898,0.3389225026767986
FBgn0032638,6,7,2.7582768117160996,1.250749322711898,1.5075274890042016
FBgn0032638,8,8,3.565072957495553,1.250749322711898,2.314323634783655
FBgn0032638,10,9,3.9611141783406856,1.250749322711898,2.7103648556287876
FBgn0032638,12,10,3.3096659734922502,1.250749322711898,2.0589166507803522
FBgn0032638,14,11,3.6024950912565563,1.250749322711898,2.3517457685446583
FBgn0032638,16,12,4.105161458344986,1.250749322711898,2.854412135633088
FBgn0032638,20,13,4.792785259580954,1.250749322711898,3.5420359368690564
FBgn0032638,24,14,4.106088444992453,1.250749322711898,2.8553391222805553
FBgn0032638,30,15,6.631911114644166,1.250749322711898,5.381161791932268
FBgn0032638,36,16,4.473185818610377,1.250749322711898,3.222436495898479
FBgn0032638,42,17,7.631857755743987,1.250749322711898,6.381108433032089
FBgn0032638,48,18,3.2900227756658893,1.250749322711898,2.0392734529539913
FBgn0032638,72,19,5.909011162965416,1.250749322711898,4.658261840253518
FBgn0032638,96,20,4.463408972852706,1.250749322711898,3.2126596501408082
FBgn0032638,120,21,4.740766731899842,1.250749322711898,3.490017409187944
FBgn0032639,1,2,0.7960636811294923,0.7010803012136516,0.09498337991584072
FBgn0032639,2,3,1.0922184396757881,0.7010803012136516,0.3911381384621365
FBgn0032639,3,4,1.14556636167384,0.7010803012136516,0.44448606046018846
FBgn0032639,4,5,1.3405791923498227,0.7010803012136516,0.6394988911361711
FBgn0032639,5,6,1.4895317196673132,0.7010803012136516,0.7884514184536616
FBgn0032639,6,7,1.9429442349559567,0.7010803012136516,1.2418639337423052
FBgn0032639,8,8,2.3694444788325164,0.7010803012136516,1.668364177618865
FBgn0032639,10,9,2.337047983316629,0.7010803012136516,1.6359676821029776
FBgn0032639,12,10,1.9520230075291767,0.7010803012136516,1.250942706315525
FBgn0032639,14,11,2.1509067263975616,0.7010803012136516,1.4498264251839101
FBgn0032639,16,12,2.32809349524366,0.7010803012136516,1.6270131940300083
FBgn0032639,20,13,2.515765417100777,0.7010803012136516,1.8146851158871256
FBgn0032639,24,14,1.5125047102148899,0.7010803012136516,0.8114244090012382
FBgn0032639,30,15,2.9953786080114018,0.7010803012136516,2.2942983067977503
FBgn0032639,36,16,1.8382226987456445,0.7010803012136516,1.137142397531993
FBgn0032639,42,17,3.457488507685187,0.7010803012136516,2.7564082064715354
FBgn0032639,48,18,1.201285049645728,0.7010803012136516,0.5002047484320763
FBgn0032639,72,19,2.8414929876406125,0.7010803012136516,2.140412686426961
FBgn0032639,96,20,1.8419407752673504,0.7010803012136516,1.140860474053699
FBgn0032639,120,21,2.244252410003714,0.7010803012136516,1.5431721087900625
FBgn0032669,1,2,7.723733283905757,6.750388518312642,0.9733447655931151
FBgn0032669,2,3,8.090612004024091,6.750388518312642,1.3402234857114497
FBgn0032669,3,4,8.30125838924377,6.750388518312642,1.5508698709311286
FBgn0032669,4,5,7.85558579566087,6.750388518312642,1.1051972773482284
FBgn0032669,5,6,8.019053007238243,6.750388518312642,1.2686644889256016
FBgn0032669,6,7,7.68914702232406,6.750388518312642,0.9387585040114184
FBgn0032669,8,8,7.275531527324828,6.750388518312642,0.5251430090121865
FBgn0032669,10,9,7.385408404610359,6.750388518312642,0.6350198862977177
FBgn0032669,12,10,7.785323002682578,6.750388518312642,1.034934484369936
FBgn0032669,14,11,7.786479208669229,6.750388518312642,1.0360906903565876
FBgn0032669,16,12,7.108966539739193,6.750388518312642,0.3585780214265508
FBgn0032669,20,13,5.999373956660242,6.750388518312642,-0.7510145616523998
FBgn0032669,24,14,6.835618903253937,6.750388518312642,0.08523038494129498
FBgn0032669,30,15,6.89436954453992,6.750388518312642,0.14398102622727826
FBgn0032669,36,16,7.650798493180079,6.750388518312642,0.9004099748674372
FBgn0032669,42,17,6.2285550689253375,6.750388518312642,-0.5218334493873042
FBgn0032669,48,18,6.541643199963781,6.750388518312642,-0.20874531834886056
FBgn0032669,72,19,6.579559710843102,6.750388518312642,-0.17082880746953943
FBgn0032669,96,20,6.139068046526621,6.750388518312642,-0.611320471786021
FBgn0032669,120,21,6.752587668224948,6.750388518312642,0.0021991499123066305
FBgn0032726,1,2,6.397046840217104,6.101053752434225,0.2959930877828789
FBgn0032726,2,3,6.495016848572999,6.101053752434225,0.39396309613877367
FBgn0032726,3,4,6.337393812311428,6.101053752434225,0.23634005987720297
FBgn0032726,4,5,6.3077303137394685,6.101053752434225,0.20667656130524303
FBgn0032726,5,6,5.977000329200264,6.101053752434225,-0.12405342323396162
FBgn0032726,6,7,5.6242990975850615,6.101053752434225,-0.4767546548491639
FBgn0032726,8,8,5.862002863064461,6.101053752434225,-0.23905088936976426
FBgn0032726,10,9,6.795415158744603,6.101053752434225,0.6943614063103771
FBgn0032726,12,10,6.9550007698087155,6.101053752434225,0.8539470173744901
FBgn0032726,14,11,6.73096534916699,6.101053752434225,0.6299115967327644
FBgn0032726,16,12,5.84652112171452,6.101053752434225,-0.2545326307197051
FBgn0032726,20,13,5.29571419400183,6.101053752434225,-0.8053395584323955
FBgn0032726,24,14,6.600266758465236,6.101053752434225,0.4992130060310105
FBgn0032726,30,15,6.493223712021,6.101053752434225,0.3921699595867745
FBgn0032726,36,16,7.109446351592356,6.101053752434225,1.0083925991581308
FBgn0032726,42,17,5.190017092411335,6.101053752434225,-0.9110366600228907
FBgn0032726,48,18,6.665684196041386,6.101053752434225,0.564630443607161
FBgn0032726,72,19,6.912310899022678,6.101053752434225,0.8112571465884528
FBgn0032726,96,20,6.458982595354188,6.101053752434225,0.3579288429199625
FBgn0032726,120,21,6.959891002105733,6.101053752434225,0.8588372496715078
FBgn0032835,1,2,8.759292261430407,7.527470898006836,1.2318213634235704
FBgn0032835,2,3,9.692843856097504,7.527470898006836,2.1653729580906678
FBgn0032835,3,4,10.050082615874802,7.527470898006836,2.5226117178679655
FBgn0032835,4,5,9.503781574493125,7.527470898006836,1.976310676486289
FBgn0032835,5,6,8.30062796386332,7.527470898006836,0.7731570658564841
FBgn0032835,6,7,8.090606330855246,7.527470898006836,0.5631354328484104
FBgn0032835,8,8,6.986324910866989,7.527470898006836,-0.5411459871398474
FBgn0032835,10,9,6.901907814229148,7.527470898006836,-0.6255630837776884
FBgn0032835,12,10,6.770358125201055,7.527470898006836,-0.7571127728057814
FBgn0032835,14,11,6.719063239082473,7.527470898006836,-0.808407658924363
FBgn0032835,16,12,7.255133383913993,7.527470898006836,-0.27233751409284324
FBgn0032835,20,13,7.66792697395082,7.527470898006836,0.1404560759439839
FBgn0032835,24,14,7.817307971874877,7.527470898006836,0.2898370738680409
FBgn0032835,30,15,7.87967192582652,7.527470898006836,0.3522010278196843
FBgn0032835,36,16,7.125910442837204,7.527470898006836,-0.4015604551696317
FBgn0032835,42,17,8.218613538329679,7.527470898006836,0.6911426403228429
FBgn0032835,48,18,7.3575992540682655,7.527470898006836,-0.16987164393857057
FBgn0032835,72,19,7.860015266942283,7.527470898006836,0.33254436893544703
FBgn0032835,96,20,7.247619528620678,7.527470898006836,-0.27985136938615796
FBgn0032835,120,21,7.4826808157904185,7.527470898006836,-0.04479008221641756
FBgn0032839,1,2,2.7187233234454737,2.6584931339099693,0.06023018953550441
FBgn0032839,2,3,3.166956138115703,2.6584931339099693,0.5084630042057339
FBgn0032839,3,4,3.634140649053645,2.6584931339099693,0.9756475151436756
FBgn0032839,4,5,3.220871246169371,2.6584931339099693,0.5623781122594016
FBgn0032839,5,6,3.2675646203874282,2.6584931339099693,0.6090714864774589
FBgn0032839,6,7,3.31012271988256,2.6584931339099693,0.6516295859725907
FBgn0032839,8,8,3.228911330172321,2.6584931339099693,0.5704181962623518
FBgn0032839,10,9,3.5658522193231397,2.6584931339099693,0.9073590854131703
FBgn0032839,12,10,3.6894933844031614,2.6584931339099693,1.031000250493192
FBgn0032839,14,11,4.137388072258176,2.6584931339099693,1.4788949383482066
FBgn0032839,16,12,4.163067823948259,2.6584931339099693,1.5045746900382895
FBgn0032839,20,13,4.192949509694934,2.6584931339099693,1.5344563757849645
FBgn0032839,24,14,4.1762660308901,2.6584931339099693,1.517772896980131
FBgn0032839,30,15,4.16731881548372,2.6584931339099693,1.508825681573751
FBgn0032839,36,16,4.419113757171134,2.6584931339099693,1.7606206232611648
FBgn0032839,42,17,4.724872662110382,2.6584931339099693,2.0663795282004127
FBgn0032839,48,18,3.937078796797053,2.6584931339099693,1.2785856628870835
FBgn0032839,72,19,4.519973931617514,2.6584931339099693,1.8614807977075447
FBgn0032839,96,20,4.445006811239954,2.6584931339099693,1.7865136773299843
FBgn0032839,120,21,4.679498417925563,2.6584931339099693,2.021005284015594
FBgn0033027,1,2,1.4717849035878707,2.4222896216999703,-0.9505047181120996
FBgn0033027,2,3,1.352041578318711,2.4222896216999703,-1.0702480433812593
FBgn0033027,3,4,1.6654339753962393,2.4222896216999703,-0.756855646303731
FBgn0033027,4,5,1.7471898912357249,2.4222896216999703,-0.6750997304642454
FBgn0033027,5,6,1.7096283002656816,2.4222896216999703,-0.7126613214342887
FBgn0033027,6,7,1.7001279529545723,2.4222896216999703,-0.722161668745398
FBgn0033027,8,8,2.800875007209208,2.4222896216999703,0.3785853855092376
FBgn0033027,10,9,3.576103889122165,2.4222896216999703,1.1538142674221947
FBgn0033027,12,10,3.6548937470033387,2.4222896216999703,1.2326041253033684
FBgn0033027,14,11,3.6804848948977993,2.4222896216999703,1.258195273197829
FBgn0033027,16,12,3.4848542179861104,2.4222896216999703,1.06256459628614
FBgn0033027,20,13,2.972517022671618,2.4222896216999703,0.5502274009716479
FBgn0033027,24,14,4.33028570377502,2.4222896216999703,1.9079960820750501
FBgn0033027,30,15,3.923444977099235,2.4222896216999703,1.5011553553992645
FBgn0033027,36,16,2.7735634306362167,2.4222896216999703,0.3512738089362464
FBgn0033027,42,17,3.1687677709675937,2.4222896216999703,0.7464781492676233
FBgn0033027,48,18,2.579820224563123,2.4222896216999703,0.15753060286315268
FBgn0033027,72,19,3.1257119440740464,2.4222896216999703,0.7034223223740761
FBgn0033027,96,20,3.4677453961895637,2.4222896216999703,1.0454557744895934
FBgn0033027,120,21,3.051777472307184,2.4222896216999703,0.6294878506072137
FBgn0033153,1,2,6.304442631058615,4.017533825970893,2.286908805087722
FBgn0033153,2,3,6.257040493770468,4.017533825970893,2.239506667799575
FBgn0033153,3,4,5.227699360402797,4.017533825970893,1.210165534431904
FBgn0033153,4,5,5.503030313123865,4.017533825970893,1.4854964871529726
FBgn0033153,5,6,5.0089800346306355,4.017533825970893,0.9914462086597426
FBgn0033153,6,7,5.581997083184026,4.017533825970893,1.5644632572131334
FBgn0033153,8,8,5.2339774051596315,4.017533825970893,1.2164435791887387
FBgn0033153,10,9,4.861333741313104,4.017533825970893,0.8437999153422115
FBgn0033153,12,10,4.611784256100386,4.017533825970893,0.5942504301294935
FBgn0033153,14,11,5.3867047457426525,4.017533825970893,1.3691709197717596
FBgn0033153,16,12,4.716877504365952,4.017533825970893,0.6993436783950591
FBgn0033153,20,13,4.613819385513544,4.017533825970893,0.5962855595426513
FBgn0033153,24,14,4.48693293132149,4.017533825970893,0.4693991053505968
FBgn0033153,30,15,4.747126920752287,4.017533825970893,0.7295930947813938
FBgn0033153,36,16,4.846942110605046,4.017533825970893,0.8294082846341535
FBgn0033153,42,17,4.362131861827472,4.017533825970893,0.34459803585657944
FBgn0033153,48,18,4.7421644891629295,4.017533825970893,0.7246306631920367
FBgn0033153,72,19,4.2447383386968625,4.017533825970893,0.22720451272596964
FBgn0033153,96,20,4.645940447520557,4.017533825970893,0.6284066215496642
FBgn0033153,120,21,4.537398328673083,4.017533825970893,0.5198645027021902
FBgn0033203,1,2,2.484848622991219,3.1303385800802284,-0.6454899570890094
FBgn0033203,2,3,2.027235515557925,3.1303385800802284,-1.1031030645223034
FBgn0033203,3,4,1.241151209490307,3.1303385800802284,-1.8891873705899214
FBgn0033203,4,5,1.5674544171331266,3.1303385800802284,-1.5628841629471018
FBgn0033203,5,6,1.6468621330208513,3.1303385800802284,-1.483476447059377
FBgn0033203,6,7,1.3857871542357296,3.1303385800802284,-1.7445514258444987
FBgn0033203,8,8,1.1586176562254593,3.1303385800802284,-1.971720923854769
FBgn0033203,10,9,1.8888861660852068,3.1303385800802284,-1.2414524139950216
FBgn0033203,12,10,2.0109544310523084,3.1303385800802284,-1.11938414902792
FBgn0033203,14,11,1.8767073321457488,3.1303385800802284,-1.2536312479344796
FBgn0033203,16,12,2.1204050924378572,3.1303385800802284,-1.0099334876423711
FBgn0033203,20,13,2.210150437162075,3.1303385800802284,-0.9201881429181533
FBgn0033203,24,14,2.597343788417491,3.1303385800802284,-0.5329947916627376
FBgn0033203,30,15,1.907841540388266,3.1303385800802284,-1.2224970396919623
FBgn0033203,36,16,1.8620032827932949,3.1303385800802284,-1.2683352972869335
FBgn0033203,42,17,2.173171731202826,3.1303385800802284,-0.9571668488774026
FBgn0033203,48,18,2.5370442272403024,3.1303385800802284,-0.5932943528399259
FBgn0033203,72,19,2.465486767661084,3.1303385800802284,-0.6648518124191445
FBgn0033203,96,20,2.6509563240943637,3.1303385800802284,-0.4793822559858647
FBgn0033203,120,21,2.7287960273940266,3.1303385800802284,-0.40154255268620176
FBgn0033216,1,2,1.162534392094521,1.1583005030707696,0.004233889023751436
FBgn0033216,2,3,0.7995287529799506,1.1583005030707696,-0.35877175009081896
FBgn0033216,3,4,0.9330039276929311,1.1583005030707696,-0.22529657537783854
FBgn0033216,4,5,1.6745247771024354,1.1583005030707696,0.5162242740316658
FBgn0033216,5,6,2.3007874038921905,1.1583005030707696,1.142486900821421
FBgn0033216,6,7,1.8418677530168068,1.1583005030707696,0.6835672499460372
FBgn0033216,8,8,1.9568045684768312,1.1583005030707696,0.7985040654060616
FBgn0033216,10,9,2.0968191672060534,1.1583005030707696,0.9385186641352838
FBgn0033216,12,10,2.0914061161660102,1.1583005030707696,0.9331056130952406
FBgn0033216,14,11,2.15778530825893,1.1583005030707696,0.9994848051881604
FBgn0033216,16,12,2.266996284474674,1.1583005030707696,1.1086957814039042
FBgn0033216,20,13,2.925790994657575,1.1583005030707696,1.7674904915868055
FBgn0033216,24,14,2.8346010500955874,1.1583005030707696,1.6763005470248178
FBgn0033216,30,15,2.089917690335977,1.1583005030707696,0.9316171872652075
FBgn0033216,36,16,1.8370883918184768,1.1583005030707696,0.6787878887477072
FBgn0033216,42,17,2.9647579813276552,1.1583005030707696,1.8064574782568856
FBgn0033216,48,18,2.0626744335011917,1.1583005030707696,0.9043739304304221
FBgn0033216,72,19,1.6895216555542683,1.1583005030707696,0.5312211524834987
FBgn0033216,96,20,1.2124984099235283,1.1583005030707696,0.054197906852758715
FBgn0033216,120,21,1.454291430382883,1.1583005030707696,0.2959909273121135
FBgn0033234,1,2,5.8827893601072025,4.034947203921339,1.8478421561858633
FBgn0033234,2,3,6.405792931358967,4.034947203921339,2.3708457274376276
FBgn0033234,3,4,5.817970257085482,4.034947203921339,1.7830230531641424
FBgn0033234,4,5,5.343006891441037,4.034947203921339,1.3080596875196981
FBgn0033234,5,6,4.905654166302015,4.034947203921339,0.8707069623806758
FBgn0033234,6,7,5.8289466111316255,4.034947203921339,1.7939994072102863
FBgn0033234,8,8,5.560486842540764,4.034947203921339,1.525539638619425
FBgn0033234,10,9,5.226148840540801,4.034947203921339,1.1912016366194615
FBgn0033234,12,10,4.7948197210609305,4.034947203921339,0.7598725171395913
FBgn0033234,14,11,4.884801399230999,4.034947203921339,0.8498541953096597
FBgn0033234,16,12,4.106153029425523,4.034947203921339,0.07120582550418408
FBgn0033234,20,13,4.212896323145648,4.034947203921339,0.17794911922430856
FBgn0033234,24,14,4.572257785220376,4.034947203921339,0.5373105812990371
FBgn0033234,30,15,4.994066426659913,4.034947203921339,0.9591192227385736
FBgn0033234,36,16,4.770943332933285,4.034947203921339,0.7359961290119461
FBgn0033234,42,17,4.295596713068489,4.034947203921339,0.2606495091471501
FBgn0033234,48,18,4.766751444485013,4.034947203921339,0.7318042405636742
FBgn0033234,72,19,4.553956226141404,4.034947203921339,0.5190090222200645
FBgn0033234,96,20,5.6814015033398215,4.034947203921339,1.6464542994184823
FBgn0033234,120,21,5.439172372101021,4.034947203921339,1.404225168179682
FBgn0033246,1,2,9.73738210618701,9.558221872516917,0.1791602336700926
FBgn0033246,2,3,9.190369282629844,9.558221872516917,-0.3678525898870735
FBgn0033246,3,4,8.669526225706319,9.558221872516917,-0.8886956468105982
FBgn0033246,4,5,8.7458745570101,9.558221872516917,-0.8123473155068162
FBgn0033246,5,6,8.405546892649099,9.558221872516917,-1.1526749798678182
FBgn0033246,6,7,8.549552261743264,9.558221872516917,-1.0086696107736532
FBgn0033246,8,8,8.76282800219794,9.558221872516917,-0.7953938703189767
FBgn0033246,10,9,9.087237155253895,9.558221872516917,-0.47098471726302193
FBgn0033246,12,10,9.531405982930668,9.558221872516917,-0.026815889586249142
FBgn0033246,14,11,8.923554154170134,9.558221872516917,-0.6346677183467833
FBgn0033246,16,12,9.056885613298391,9.558221872516917,-0.501336259218526
FBgn0033246,20,13,9.33006495927009,9.558221872516917,-0.22815691324682774
FBgn0033246,24,14,9.864362026393795,9.558221872516917,0.30614015387687843
FBgn0033246,30,15,9.708935990103154,9.558221872516917,0.15071411758623654
FBgn0033246,36,16,9.777473640488017,9.558221872516917,0.2192517679710999
FBgn0033246,42,17,9.583962861015499,9.558221872516917,0.02574098849858153
FBgn0033246,48,18,9.989881085350252,9.558221872516917,0.43165921283333475
FBgn0033246,72,19,10.233263300046026,9.558221872516917,0.6750414275291092
FBgn0033246,96,20,10.23700964615729,9.558221872516917,0.6787877736403729
FBgn0033246,120,21,10.187051310682946,9.558221872516917,0.6288294381660293
FBgn0033271,1,2,6.402065428504944,7.0199566747163304,-0.6178912462113866
FBgn0033271,2,3,5.738232874105174,7.0199566747163304,-1.2817238006111564
FBgn0033271,3,4,5.972194002817357,7.0199566747163304,-1.0477626718989734
FBgn0033271,4,5,5.857192199360048,7.0199566747163304,-1.1627644753562825
FBgn0033271,5,6,6.49599243124139,7.0199566747163304,-0.5239642434749401
FBgn0033271,6,7,6.190662655743987,7.0199566747163304,-0.8292940189723437
FBgn0033271,8,8,6.478006946237577,7.0199566747163304,-0.5419497284787536
FBgn0033271,10,9,6.107247323773283,7.0199566747163304,-0.9127093509430475
FBgn0033271,12,10,6.020296301574415,7.0199566747163304,-0.9996603731419151
FBgn0033271,14,11,7.126932816828507,7.0199566747163304,0.10697614211217665
FBgn0033271,16,12,7.386116994191638,7.0199566747163304,0.36616031947530736
FBgn0033271,20,13,7.572684378840048,7.0199566747163304,0.5527277041237175
FBgn0033271,24,14,6.9675310202219265,7.0199566747163304,-0.05242565449440395
FBgn0033271,30,15,6.6047803061448,7.0199566747163304,-0.4151763685715304
FBgn0033271,36,16,5.817396506130883,7.0199566747163304,-1.202560168585447
FBgn0033271,42,17,7.50596022230193,7.0199566747163304,0.48600354758559927
FBgn0033271,48,18,6.632148990553584,7.0199566747163304,-0.38780768416274647
FBgn0033271,72,19,6.507137423837401,7.0199566747163304,-0.5128192508789295
FBgn0033271,96,20,6.675412032031786,7.0199566747163304,-0.34454464268454466
FBgn0033271,120,21,6.576932602397783,7.0199566747163304,-0.443024072318547
FBgn0033294,1,2,5.299582069117547,4.639354885119598,0.6602271839979492
FBgn0033294,2,3,5.489997504713303,4.639354885119598,0.8506426195937049
FBgn0033294,3,4,5.364885200211904,4.639354885119598,0.725530315092306
FBgn0033294,4,5,4.708665515789505,4.639354885119598,0.06931063066990717
FBgn0033294,5,6,5.068220735511881,4.639354885119598,0.42886585039228287
FBgn0033294,6,7,4.495623613462375,4.639354885119598,-0.14373127165722277
FBgn0033294,8,8,4.91280586453624,4.639354885119598,0.27345097941664154
FBgn0033294,10,9,5.887938893948903,4.639354885119598,1.2485840088293045
FBgn0033294,12,10,5.845673499758629,4.639354885119598,1.2063186146390308
FBgn0033294,14,11,5.69414236362775,4.639354885119598,1.0547874785081524
FBgn0033294,16,12,5.6246981883562395,4.639354885119598,0.9853433032366414
FBgn0033294,20,13,6.395767427832348,4.639354885119598,1.7564125427127504
FBgn0033294,24,14,6.344826777458172,4.639354885119598,1.7054718923385739
FBgn0033294,30,15,6.635723305997541,4.639354885119598,1.9963684208779426
FBgn0033294,36,16,6.787917678595235,4.639354885119598,2.1485627934756373
FBgn0033294,42,17,7.171354498787625,4.639354885119598,2.5319996136680274
FBgn0033294,48,18,7.188917453651691,4.639354885119598,2.5495625685320933
FBgn0033294,72,19,7.5236172472852925,4.639354885119598,2.8842623621656944
FBgn0033294,96,20,7.369100195050997,4.639354885119598,2.729745309931399
FBgn0033294,120,21,7.399463401229189,4.639354885119598,2.7601085161095913
FBgn0033296,1,2,6.785834078963541,6.356209241614166,0.4296248373493752
FBgn0033296,2,3,7.310068333118097,6.356209241614166,0.9538590915039311
FBgn0033296,3,4,7.397932012905078,6.356209241614166,1.041722771290912
FBgn0033296,4,5,7.89285267095315,6.356209241614166,1.5366434293389846
FBgn0033296,5,6,8.001637827723677,6.356209241614166,1.645428586109511
FBgn0033296,6,7,7.450887089185391,6.356209241614166,1.0946778475712255
FBgn0033296,8,8,7.772829773524103,6.356209241614166,1.4166205319099374
FBgn0033296,10,9,8.227717286030785,6.356209241614166,1.8715080444166192
FBgn0033296,12,10,8.292178320864275,6.356209241614166,1.9359690792501096
FBgn0033296,14,11,8.79840036620305,6.356209241614166,2.4421911245888834
FBgn0033296,16,12,8.56429630652583,6.356209241614166,2.2080870649116635
FBgn0033296,20,13,8.77289356820128,6.356209241614166,2.416684326587114
FBgn0033296,24,14,9.182774130842482,6.356209241614166,2.826564889228316
FBgn0033296,30,15,9.23881797200087,6.356209241614166,2.8826087303867043
FBgn0033296,36,16,9.275798786194436,6.356209241614166,2.91958954458027
FBgn0033296,42,17,9.093778979537898,6.356209241614166,2.7375697379237325
FBgn0033296,48,18,9.311177949663296,6.356209241614166,2.9549687080491305
FBgn0033296,72,19,9.842169574472635,6.356209241614166,3.485960332858469
FBgn0033296,96,20,9.366140010165761,6.356209241614166,3.0099307685515955
FBgn0033296,120,21,9.671585197765596,6.356209241614166,3.3153759561514304
FBgn0033297,1,2,6.768282196567389,6.082376094087303,0.6859061024800859
FBgn0033297,2,3,7.2399174130961494,6.082376094087303,1.1575413190088462
FBgn0033297,3,4,7.300518137618661,6.082376094087303,1.2181420435313575
FBgn0033297,4,5,7.58352192669626,6.082376094087303,1.501145832608957
FBgn0033297,5,6,7.742445066643031,6.082376094087303,1.6600689725557274
FBgn0033297,6,7,7.205051687864939,6.082376094087303,1.122675593777636
FBgn0033297,8,8,7.215692022778992,6.082376094087303,1.1333159286916885
FBgn0033297,10,9,7.651255695032564,6.082376094087303,1.5688796009452606
FBgn0033297,12,10,7.893855298115818,6.082376094087303,1.8114792040285144
FBgn0033297,14,11,8.497066892762266,6.082376094087303,2.414690798674963
FBgn0033297,16,12,8.272626623337398,6.082376094087303,2.190250529250095
FBgn0033297,20,13,8.194344529067171,6.082376094087303,2.111968434979868
FBgn0033297,24,14,8.635741190332558,6.082376094087303,2.5533650962452548
FBgn0033297,30,15,8.609804819013128,6.082376094087303,2.5274287249258247
FBgn0033297,36,16,8.748815299481542,6.082376094087303,2.666439205394239
FBgn0033297,42,17,8.565207458144808,6.082376094087303,2.482831364057505
FBgn0033297,48,18,8.574687286297568,6.082376094087303,2.4923111922102645
FBgn0033297,72,19,9.196589227113979,6.082376094087303,3.1142131330266754
FBgn0033297,96,20,8.720571763247422,6.082376094087303,2.638195669160119
FBgn0033297,120,21,9.079627230579629,6.082376094087303,2.9972511364923253
FBgn0033301,1,2,4.309223926619719,3.965704222727468,0.34351970389225084
FBgn0033301,2,3,4.8329521661548185,3.965704222727468,0.8672479434273503
FBgn0033301,3,4,5.32180557798515,3.965704222727468,1.3561013552576817
FBgn0033301,4,5,4.926297177081514,3.965704222727468,0.9605929543540457
FBgn0033301,5,6,5.088098334221965,3.965704222727468,1.122394111494497
FBgn0033301,6,7,5.361368565253413,3.965704222727468,1.3956643425259445
FBgn0033301,8,8,4.502193509133637,3.965704222727468,0.5364892864061686
FBgn0033301,10,9,4.344538047902334,3.965704222727468,0.3788338251748655
FBgn0033301,12,10,4.472058568954236,3.965704222727468,0.5063543462267681
FBgn0033301,14,11,5.622045327507012,3.965704222727468,1.6563411047795435
FBgn0033301,16,12,5.011668988785809,3.965704222727468,1.0459647660583409
FBgn0033301,20,13,5.090477637037777,3.965704222727468,1.124773414310309
FBgn0033301,24,14,4.54398328488292,3.965704222727468,0.5782790621554517
FBgn0033301,30,15,4.990446262164749,3.965704222727468,1.0247420394372808
FBgn0033301,36,16,5.098215541757666,3.965704222727468,1.1325113190301979
FBgn0033301,42,17,5.168231787412344,3.965704222727468,1.2025275646848756
FBgn0033301,48,18,4.638086283979021,3.965704222727468,0.672382061251553
FBgn0033301,72,19,4.820663286862459,3.965704222727468,0.8549590641349907
FBgn0033301,96,20,6.119725234351929,3.965704222727468,2.1540210116244607
FBgn0033301,120,21,5.736575339984112,3.965704222727468,1.770871117256644
FBgn0033327,1,2,3.376107042943609,3.1278003129751117,0.24830672996849712
FBgn0033327,2,3,3.090408694722643,3.1278003129751117,-0.03739161825246873
FBgn0033327,3,4,3.1089549350022083,3.1278003129751117,-0.01884537797290342
FBgn0033327,4,5,3.0135615018967616,3.1278003129751117,-0.1142388110783501
FBgn0033327,5,6,2.97617457770627,3.1278003129751117,-0.15162573526884193
FBgn0033327,6,7,2.2749479337398544,3.1278003129751117,-0.8528523792352574
FBgn0033327,8,8,2.4928388432911195,3.1278003129751117,-0.6349614696839923
FBgn0033327,10,9,2.7400557165922534,3.1278003129751117,-0.3877445963828583
FBgn0033327,12,10,2.2897034141250865,3.1278003129751117,-0.8380968988500253
FBgn0033327,14,11,2.1358462139818952,3.1278003129751117,-0.9919540989932165
FBgn0033327,16,12,1.9903868700492584,3.1278003129751117,-1.1374134429258533
FBgn0033327,20,13,2.3986265903833086,3.1278003129751117,-0.7291737225918031
FBgn0033327,24,14,3.3039611655913412,3.1278003129751117,0.1761608526162295
FBgn0033327,30,15,2.9715343151279363,3.1278003129751117,-0.15626599784717543
FBgn0033327,36,16,3.4646321668483484,3.1278003129751117,0.33683185387323666
FBgn0033327,42,17,2.7183762162211043,3.1278003129751117,-0.4094240967540075
FBgn0033327,48,18,3.416605257768526,3.1278003129751117,0.28880494479341445
FBgn0033327,72,19,3.45196950154086,3.1278003129751117,0.3241691885657483
FBgn0033327,96,20,2.409232551667916,3.1278003129751117,-0.7185677613071957
FBgn0033327,120,21,3.93401815040656,3.1278003129751117,0.8062178374314484
FBgn0033353,1,2,0.7694130014541465,0.821302169601309,-0.05188916814716249
FBgn0033353,2,3,0.8112336895595338,0.821302169601309,-0.010068480041775185
FBgn0033353,3,4,0.8545700220258221,0.821302169601309,0.033267852424513134
FBgn0033353,4,5,2.724319626505385,0.821302169601309,1.9030174569040759
FBgn0033353,5,6,4.615473754484947,0.821302169601309,3.794171584883638
FBgn0033353,6,7,4.176894169481322,0.821302169601309,3.355591999880013
FBgn0033353,8,8,4.907351833420951,0.821302169601309,4.086049663819642
FBgn0033353,10,9,5.028725465303943,0.821302169601309,4.207423295702633
FBgn0033353,12,10,4.369490099174621,0.821302169601309,3.548187929573312
FBgn0033353,14,11,3.8919611422801537,0.821302169601309,3.070658972678845
FBgn0033353,16,12,2.6740803344997293,0.821302169601309,1.8527781648984203
FBgn0033353,20,13,2.7404461856074738,0.821302169601309,1.9191440160061648
FBgn0033353,24,14,1.6394855164679165,0.821302169601309,0.8181833468666075
FBgn0033353,30,15,3.8850809455738444,0.821302169601309,3.0637787759725352
FBgn0033353,36,16,2.3347373440480865,0.821302169601309,1.5134351744467776
FBgn0033353,42,17,1.7067546806641305,0.821302169601309,0.8854525110628215
FBgn0033353,48,18,1.5298844194316108,0.821302169601309,0.7085822498303018
FBgn0033353,72,19,1.3599264685024308,0.821302169601309,0.5386242989011218
FBgn0033353,96,20,2.4546130795453758,0.821302169601309,1.6333109099440668
FBgn0033353,120,21,1.511466236207071,0.821302169601309,0.690164066605762
FBgn0033366,1,2,5.324183748672307,5.4375236262520135,-0.11333987757970654
FBgn0033366,2,3,4.995606482799106,5.4375236262520135,-0.44191714345290745
FBgn0033366,3,4,4.23506439969688,5.4375236262520135,-1.202459226555133
FBgn0033366,4,5,4.3868775000747045,5.4375236262520135,-1.050646126177309
FBgn0033366,5,6,4.473471218393744,5.4375236262520135,-0.9640524078582695
FBgn0033366,6,7,4.342626058855732,5.4375236262520135,-1.0948975673962815
FBgn0033366,8,8,4.689523589094543,5.4375236262520135,-0.7480000371574702
FBgn0033366,10,9,5.306752018390856,5.4375236262520135,-0.13077160786115716
FBgn0033366,12,10,5.248954653980225,5.4375236262520135,-0.18856897227178848
FBgn0033366,14,11,5.1120136334835,5.4375236262520135,-0.3255099927685139
FBgn0033366,16,12,5.100725866111803,5.4375236262520135,-0.3367977601402101
FBgn0033366,20,13,5.566478281497611,5.4375236262520135,0.12895465524559757
FBgn0033366,24,14,5.862705426173406,5.4375236262520135,0.4251817999213925
FBgn0033366,30,15,5.97903633925703,5.4375236262520135,0.5415127130050168
FBgn0033366,36,16,5.773956601071571,5.4375236262520135,0.3364329748195578
FBgn0033366,42,17,5.650331749009217,5.4375236262520135,0.2128081227572034
FBgn0033366,48,18,6.074590583660036,5.4375236262520135,0.6370669574080221
FBgn0033366,72,19,6.211124453993749,5.4375236262520135,0.7736008277417357
FBgn0033366,96,20,6.428898806522401,5.4375236262520135,0.9913751802703876
FBgn0033366,120,21,6.27076099413085,5.4375236262520135,0.8332373678788363
FBgn0033439,1,2,2.888390438123226,2.8052462763721566,0.08314416175106931
FBgn0033439,2,3,3.051915986457666,2.8052462763721566,0.2466697100855093
FBgn0033439,3,4,3.3987739047884484,2.8052462763721566,0.5935276284162918
FBgn0033439,4,5,3.583257335001076,2.8052462763721566,0.7780110586289193
FBgn0033439,5,6,4.201305530874452,2.8052462763721566,1.396059254502295
FBgn0033439,6,7,4.009031749235499,2.8052462763721566,1.2037854728633421
FBgn0033439,8,8,4.233125495873244,2.8052462763721566,1.4278792195010874
FBgn0033439,10,9,4.56753076005233,2.8052462763721566,1.7622844836801734
FBgn0033439,12,10,4.454424065282106,2.8052462763721566,1.6491777889099497
FBgn0033439,14,11,4.030211755487626,2.8052462763721566,1.2249654791154692
FBgn0033439,16,12,4.038894411890762,2.8052462763721566,1.2336481355186057
FBgn0033439,20,13,3.731323382479986,2.8052462763721566,0.9260771061078295
FBgn0033439,24,14,3.462457232653807,2.8052462763721566,0.6572109562816504
FBgn0033439,30,15,3.793728238640096,2.8052462763721566,0.9884819622679393
FBgn0033439,36,16,3.4072602048706075,2.8052462763721566,0.6020139284984509
FBgn0033439,42,17,3.5828737170270735,2.8052462763721566,0.7776274406549168
FBgn0033439,48,18,3.125849269337837,2.8052462763721566,0.3206029929656804
FBgn0033439,72,19,3.0638237112924274,2.8052462763721566,0.25857743492027074
FBgn0033439,96,20,3.0637950990641274,2.8052462763721566,0.25854882269197077
FBgn0033439,120,21,3.2047749361563262,2.8052462763721566,0.3995286597841696
FBgn0033453,1,2,3.7738111428526935,3.8926072711304176,-0.11879612827772412
FBgn0033453,2,3,3.9624756977720033,3.8926072711304176,0.06986842664158566
FBgn0033453,3,4,4.009311937681849,3.8926072711304176,0.1167046665514313
FBgn0033453,4,5,3.8486319653227263,3.8926072711304176,-0.04397530580769127
FBgn0033453,5,6,3.986860497816235,3.8926072711304176,0.09425322668581737
FBgn0033453,6,7,3.9717504227967844,3.8926072711304176,0.07914315166636676
FBgn0033453,8,8,4.008222551890864,3.8926072711304176,0.11561528076044603
FBgn0033453,10,9,4.100879158268572,3.8926072711304176,0.2082718871381548
FBgn0033453,12,10,4.108093723737411,3.8926072711304176,0.21548645260699306
FBgn0033453,14,11,4.172897339070262,3.8926072711304176,0.2802900679398448
FBgn0033453,16,12,4.006681289737113,3.8926072711304176,0.1140740186066953
FBgn0033453,20,13,3.986055511778006,3.8926072711304176,0.0934482406475885
FBgn0033453,24,14,4.17064032836071,3.8926072711304176,0.27803305723029226
FBgn0033453,30,15,4.225904086277511,3.8926072711304176,0.33329681514709364
FBgn0033453,36,16,4.256480033145368,3.8926072711304176,0.36387276201495045
FBgn0033453,42,17,4.245834454580226,3.8926072711304176,0.35322718344980863
FBgn0033453,48,18,4.116538262815084,3.8926072711304176,0.22393099168466613
FBgn0033453,72,19,4.379618895193026,3.8926072711304176,0.48701162406260856
FBgn0033453,96,20,5.732766369838561,3.8926072711304176,1.8401590987081438
FBgn0033453,120,21,5.386117744366558,3.8926072711304176,1.4935104732361406
FBgn0033593,1,2,5.005494569093193,4.693645197271242,0.3118493718219506
FBgn0033593,2,3,5.860449262152413,4.693645197271242,1.1668040648811706
FBgn0033593,3,4,5.856213335149649,4.693645197271242,1.1625681378784067
FBgn0033593,4,5,5.829467815677937,4.693645197271242,1.1358226184066949
FBgn0033593,5,6,6.534501827602947,4.693645197271242,1.8408566303317047
FBgn0033593,6,7,6.205546533326618,4.693645197271242,1.5119013360553764
FBgn0033593,8,8,5.792100841342185,4.693645197271242,1.0984556440709428
FBgn0033593,10,9,5.804560277566937,4.693645197271242,1.1109150802956949
FBgn0033593,12,10,5.56600750336287,4.693645197271242,0.8723623060916283
FBgn0033593,14,11,6.275970225636488,4.693645197271242,1.5823250283652461
FBgn0033593,16,12,6.215959411467625,4.693645197271242,1.522314214196383
FBgn0033593,20,13,6.726149061115271,4.693645197271242,2.0325038638440294
FBgn0033593,24,14,5.116270683107241,4.693645197271242,0.422625485835999
FBgn0033593,30,15,5.9891588474424315,4.693645197271242,1.2955136501711895
FBgn0033593,36,16,5.61090373352423,4.693645197271242,0.9172585362529881
FBgn0033593,42,17,6.2528825229183935,4.693645197271242,1.5592373256471515
FBgn0033593,48,18,5.630492781912071,4.693645197271242,0.9368475846408293
FBgn0033593,72,19,5.846051737596604,4.693645197271242,1.1524065403253623
FBgn0033593,96,20,5.889849976029037,4.693645197271242,1.196204778757795
FBgn0033593,120,21,5.719108558879139,4.693645197271242,1.0254633616078968
FBgn0033659,1,2,4.025968509046507,2.5928067413871942,1.4331617676593127
FBgn0033659,2,3,4.384236782973682,2.5928067413871942,1.7914300415864877
FBgn0033659,3,4,4.203767980320771,2.5928067413871942,1.610961238933577
FBgn0033659,4,5,4.426024105663178,2.5928067413871942,1.8332173642759835
FBgn0033659,5,6,4.012834903771175,2.5928067413871942,1.4200281623839808
FBgn0033659,6,7,4.251896682427578,2.5928067413871942,1.6590899410403837
FBgn0033659,8,8,3.200224213325977,2.5928067413871942,0.6074174719387826
FBgn0033659,10,9,2.9278352702867343,2.5928067413871942,0.33502852889954005
FBgn0033659,12,10,4.1131862235013035,2.5928067413871942,1.5203794821141092
FBgn0033659,14,11,4.278970543506087,2.5928067413871942,1.6861638021188932
FBgn0033659,16,12,3.306300072355553,2.5928067413871942,0.7134933309683587
FBgn0033659,20,13,4.094544158487653,2.5928067413871942,1.501737417100459
FBgn0033659,24,14,3.7711163342233056,2.5928067413871942,1.1783095928361114
FBgn0033659,30,15,3.9720415047971587,2.5928067413871942,1.3792347634099644
FBgn0033659,36,16,4.525692047432708,2.5928067413871942,1.9328853060455136
FBgn0033659,42,17,4.143218944420999,2.5928067413871942,1.550412203033805
FBgn0033659,48,18,4.148111119100758,2.5928067413871942,1.5553043777135636
FBgn0033659,72,19,4.256831831054491,2.5928067413871942,1.6640250896672968
FBgn0033659,96,20,5.5766892730058615,2.5928067413871942,2.9838825316186672
FBgn0033659,120,21,5.0389663864498555,2.5928067413871942,2.4461596450626613
FBgn0033723,1,2,2.5923619752429605,3.12862460757335,-0.5362626323303896
FBgn0033723,2,3,2.2426130943826657,3.12862460757335,-0.8860115131906845
FBgn0033723,3,4,1.1122436686000934,3.12862460757335,-2.0163809389732568
FBgn0033723,4,5,1.2453272363022179,3.12862460757335,-1.8832973712711323
FBgn0033723,5,6,1.5415715816408118,3.12862460757335,-1.5870530259325384
FBgn0033723,6,7,1.4461543859498147,3.12862460757335,-1.6824702216235354
FBgn0033723,8,8,1.3666438333907078,3.12862460757335,-1.7619807741826423
FBgn0033723,10,9,2.3221445451514033,3.12862460757335,-0.8064800624219468
FBgn0033723,12,10,2.2512619679483032,3.12862460757335,-0.8773626396250469
FBgn0033723,14,11,1.669211052123325,3.12862460757335,-1.4594135554500252
FBgn0033723,16,12,1.530099536076372,3.12862460757335,-1.598525071496978
FBgn0033723,20,13,1.7802704431140308,3.12862460757335,-1.3483541644593193
FBgn0033723,24,14,3.0242554495760445,3.12862460757335,-0.10436915799730562
FBgn0033723,30,15,2.3191693883218423,3.12862460757335,-0.8094552192515079
FBgn0033723,36,16,1.9701502321375868,3.12862460757335,-1.1584743754357634
FBgn0033723,42,17,1.7685759967452266,3.12862460757335,-1.3600486108281236
FBgn0033723,48,18,2.8607771907838444,3.12862460757335,-0.26784741678950574
FBgn0033723,72,19,2.566487145314209,3.12862460757335,-0.5621374622591411
FBgn0033723,96,20,2.702258872632188,3.12862460757335,-0.42636573494116226
FBgn0033723,120,21,3.114320669714027,3.12862460757335,-0.014303937859323046
FBgn0033733,1,2,6.845413219990549,7.018810882306511,-0.17339766231596165
FBgn0033733,2,3,7.042396342050291,7.018810882306511,0.023585459743780568
FBgn0033733,3,4,6.938845481663837,7.018810882306511,-0.07996540064267332
FBgn0033733,4,5,6.6347047320221995,7.018810882306511,-0.3841061502843113
FBgn0033733,5,6,6.9536497057430156,7.018810882306511,-0.06516117656349518
FBgn0033733,6,7,6.967336002999166,7.018810882306511,-0.051474879307344956
FBgn0033733,8,8,6.786107784987799,7.018810882306511,-0.23270309731871208
FBgn0033733,10,9,6.863203946206981,7.018810882306511,-0.15560693609953002
FBgn0033733,12,10,6.440747184961161,7.018810882306511,-0.5780636973453497
FBgn0033733,14,11,5.415036074250089,7.018810882306511,-1.6037748080564214
FBgn0033733,16,12,5.5708820613849195,7.018810882306511,-1.4479288209215913
FBgn0033733,20,13,8.071036916674167,7.018810882306511,1.0522260343676564
FBgn0033733,24,14,7.844501860350599,7.018810882306511,0.8256909780440882
FBgn0033733,30,15,7.46717534756309,7.018810882306511,0.4483644652565797
FBgn0033733,36,16,6.713640968551836,7.018810882306511,-0.30516991375467484
FBgn0033733,42,17,8.019486816083395,7.018810882306511,1.0006759337768845
FBgn0033733,48,18,8.074163259697093,7.018810882306511,1.055352377390582
FBgn0033733,72,19,8.193438778959361,7.018810882306511,1.1746278966528507
FBgn0033733,96,20,8.478466361936668,7.018810882306511,1.4596554796301575
FBgn0033733,120,21,8.174116121132633,7.018810882306511,1.1553052388261218
FBgn0033774,1,2,8.473289790177589,7.04484785907681,1.428441931100778
FBgn0033774,2,3,8.536248451757462,7.04484785907681,1.4914005926806517
FBgn0033774,3,4,9.096337120023085,7.04484785907681,2.0514892609462745
FBgn0033774,4,5,8.834562687003077,7.04484785907681,1.7897148279262662
FBgn0033774,5,6,8.795453764499312,7.04484785907681,1.7506059054225016
FBgn0033774,6,7,8.516019613895864,7.04484785907681,1.4711717548190535
FBgn0033774,8,8,8.26610212070565,7.04484785907681,1.2212542616288395
FBgn0033774,10,9,8.18517550072261,7.04484785907681,1.1403276416457988
FBgn0033774,12,10,8.566688164341006,7.04484785907681,1.5218403052641953
FBgn0033774,14,11,8.663971908258546,7.04484785907681,1.6191240491817354
FBgn0033774,16,12,8.509396119384302,7.04484785907681,1.4645482603074917
FBgn0033774,20,13,8.781596808289633,7.04484785907681,1.7367489492128225
FBgn0033774,24,14,9.461074974371325,7.04484785907681,2.4162271152945145
FBgn0033774,30,15,8.537692735098913,7.04484785907681,1.4928448760221027
FBgn0033774,36,16,8.75304587680413,7.04484785907681,1.7081980177273195
FBgn0033774,42,17,8.726429839330638,7.04484785907681,1.6815819802538279
FBgn0033774,48,18,7.70457033770937,7.04484785907681,0.6597224786325597
FBgn0033774,72,19,7.703588835037026,7.04484785907681,0.6587409759602156
FBgn0033774,96,20,6.997782805906305,7.04484785907681,-0.047065053170505244
FBgn0033774,120,21,7.899309712326296,7.04484785907681,0.8544618532494859
FBgn0033788,1,2,7.502588168471001,6.783128927256431,0.7194592412145697
FBgn0033788,2,3,8.175720043098627,6.783128927256431,1.3925911158421957
FBgn0033788,3,4,8.428332518515239,6.783128927256431,1.6452035912588077
FBgn0033788,4,5,7.944507484076994,6.783128927256431,1.161378556820563
FBgn0033788,5,6,8.019601816613196,6.783128927256431,1.2364728893567651
FBgn0033788,6,7,8.173073953350125,6.783128927256431,1.3899450260936934
FBgn0033788,8,8,7.6733379087745845,6.783128927256431,0.8902089815181533
FBgn0033788,10,9,7.513897775484962,6.783128927256431,0.7307688482285304
FBgn0033788,12,10,7.783759864085924,6.783128927256431,1.0006309368294923
FBgn0033788,14,11,8.19055878895969,6.783128927256431,1.4074298617032586
FBgn0033788,16,12,7.614374060132905,6.783128927256431,0.8312451328764734
FBgn0033788,20,13,8.001994796794232,6.783128927256431,1.218865869537801
FBgn0033788,24,14,7.5314669978373425,6.783128927256431,0.7483380705809113
FBgn0033788,30,15,7.805628107027183,6.783128927256431,1.0224991797707519
FBgn0033788,36,16,7.990455297799505,6.783128927256431,1.2073263705430737
FBgn0033788,42,17,8.080080770188886,6.783128927256431,1.2969518429324545
FBgn0033788,48,18,7.5765201161793545,6.783128927256431,0.7933911889229233
FBgn0033788,72,19,7.975929974269594,6.783128927256431,1.1928010470131625
FBgn0033788,96,20,9.230507941932592,6.783128927256431,2.4473790146761605
FBgn0033788,120,21,9.06396627911316,6.783128927256431,2.2808373518567286
FBgn0033789,1,2,5.134342071086497,4.109892767980195,1.0244493031063016
FBgn0033789,2,3,5.943510404703195,4.109892767980195,1.833617636723
FBgn0033789,3,4,6.33016585071782,4.109892767980195,2.2202730827376245
FBgn0033789,4,5,5.960956580007537,4.109892767980195,1.8510638120273413
FBgn0033789,5,6,6.173024535971402,4.109892767980195,2.063131767991207
FBgn0033789,6,7,6.2140798097110395,4.109892767980195,2.104187041730844
FBgn0033789,8,8,5.377415166821114,4.109892767980195,1.267522398840919
FBgn0033789,10,9,4.987766545243883,4.109892767980195,0.8778737772636873
FBgn0033789,12,10,5.82970252224086,4.109892767980195,1.7198097542606643
FBgn0033789,14,11,6.091464710291758,4.109892767980195,1.9815719423115628
FBgn0033789,16,12,5.188526537976532,4.109892767980195,1.0786337699963369
FBgn0033789,20,13,5.543617841501288,4.109892767980195,1.4337250735210922
FBgn0033789,24,14,5.052738434606181,4.109892767980195,0.9428456666259857
FBgn0033789,30,15,5.674210476227989,4.109892767980195,1.5643177082477937
FBgn0033789,36,16,5.768301405975118,4.109892767980195,1.6584086379949223
FBgn0033789,42,17,5.5794253518371475,4.109892767980195,1.4695325838569522
FBgn0033789,48,18,4.82828930436197,4.109892767980195,0.7183965363817748
FBgn0033789,72,19,5.432410322848597,4.109892767980195,1.3225175548684014
FBgn0033789,96,20,7.544607348934422,4.109892767980195,3.4347145809542265
FBgn0033789,120,21,7.160506065099089,4.109892767980195,3.0506132971188933
FBgn0033792,1,2,5.047611519971385,2.950951573203435,2.09665994676795
FBgn0033792,2,3,5.486446913395559,2.950951573203435,2.5354953401921243
FBgn0033792,3,4,4.9211490474351836,2.950951573203435,1.9701974742317487
FBgn0033792,4,5,3.977769842213478,2.950951573203435,1.0268182690100431
FBgn0033792,5,6,3.3470623314430457,2.950951573203435,0.39611075823961084
FBgn0033792,6,7,4.703264029463879,2.950951573203435,1.7523124562604444
FBgn0033792,8,8,3.013879152830018,2.950951573203435,0.06292757962658335
FBgn0033792,10,9,3.060021418332303,2.950951573203435,0.10906984512886808
FBgn0033792,12,10,3.8385079059518015,2.950951573203435,0.8875563327483666
FBgn0033792,14,11,3.744158714991077,2.950951573203435,0.7932071417876423
FBgn0033792,16,12,2.7545940287635275,2.950951573203435,-0.19635754443990727
FBgn0033792,20,13,5.62013504867719,2.950951573203435,2.669183475473755
FBgn0033792,24,14,4.9813066478093155,2.950951573203435,2.0303550746058807
FBgn0033792,30,15,5.046524764133835,2.950951573203435,2.0955731909304003
FBgn0033792,36,16,4.116229736188215,2.950951573203435,1.1652781629847802
FBgn0033792,42,17,5.084554239266986,2.950951573203435,2.1336026660635508
FBgn0033792,48,18,4.885820595056,2.950951573203435,1.934869021852565
FBgn0033792,72,19,5.800466855305059,2.950951573203435,2.849515282101624
FBgn0033792,96,20,5.83403136569504,2.950951573203435,2.883079792491605
FBgn0033792,120,21,6.084402460411908,2.950951573203435,3.1334508872084728
FBgn0033820,1,2,9.817530235324565,10.029462641474435,-0.2119324061498702
FBgn0033820,2,3,9.37656198517448,10.029462641474435,-0.6529006562999555
FBgn0033820,3,4,8.42896701448408,10.029462641474435,-1.6004956269903552
FBgn0033820,4,5,8.806870826458688,10.029462641474435,-1.2225918150157469
FBgn0033820,5,6,9.389672447765456,10.029462641474435,-0.6397901937089792
FBgn0033820,6,7,9.216127854176626,10.029462641474435,-0.8133347872978085
FBgn0033820,8,8,9.375296159462792,10.029462641474435,-0.6541664820116431
FBgn0033820,10,9,9.897155576680614,10.029462641474435,-0.13230706479382093
FBgn0033820,12,10,9.962706596928737,10.029462641474435,-0.0667560445456985
FBgn0033820,14,11,10.351644167928606,10.029462641474435,0.3221815264541714
FBgn0033820,16,12,10.519613271784307,10.029462641474435,0.4901506303098717
FBgn0033820,20,13,10.530732485621698,10.029462641474435,0.5012698441472629
FBgn0033820,24,14,10.198612475777205,10.029462641474435,0.16914983430276997
FBgn0033820,30,15,10.130317736230396,10.029462641474435,0.10085509475596055
FBgn0033820,36,16,10.13531805525606,10.029462641474435,0.10585541378162588
FBgn0033820,42,17,10.644537691395652,10.029462641474435,0.6150750499212165
FBgn0033820,48,18,10.327235987175026,10.029462641474435,0.2977733457005911
FBgn0033820,72,19,10.207512018015901,10.029462641474435,0.17804937654146613
FBgn0033820,96,20,10.483844432696332,10.029462641474435,0.4543817912218966
FBgn0033820,120,21,10.264772445587088,10.029462641474435,0.2353098041126529
FBgn0033926,1,2,10.220010467526405,8.79199492173806,1.4280155457883446
FBgn0033926,2,3,10.32966873211305,8.79199492173806,1.5376738103749883
FBgn0033926,3,4,10.647097482512573,8.79199492173806,1.8551025607745117
FBgn0033926,4,5,10.062075664098703,8.79199492173806,1.2700807423606424
FBgn0033926,5,6,10.400557115283943,8.79199492173806,1.6085621935458825
FBgn0033926,6,7,10.100539056370685,8.79199492173806,1.3085441346326245
FBgn0033926,8,8,9.494564812151326,8.79199492173806,0.7025698904132653
FBgn0033926,10,9,9.995808037240746,8.79199492173806,1.203813115502685
FBgn0033926,12,10,10.101143077643759,8.79199492173806,1.3091481559056977
FBgn0033926,14,11,10.230051969865205,8.79199492173806,1.4380570481271437
FBgn0033926,16,12,9.885317391627364,8.79199492173806,1.0933224698893032
FBgn0033926,20,13,10.365679121847808,8.79199492173806,1.5736842001097475
FBgn0033926,24,14,9.568963075776281,8.79199492173806,0.7769681540382205
FBgn0033926,30,15,9.992167003643726,8.79199492173806,1.2001720819056647
FBgn0033926,36,16,10.404923753456789,8.79199492173806,1.6129288317187278
FBgn0033926,42,17,9.5977041243056,8.79199492173806,0.8057092025675399
FBgn0033926,48,18,9.91491552075993,8.79199492173806,1.1229205990218691
FBgn0033926,72,19,10.072785954980603,8.79199492173806,1.2807910332425418
FBgn0033926,96,20,10.769433087205226,8.79199492173806,1.9774381654671647
FBgn0033926,120,21,10.645943009841748,8.79199492173806,1.853948088103687
FBgn0033927,1,2,9.22894250305862,7.735028546867387,1.4939139561912338
FBgn0033927,2,3,9.328732370487439,7.735028546867387,1.5937038236200518
FBgn0033927,3,4,9.606905301977195,7.735028546867387,1.8718767551098079
FBgn0033927,4,5,9.038820009613572,7.735028546867387,1.3037914627461848
FBgn0033927,5,6,9.265503581586383,7.735028546867387,1.5304750347189966
FBgn0033927,6,7,9.105342316221162,7.735028546867387,1.3703137693537748
FBgn0033927,8,8,8.465135611926982,7.735028546867387,0.7301070650595953
FBgn0033927,10,9,9.027591291411,7.735028546867387,1.2925627445436128
FBgn0033927,12,10,9.124497997982296,7.735028546867387,1.389469451114909
FBgn0033927,14,11,9.284681683809303,7.735028546867387,1.5496531369419166
FBgn0033927,16,12,8.87475244907207,7.735028546867387,1.1397239022046826
FBgn0033927,20,13,9.369333884885492,7.735028546867387,1.6343053380181054
FBgn0033927,24,14,8.585513347720129,7.735028546867387,0.8504848008527421
FBgn0033927,30,15,9.002785480648315,7.735028546867387,1.2677569337809285
FBgn0033927,36,16,9.419721615551776,7.735028546867387,1.684693068684389
FBgn0033927,42,17,8.543394292427575,7.735028546867387,0.808365745560188
FBgn0033927,48,18,8.91011560459075,7.735028546867387,1.1750870577233634
FBgn0033927,72,19,9.092190143345292,7.735028546867387,1.357161596477905
FBgn0033927,96,20,9.752994523717026,7.735028546867387,2.0179659768496396
FBgn0033927,120,21,9.59448972558231,7.735028546867387,1.8594611787149233
FBgn0033936,1,2,3.542581233581134,4.749932109202222,-1.2073508756210876
FBgn0033936,2,3,3.3781203290631474,4.749932109202222,-1.3718117801390743
FBgn0033936,3,4,3.6803484322986613,4.749932109202222,-1.0695836769035605
FBgn0033936,4,5,4.292067419501051,4.749932109202222,-0.45786468970117067
FBgn0033936,5,6,3.910356073538927,4.749932109202222,-0.8395760356632946
FBgn0033936,6,7,3.8496303974456225,4.749932109202222,-0.9003017117565992
FBgn0033936,8,8,3.6514096630062522,4.749932109202222,-1.0985224461959695
FBgn0033936,10,9,4.2555768726623135,4.749932109202222,-0.4943552365399082
FBgn0033936,12,10,4.942685918091925,4.749932109202222,0.1927538088897034
FBgn0033936,14,11,5.311631994235097,4.749932109202222,0.5616998850328754
FBgn0033936,16,12,5.1586265738177755,4.749932109202222,0.4086944646155537
FBgn0033936,20,13,5.158108568424993,4.749932109202222,0.408176459222771
FBgn0033936,24,14,3.957796033863897,4.749932109202222,-0.7921360753383246
FBgn0033936,30,15,4.323388742212346,4.749932109202222,-0.4265433669898755
FBgn0033936,36,16,5.102407848695924,4.749932109202222,0.3524757394937019
FBgn0033936,42,17,5.272943705979097,4.749932109202222,0.5230115967768754
FBgn0033936,48,18,4.22432151766389,4.749932109202222,-0.5256105915383316
FBgn0033936,72,19,3.5400375942255424,4.749932109202222,-1.2098945149766793
FBgn0033936,96,20,4.019039967355836,4.749932109202222,-0.7308921418463861
FBgn0033936,120,21,3.719972643251264,4.749932109202222,-1.0299594659509577
FBgn0033978,1,2,7.214565666618869,6.142016263642573,1.0725494029762963
FBgn0033978,2,3,7.266519439552146,6.142016263642573,1.1245031759095738
FBgn0033978,3,4,7.138763746787731,6.142016263642573,0.9967474831451586
FBgn0033978,4,5,6.474413884982093,6.142016263642573,0.33239762133952055
FBgn0033978,5,6,6.351799621117176,6.142016263642573,0.20978335747460353
FBgn0033978,6,7,6.007197749634388,6.142016263642573,-0.13481851400818456
FBgn0033978,8,8,5.500939874948198,6.142016263642573,-0.6410763886943744
FBgn0033978,10,9,5.619752138384339,6.142016263642573,-0.5222641252582338
FBgn0033978,12,10,5.567880621701855,6.142016263642573,-0.5741356419407175
FBgn0033978,14,11,5.488637334999194,6.142016263642573,-0.6533789286433782
FBgn0033978,16,12,5.812942896530014,6.142016263642573,-0.3290733671125583
FBgn0033978,20,13,6.571880774462412,6.142016263642573,0.4298645108198391
FBgn0033978,24,14,6.407770133937474,6.142016263642573,0.26575387029490116
FBgn0033978,30,15,6.086770776118294,6.142016263642573,-0.055245487524278936
FBgn0033978,36,16,6.097175882999456,6.142016263642573,-0.044840380643116795
FBgn0033978,42,17,6.926123580623999,6.142016263642573,0.7841073169814265
FBgn0033978,48,18,6.7497851596209175,6.142016263642573,0.6077688959783449
FBgn0033978,72,19,6.885103748061816,6.142016263642573,0.7430874844192434
FBgn0033978,96,20,6.789867007924006,6.142016263642573,0.6478507442814339
FBgn0033978,120,21,6.978725960597828,6.142016263642573,0.8367096969552552
FBgn0034010,1,2,1.7794442283015934,1.8747857929233196,-0.09534156462172616
FBgn0034010,2,3,1.8955655370215272,1.8747857929233196,0.020779744098207598
FBgn0034010,3,4,1.7970848012914893,1.8747857929233196,-0.07770099163183031
FBgn0034010,4,5,2.0044821111731523,1.8747857929233196,0.12969631824983274
FBgn0034010,5,6,2.1486913908386986,1.8747857929233196,0.27390559791537905
FBgn0034010,6,7,2.1829686302992735,1.8747857929233196,0.30818283737595387
FBgn0034010,8,8,2.911058361090639,1.8747857929233196,1.0362725681673193
FBgn0034010,10,9,3.153290464630077,1.8747857929233196,1.2785046717067572
FBgn0034010,12,10,2.8173861336040753,1.8747857929233196,0.9426003406807557
FBgn0034010,14,11,2.851470662331182,1.8747857929233196,0.9766848694078623
FBgn0034010,16,12,3.168453182091204,1.8747857929233196,1.2936673891678843
FBgn0034010,20,13,2.8993551297466684,1.8747857929233196,1.0245693368233488
FBgn0034010,24,14,2.5336386984758414,1.8747857929233196,0.6588529055525219
FBgn0034010,30,15,2.676448815315294,1.8747857929233196,0.8016630223919745
FBgn0034010,36,16,2.7330274041714597,1.8747857929233196,0.8582416112481401
FBgn0034010,42,17,2.42333254212613,1.8747857929233196,0.5485467492028104
FBgn0034010,48,18,2.4370831505665578,1.8747857929233196,0.5622973576432382
FBgn0034010,72,19,2.5734261079205734,1.8747857929233196,0.6986403149972538
FBgn0034010,96,20,1.7241595937588163,1.8747857929233196,-0.15062619916450326
FBgn0034010,120,21,2.3496354255404017,1.8747857929233196,0.47484963261708213
FBgn0034117,1,2,6.4758334144666865,6.164666624413142,0.3111667900535444
FBgn0034117,2,3,6.195888788273825,6.164666624413142,0.031222163860682883
FBgn0034117,3,4,5.40499671957968,6.164666624413142,-0.7596699048334621
FBgn0034117,4,5,5.597412448553142,6.164666624413142,-0.5672541758600005
FBgn0034117,5,6,5.554752248464357,6.164666624413142,-0.6099143759487848
FBgn0034117,6,7,5.179863488565413,6.164666624413142,-0.9848031358477289
FBgn0034117,8,8,5.467017616970456,6.164666624413142,-0.6976490074426858
FBgn0034117,10,9,6.018456824354583,6.164666624413142,-0.14620980005855877
FBgn0034117,12,10,6.163122381947364,6.164666624413142,-0.0015442424657781118
FBgn0034117,14,11,6.238307598957124,6.164666624413142,0.07364097454398166
FBgn0034117,16,12,6.491102900137597,6.164666624413142,0.326436275724455
FBgn0034117,20,13,6.47326261669123,6.164666624413142,0.30859599227808765
FBgn0034117,24,14,6.594375025126102,6.164666624413142,0.42970840071296035
FBgn0034117,30,15,6.795871278418759,6.164666624413142,0.6312046540056171
FBgn0034117,36,16,6.755211568788377,6.164666624413142,0.5905449443752353
FBgn0034117,42,17,6.831933109843492,6.164666624413142,0.6672664854303498
FBgn0034117,48,18,6.780797319403365,6.164666624413142,0.6161306949902228
FBgn0034117,72,19,7.0183135710104425,6.164666624413142,0.8536469465973004
FBgn0034117,96,20,6.957237552516801,6.164666624413142,0.7925709281036593
FBgn0034117,120,21,7.0299171354505905,6.164666624413142,0.8652505110374484
FBgn0034160,1,2,5.16054198028522,1.7317622789960079,3.4287797012892125
FBgn0034160,2,3,4.802411018204016,1.7317622789960079,3.0706487392080084
FBgn0034160,3,4,3.8914933934404234,1.7317622789960079,2.1597311144444156
FBgn0034160,4,5,3.371073635987064,1.7317622789960079,1.639311356991056
FBgn0034160,5,6,2.8163130520638635,1.7317622789960079,1.0845507730678556
FBgn0034160,6,7,3.8566886342218267,1.7317622789960079,2.124926355225819
FBgn0034160,8,8,2.6450832960695747,1.7317622789960079,0.9133210170735668
FBgn0034160,10,9,2.286572447024355,1.7317622789960079,0.554810168028347
FBgn0034160,12,10,3.2587109761317454,1.7317622789960079,1.5269486971357376
FBgn0034160,14,11,2.7810804941642635,1.7317622789960079,1.0493182151682556
FBgn0034160,16,12,1.4813758055380852,1.7317622789960079,-0.25038647345792264
FBgn0034160,20,13,2.244281336103413,1.7317622789960079,0.5125190571074052
FBgn0034160,24,14,2.1775203610571707,1.7317622789960079,0.44575808206116285
FBgn0034160,30,15,3.036840910211837,1.7317622789960079,1.3050786312158293
FBgn0034160,36,16,2.926117538928106,1.7317622789960079,1.1943552599320983
FBgn0034160,42,17,2.2939256917559536,1.7317622789960079,0.5621634127599457
FBgn0034160,48,18,2.920108877231341,1.7317622789960079,1.188346598235333
FBgn0034160,72,19,2.771130434819389,1.7317622789960079,1.039368155823381
FBgn0034160,96,20,3.7717994693071306,1.7317622789960079,2.0400371903111227
FBgn0034160,120,21,3.402848972709733,1.7317622789960079,1.671086693713725
FBgn0034187,1,2,1.1643850788971026,0.6689317605026569,0.49545331839444573
FBgn0034187,2,3,1.3719599681184564,0.6689317605026569,0.7030282076157995
FBgn0034187,3,4,0.8136937983644003,0.6689317605026569,0.14476203786174335
FBgn0034187,4,5,0.7857282772625416,0.6689317605026569,0.11679651675988467
FBgn0034187,5,6,0.7939580054584741,0.6689317605026569,0.12502624495581716
FBgn0034187,6,7,0.9847607425564251,0.6689317605026569,0.3158289820537682
FBgn0034187,8,8,1.0348079172013969,0.6689317605026569,0.36587615669873996
FBgn0034187,10,9,0.7797525606544984,0.6689317605026569,0.11082080015184148
FBgn0034187,12,10,1.2815581280401496,0.6689317605026569,0.6126263675374927
FBgn0034187,14,11,0.9981094925184061,0.6689317605026569,0.3291777320157492
FBgn0034187,16,12,1.1983645739536883,0.6689317605026569,0.5294328134510314
FBgn0034187,20,13,1.2274068539930694,0.6689317605026569,0.5584750934904125
FBgn0034187,24,14,1.0411143575853126,0.6689317605026569,0.37218259708265566
FBgn0034187,30,15,0.8412417838350542,0.6689317605026569,0.1723100233323973
FBgn0034187,36,16,1.4647616990702228,0.6689317605026569,0.7958299385675659
FBgn0034187,42,17,2.61236022894202,0.6689317605026569,1.9434284684393628
FBgn0034187,48,18,0.769162248247625,0.6689317605026569,0.10023048774496812
FBgn0034187,72,19,0.8691874885444568,0.6689317605026569,0.20025572804179992
FBgn0034187,96,20,4.151808858177244,0.6689317605026569,3.482877097674587
FBgn0034187,120,21,3.2517069720669283,0.6689317605026569,2.5827752115642713
FBgn0034247,1,2,6.8192966131276656,6.557626629325542,0.2616699838021237
FBgn0034247,2,3,6.968558837419786,6.557626629325542,0.4109322080942439
FBgn0034247,3,4,7.118977642337717,6.557626629325542,0.5613510130121755
FBgn0034247,4,5,6.972082828979405,6.557626629325542,0.4144561996538627
FBgn0034247,5,6,6.919922111669652,6.557626629325542,0.36229548234411
FBgn0034247,6,7,6.566216059287361,6.557626629325542,0.008589429961818773
FBgn0034247,8,8,6.595167715955181,6.557626629325542,0.03754108662963951
FBgn0034247,10,9,6.754871243971669,6.557626629325542,0.1972446146461273
FBgn0034247,12,10,6.786819157272174,6.557626629325542,0.22919252794663247
FBgn0034247,14,11,6.979200468983351,6.557626629325542,0.4215738396578095
FBgn0034247,16,12,7.302733416107118,6.557626629325542,0.7451067867815757
FBgn0034247,20,13,8.453660213332254,6.557626629325542,1.8960335840067124
FBgn0034247,24,14,8.187421308963406,6.557626629325542,1.6297946796378646
FBgn0034247,30,15,7.733193894845586,6.557626629325542,1.1755672655200442
FBgn0034247,36,16,7.725708766177478,6.557626629325542,1.168082136851936
FBgn0034247,42,17,8.666493068592853,6.557626629325542,2.1088664392673113
FBgn0034247,48,18,8.366971302014218,6.557626629325542,1.8093446726886757
FBgn0034247,72,19,8.789510072840816,6.557626629325542,2.231883443515274
FBgn0034247,96,20,8.988998028885648,6.557626629325542,2.4313713995601063
FBgn0034247,120,21,9.011191540400848,6.557626629325542,2.453564911075306
FBgn0034276,1,2,3.4717188961434244,3.2730479436257447,0.19867095251767974
FBgn0034276,2,3,3.7116462848843073,3.2730479436257447,0.43859834125856256
FBgn0034276,3,4,3.2986441799377664,3.2730479436257447,0.02559623631202168
FBgn0034276,4,5,3.7210782336069164,3.2730479436257447,0.44803028998117167
FBgn0034276,5,6,3.515567923024382,3.2730479436257447,0.24251997939863745
FBgn0034276,6,7,3.633887512240774,3.2730479436257447,0.3608395686150292
FBgn0034276,8,8,4.277537077821427,3.2730479436257447,1.0044891341956825
FBgn0034276,10,9,4.7076104506155065,3.2730479436257447,1.4345625069897618
FBgn0034276,12,10,4.65330656619734,3.2730479436257447,1.3802586225715956
FBgn0034276,14,11,4.365612445086363,3.2730479436257447,1.0925645014606182
FBgn0034276,16,12,4.269567494376764,3.2730479436257447,0.9965195507510192
FBgn0034276,20,13,4.193860500046815,3.2730479436257447,0.9208125564210707
FBgn0034276,24,14,3.9490330866126353,3.2730479436257447,0.6759851429868906
FBgn0034276,30,15,4.9625294733829435,3.2730479436257447,1.6894815297571988
FBgn0034276,36,16,4.516681468498062,3.2730479436257447,1.2436335248723172
FBgn0034276,42,17,4.3421729935163755,3.2730479436257447,1.0691250498906308
FBgn0034276,48,18,4.209161075069788,3.2730479436257447,0.936113131444043
FBgn0034276,72,19,4.54440597543137,3.2730479436257447,1.271358031805625
FBgn0034276,96,20,5.096637590468555,3.2730479436257447,1.8235896468428106
FBgn0034276,120,21,4.774863568266175,3.2730479436257447,1.5018156246404306
FBgn0034289,1,2,6.608997137103463,5.850918125942621,0.7580790111608424
FBgn0034289,2,3,6.802096642844742,5.850918125942621,0.9511785169021207
FBgn0034289,3,4,6.7115737156269635,5.850918125942621,0.8606555896843426
FBgn0034289,4,5,7.0678780152007015,5.850918125942621,1.2169598892580806
FBgn0034289,5,6,7.106442833911551,5.850918125942621,1.25552470796893
FBgn0034289,6,7,7.701462389022709,5.850918125942621,1.8505442630800886
FBgn0034289,8,8,7.242670156874027,5.850918125942621,1.3917520309314062
FBgn0034289,10,9,7.169835237162177,5.850918125942621,1.3189171112195561
FBgn0034289,12,10,7.298909794899824,5.850918125942621,1.4479916689572034
FBgn0034289,14,11,7.802810607266018,5.850918125942621,1.951892481323397
FBgn0034289,16,12,6.752581124172579,5.850918125942621,0.9016629982299582
FBgn0034289,20,13,7.472074404456581,5.850918125942621,1.6211562785139604
FBgn0034289,24,14,7.01158657305724,5.850918125942621,1.1606684471146194
FBgn0034289,30,15,7.04851734214852,5.850918125942621,1.1975992162058988
FBgn0034289,36,16,7.071311338775619,5.850918125942621,1.220393212832998
FBgn0034289,42,17,7.277131523774303,5.850918125942621,1.426213397831682
FBgn0034289,48,18,6.2640370829354355,5.850918125942621,0.41311895699281465
FBgn0034289,72,19,7.291457586516518,5.850918125942621,1.4405394605738975
FBgn0034289,96,20,8.30448059811945,5.850918125942621,2.45356247217683
FBgn0034289,120,21,8.205579896704217,5.850918125942621,2.354661770761596
FBgn0034294,1,2,2.9810969766004884,2.347370536949803,0.6337264396506854
FBgn0034294,2,3,2.688865372385685,2.347370536949803,0.34149483543588177
FBgn0034294,3,4,3.0485810882566664,2.347370536949803,0.7012105513068634
FBgn0034294,4,5,3.147271359255826,2.347370536949803,0.7999008223060229
FBgn0034294,5,6,3.080329883145383,2.347370536949803,0.7329593461955799
FBgn0034294,6,7,3.475098040570232,2.347370536949803,1.127727503620429
FBgn0034294,8,8,3.198910238712079,2.347370536949803,0.8515397017622761
FBgn0034294,10,9,2.84913915181765,2.347370536949803,0.5017686148678471
FBgn0034294,12,10,3.0472769947600167,2.347370536949803,0.6999064578102137
FBgn0034294,14,11,3.360020883261008,2.347370536949803,1.0126503463112049
FBgn0034294,16,12,2.5687112107480368,2.347370536949803,0.22134067379823374
FBgn0034294,20,13,3.0332586316605608,2.347370536949803,0.6858880947107577
FBgn0034294,24,14,2.952689588675355,2.347370536949803,0.605319051725552
FBgn0034294,30,15,3.3457127786782275,2.347370536949803,0.9983422417284245
FBgn0034294,36,16,3.203527193807931,2.347370536949803,0.8561566568581278
FBgn0034294,42,17,3.0375508713290755,2.347370536949803,0.6901803343792725
FBgn0034294,48,18,2.5813530308984896,2.347370536949803,0.23398249394868653
FBgn0034294,72,19,2.9514586837258303,2.347370536949803,0.6040881467760273
FBgn0034294,96,20,4.2452602249432925,2.347370536949803,1.8978896879934894
FBgn0034294,120,21,4.135369709032181,2.347370536949803,1.7879991720823782
FBgn0034295,1,2,9.108095396310116,8.429838118946883,0.6782572773632332
FBgn0034295,2,3,9.402357619144617,8.429838118946883,0.972519500197734
FBgn0034295,3,4,9.534560422703164,8.429838118946883,1.1047223037562812
FBgn0034295,4,5,9.280787834530202,8.429838118946883,0.8509497155833188
FBgn0034295,5,6,9.261460999645735,8.429838118946883,0.8316228806988519
FBgn0034295,6,7,9.615324401774245,8.429838118946883,1.1854862828273625
FBgn0034295,8,8,9.24487733492823,8.429838118946883,0.8150392159813471
FBgn0034295,10,9,9.101665006870952,8.429838118946883,0.6718268879240696
FBgn0034295,12,10,9.173793589716997,8.429838118946883,0.7439554707701141
FBgn0034295,14,11,9.466533624277051,8.429838118946883,1.0366955053301687
FBgn0034295,16,12,8.70620435331207,8.429838118946883,0.27636623436518803
FBgn0034295,20,13,9.536347146291526,8.429838118946883,1.106509027344643
FBgn0034295,24,14,9.378089421036975,8.429838118946883,0.9482513020900925
FBgn0034295,30,15,9.64982898230007,8.429838118946883,1.2199908633531873
FBgn0034295,36,16,9.552537197282133,8.429838118946883,1.1226990783352502
FBgn0034295,42,17,9.513868252040627,8.429838118946883,1.0840301330937443
FBgn0034295,48,18,9.452242484493807,8.429838118946883,1.0224043655469242
FBgn0034295,72,19,9.611074733447914,8.429838118946883,1.1812366145010316
FBgn0034295,96,20,10.675075070289516,8.429838118946883,2.2452369513426333
FBgn0034295,120,21,10.351753333824298,8.429838118946883,1.9219152148774157
FBgn0034296,1,2,7.446718246789613,6.295166714091659,1.1515515326979546
FBgn0034296,2,3,7.706996623887578,6.295166714091659,1.4118299097959195
FBgn0034296,3,4,7.633792496290073,6.295166714091659,1.338625782198414
FBgn0034296,4,5,7.444013875022649,6.295166714091659,1.1488471609309903
FBgn0034296,5,6,7.582777286690337,6.295166714091659,1.2876105725986786
FBgn0034296,6,7,7.805302648593381,6.295166714091659,1.5101359345017222
FBgn0034296,8,8,7.358256151173212,6.295166714091659,1.063089437081553
FBgn0034296,10,9,7.104443741265005,6.295166714091659,0.809277027173346
FBgn0034296,12,10,7.2457306945679365,6.295166714091659,0.9505639804762778
FBgn0034296,14,11,7.219127919262684,6.295166714091659,0.9239612051710253
FBgn0034296,16,12,6.1727171639689935,6.295166714091659,-0.12244955012266523
FBgn0034296,20,13,7.388041852015161,6.295166714091659,1.0928751379235022
FBgn0034296,24,14,7.196158162396921,6.295166714091659,0.9009914483052626
FBgn0034296,30,15,7.9214993625518035,6.295166714091659,1.6263326484601448
FBgn0034296,36,16,7.690581818481027,6.295166714091659,1.395415104389368
FBgn0034296,42,17,7.252646446939061,6.295166714091659,0.9574797328474025
FBgn0034296,48,18,7.234603953986536,6.295166714091659,0.9394372398948772
FBgn0034296,72,19,7.681815833908331,6.295166714091659,1.3866491198166724
FBgn0034296,96,20,9.674837234302505,6.295166714091659,3.379670520210846
FBgn0034296,120,21,9.2333005424561,6.295166714091659,2.9381338283644407
FBgn0034317,1,2,3.4076536425249095,1.0408958886639206,2.366757753860989
FBgn0034317,2,3,4.223657871437684,1.0408958886639206,3.1827619827737634
FBgn0034317,3,4,3.8415329979586184,1.0408958886639206,2.800637109294698
FBgn0034317,4,5,3.0421286641689833,1.0408958886639206,2.0012327755050627
FBgn0034317,5,6,2.899892237995427,1.0408958886639206,1.8589963493315063
FBgn0034317,6,7,3.3973975064524247,1.0408958886639206,2.356501617788504
FBgn0034317,8,8,2.5309021251875032,1.0408958886639206,1.4900062365235827
FBgn0034317,10,9,2.308852613087768,1.0408958886639206,1.2679567244238474
FBgn0034317,12,10,2.8436266002975263,1.0408958886639206,1.8027307116336058
FBgn0034317,14,11,2.878229688850156,1.0408958886639206,1.8373338001862356
FBgn0034317,16,12,1.0832111483939386,1.0408958886639206,0.04231525973001804
FBgn0034317,20,13,2.5434663513784783,1.0408958886639206,1.5025704627145577
FBgn0034317,24,14,2.8187694690252805,1.0408958886639206,1.77787358036136
FBgn0034317,30,15,3.1244484115777365,1.0408958886639206,2.083552522913816
FBgn0034317,36,16,3.3140949549212015,1.0408958886639206,2.273199066257281
FBgn0034317,42,17,3.15456777335626,1.0408958886639206,2.1136718846923395
FBgn0034317,48,18,2.5830276407048802,1.0408958886639206,1.5421317520409596
FBgn0034317,72,19,3.484061164106527,1.0408958886639206,2.4431652754426065
FBgn0034317,96,20,7.706788781533886,1.0408958886639206,6.665892892869966
FBgn0034317,120,21,6.459113019530086,1.0408958886639206,5.418217130866166
FBgn0034318,1,2,4.20528307276708,4.103241381031897,0.10204169173518274
FBgn0034318,2,3,4.133109822355292,4.103241381031897,0.02986844132339428
FBgn0034318,3,4,3.1910432281231067,4.103241381031897,-0.9121981529087906
FBgn0034318,4,5,3.7016056603406557,4.103241381031897,-0.40163572069124154
FBgn0034318,5,6,4.19596047166036,4.103241381031897,0.09271909062846273
FBgn0034318,6,7,3.9227352852456803,4.103241381031897,-0.180506095786217
FBgn0034318,8,8,3.6694334125672317,4.103241381031897,-0.4338079684646656
FBgn0034318,10,9,3.8769910830987238,4.103241381031897,-0.22625029793317353
FBgn0034318,12,10,3.7851164666977777,4.103241381031897,-0.3181249143341196
FBgn0034318,14,11,3.8479269019607925,4.103241381031897,-0.2553144790711048
FBgn0034318,16,12,3.4341650025766874,4.103241381031897,-0.6690763784552098
FBgn0034318,20,13,3.7093039646520953,4.103241381031897,-0.39393741637980195
FBgn0034318,24,14,4.470777732558458,4.103241381031897,0.36753635152656106
FBgn0034318,30,15,3.7455436642720645,4.103241381031897,-0.35769771675983275
FBgn0034318,36,16,4.259104751394801,4.103241381031897,0.15586337036290399
FBgn0034318,42,17,4.08799874574049,4.103241381031897,-0.01524263529140768
FBgn0034318,48,18,3.3598825348411943,4.103241381031897,-0.743358846190703
FBgn0034318,72,19,4.10779439694064,4.103241381031897,0.004553015908742353
FBgn0034318,96,20,7.635631677790927,4.103241381031897,3.53239029675903
FBgn0034318,120,21,7.199379754560837,4.103241381031897,3.09613837352894
FBgn0034328,1,2,5.73397263764586,4.087671692273807,1.6463009453720536
FBgn0034328,2,3,7.497010378802876,4.087671692273807,3.409338686529069
FBgn0034328,3,4,8.404442749732718,4.087671692273807,4.3167710574589115
FBgn0034328,4,5,8.553112515429984,4.087671692273807,4.465440823156177
FBgn0034328,5,6,8.112258470972678,4.087671692273807,4.024586778698872
FBgn0034328,6,7,8.526010452128729,4.087671692273807,4.438338759854922
FBgn0034328,8,8,8.672936718536231,4.087671692273807,4.585265026262425
FBgn0034328,10,9,7.567867521146887,4.087671692273807,3.4801958288730805
FBgn0034328,12,10,6.574368354538619,4.087671692273807,2.486696662264812
FBgn0034328,14,11,6.645924902482399,4.087671692273807,2.5582532102085924
FBgn0034328,16,12,6.912778304135406,4.087671692273807,2.8251066118615995
FBgn0034328,20,13,7.32741185443302,4.087671692273807,3.2397401621592135
FBgn0034328,24,14,5.762079959572702,4.087671692273807,1.6744082672988956
FBgn0034328,30,15,7.671340507933821,4.087671692273807,3.5836688156600145
FBgn0034328,36,16,5.944979127776176,4.087671692273807,1.8573074355023698
FBgn0034328,42,17,7.8134762859157245,4.087671692273807,3.725804593641918
FBgn0034328,48,18,5.114748901411753,4.087671692273807,1.0270772091379463
FBgn0034328,72,19,6.213449652041515,4.087671692273807,2.1257779597677082
FBgn0034328,96,20,4.341591367947886,4.087671692273807,0.25391967567407914
FBgn0034328,120,21,4.72455922500432,4.087671692273807,0.6368875327305137
FBgn0034329,1,2,7.062090562873461,5.669039676628977,1.3930508862444846
FBgn0034329,2,3,8.498720800764946,5.669039676628977,2.82968112413597
FBgn0034329,3,4,9.249899834749641,5.669039676628977,3.5808601581206645
FBgn0034329,4,5,9.454624034212362,5.669039676628977,3.785584357583385
FBgn0034329,5,6,9.335137967165517,5.669039676628977,3.6660982905365405
FBgn0034329,6,7,9.573075417908768,5.669039676628977,3.9040357412797917
FBgn0034329,8,8,9.788364611099368,5.669039676628977,4.1193249344703915
FBgn0034329,10,9,9.016757077769995,5.669039676628977,3.3477174011410185
FBgn0034329,12,10,8.139803362616124,5.669039676628977,2.470763685987148
FBgn0034329,14,11,8.133422315895533,5.669039676628977,2.4643826392665567
FBgn0034329,16,12,8.425784667581384,5.669039676628977,2.7567449909524075
FBgn0034329,20,13,8.757837273294676,5.669039676628977,3.0887975966656995
FBgn0034329,24,14,7.281667156605804,5.669039676628977,1.6126274799768279
FBgn0034329,30,15,9.135043867750019,5.669039676628977,3.4660041911210424
FBgn0034329,36,16,7.474675746710955,5.669039676628977,1.8056360700819782
FBgn0034329,42,17,8.788348491370618,5.669039676628977,3.1193088147416415
FBgn0034329,48,18,6.647815109996224,5.669039676628977,0.9787754333672476
FBgn0034329,72,19,7.429161795189704,5.669039676628977,1.7601221185607274
FBgn0034329,96,20,6.4082998174982375,5.669039676628977,0.739260140869261
FBgn0034329,120,21,6.320843985333807,5.669039676628977,0.6518043087048309
FBgn0034331,1,2,7.856144439215125,7.339984295799624,0.516160143415501
FBgn0034331,2,3,8.626598230372597,7.339984295799624,1.2866139345729728
FBgn0034331,3,4,8.886467556125002,7.339984295799624,1.5464832603253775
FBgn0034331,4,5,9.201509127227107,7.339984295799624,1.8615248314274826
FBgn0034331,5,6,9.276167219438076,7.339984295799624,1.9361829236384516
FBgn0034331,6,7,8.994166669587022,7.339984295799624,1.654182373787398
FBgn0034331,8,8,8.95541996220079,7.339984295799624,1.615435666401165
FBgn0034331,10,9,9.012519710038811,7.339984295799624,1.6725354142391868
FBgn0034331,12,10,8.576334344438735,7.339984295799624,1.2363500486391104
FBgn0034331,14,11,8.787640777468093,7.339984295799624,1.447656481668469
FBgn0034331,16,12,8.997498030716296,7.339984295799624,1.6575137349166713
FBgn0034331,20,13,8.991931912770525,7.339984295799624,1.6519476169709009
FBgn0034331,24,14,8.035240938100644,7.339984295799624,0.69525664230102
FBgn0034331,30,15,9.014603731246263,7.339984295799624,1.6746194354466386
FBgn0034331,36,16,8.378694195150485,7.339984295799624,1.0387098993508612
FBgn0034331,42,17,8.889875356492755,7.339984295799624,1.549891060693131
FBgn0034331,48,18,7.961919808467732,7.339984295799624,0.6219355126681076
FBgn0034331,72,19,8.205272600502825,7.339984295799624,0.865288304703201
FBgn0034331,96,20,8.065441562756252,7.339984295799624,0.7254572669566279
FBgn0034331,120,21,7.841241070951188,7.339984295799624,0.501256775151564
FBgn0034382,1,2,7.600877928846765,7.68191278458281,-0.08103485573604452
FBgn0034382,2,3,7.373927718865966,7.68191278458281,-0.3079850657168439
FBgn0034382,3,4,7.455532337096281,7.68191278458281,-0.22638044748652852
FBgn0034382,4,5,7.014980927977983,7.68191278458281,-0.666931856604827
FBgn0034382,5,6,6.682068678973097,7.68191278458281,-0.9998441056097125
FBgn0034382,6,7,6.622848419706833,7.68191278458281,-1.0590643648759768
FBgn0034382,8,8,6.142038173481513,7.68191278458281,-1.5398746111012969
FBgn0034382,10,9,5.986770715040337,7.68191278458281,-1.6951420695424728
FBgn0034382,12,10,6.16996018957395,7.68191278458281,-1.51195259500886
FBgn0034382,14,11,6.336860562954271,7.68191278458281,-1.3450522216285385
FBgn0034382,16,12,6.63931174646018,7.68191278458281,-1.0426010381226298
FBgn0034382,20,13,7.546196668130601,7.68191278458281,-0.13571611645220916
FBgn0034382,24,14,7.5422792905067,7.68191278458281,-0.1396334940761097
FBgn0034382,30,15,6.0803843900100265,7.68191278458281,-1.6015283945727834
FBgn0034382,36,16,6.155843241465801,7.68191278458281,-1.5260695431170088
FBgn0034382,42,17,7.323537241146129,7.68191278458281,-0.3583755434366811
FBgn0034382,48,18,7.89220869759157,7.68191278458281,0.2102959130087605
FBgn0034382,72,19,7.480674634789418,7.68191278458281,-0.20123814979339194
FBgn0034382,96,20,7.500379241156626,7.68191278458281,-0.181533543426184
FBgn0034382,120,21,7.322410538334114,7.68191278458281,-0.3595022462486961
FBgn0034394,1,2,7.286009511788709,8.163121267974862,-0.877111756186153
FBgn0034394,2,3,6.742892065428427,8.163121267974862,-1.4202292025464356
FBgn0034394,3,4,6.814221324395708,8.163121267974862,-1.3488999435791538
FBgn0034394,4,5,6.980405668729904,8.163121267974862,-1.1827155992449585
FBgn0034394,5,6,6.618920634502073,8.163121267974862,-1.544200633472789
FBgn0034394,6,7,6.714052157006687,8.163121267974862,-1.4490691109681748
FBgn0034394,8,8,7.069516478439983,8.163121267974862,-1.0936047895348793
FBgn0034394,10,9,7.635333753315703,8.163121267974862,-0.5277875146591589
FBgn0034394,12,10,7.726021758969823,8.163121267974862,-0.4370995090050389
FBgn0034394,14,11,7.811093257455752,8.163121267974862,-0.3520280105191098
FBgn0034394,16,12,8.231061092119141,8.163121267974862,0.06793982414427902
FBgn0034394,20,13,8.536417551094608,8.163121267974862,0.37329628311974616
FBgn0034394,24,14,8.424693629843159,8.163121267974862,0.26157236186829635
FBgn0034394,30,15,8.380747415596232,8.163121267974862,0.21762614762137034
FBgn0034394,36,16,8.06358788708751,8.163121267974862,-0.09953338088735286
FBgn0034394,42,17,8.743230503474077,8.163121267974862,0.580109235499215
FBgn0034394,48,18,8.307025666536278,8.163121267974862,0.1439043985614159
FBgn0034394,72,19,8.255364165854623,8.163121267974862,0.09224289787976048
FBgn0034394,96,20,8.298777168691661,8.163121267974862,0.13565590071679878
FBgn0034394,120,21,8.365146932069692,8.163121267974862,0.2020256640948297
FBgn0034407,1,2,8.664403200133137,3.795790388431514,4.868612811701623
FBgn0034407,2,3,9.3772805593934,3.795790388431514,5.581490170961886
FBgn0034407,3,4,9.460051863459299,3.795790388431514,5.664261475027785
FBgn0034407,4,5,9.684815059078096,3.795790388431514,5.889024670646582
FBgn0034407,5,6,9.97407223815695,3.795790388431514,6.178281849725436
FBgn0034407,6,7,9.828779623942676,3.795790388431514,6.032989235511162
FBgn0034407,8,8,9.812076594066443,3.795790388431514,6.0162862056349296
FBgn0034407,10,9,9.300279708438794,3.795790388431514,5.50448932000728
FBgn0034407,12,10,9.61862183047618,3.795790388431514,5.822831442044666
FBgn0034407,14,11,8.967101553611247,3.795790388431514,5.171311165179733
FBgn0034407,16,12,8.563444748439213,3.795790388431514,4.7676543600076995
FBgn0034407,20,13,9.655185831908565,3.795790388431514,5.859395443477051
FBgn0034407,24,14,7.020033996820451,3.795790388431514,3.224243608388937
FBgn0034407,30,15,9.604597823255615,3.795790388431514,5.808807434824101
FBgn0034407,36,16,8.504400058470377,3.795790388431514,4.7086096700388635
FBgn0034407,42,17,8.890073399615073,3.795790388431514,5.094283011183559
FBgn0034407,48,18,8.307914820518011,3.795790388431514,4.512124432086497
FBgn0034407,72,19,8.581158998797989,3.795790388431514,4.785368610366475
FBgn0034407,96,20,8.534325420621137,3.795790388431514,4.738535032189623
FBgn0034407,120,21,7.829761430005311,3.795790388431514,4.033971041573797
FBgn0034429,1,2,2.1497035231739288,2.0961277439998955,0.05357577917403322
FBgn0034429,2,3,1.1951023039968542,2.0961277439998955,-0.9010254400030413
FBgn0034429,3,4,0.8136937983644003,2.0961277439998955,-1.2824339456354954
FBgn0034429,4,5,0.6315256504624455,2.0961277439998955,-1.46460209353745
FBgn0034429,5,6,0.8150825916072665,2.0961277439998955,-1.281045152392629
FBgn0034429,6,7,0.7167635398293926,2.0961277439998955,-1.379364204170503
FBgn0034429,8,8,1.2228228270603607,2.0961277439998955,-0.8733049169395348
FBgn0034429,10,9,2.3141030106745446,2.0961277439998955,0.21797526667464906
FBgn0034429,12,10,1.6230454290575669,2.0961277439998955,-0.47308231494232866
FBgn0034429,14,11,0.9234154113429972,2.0961277439998955,-1.1727123326568982
FBgn0034429,16,12,0.8686704296307073,2.0961277439998955,-1.2274573143691883
FBgn0034429,20,13,1.5148800788572598,2.0961277439998955,-0.5812476651426357
FBgn0034429,24,14,2.1597567751015427,2.0961277439998955,0.0636290311016472
FBgn0034429,30,15,1.6764969063969217,2.0961277439998955,-0.4196308376029738
FBgn0034429,36,16,1.5327025590340557,2.0961277439998955,-0.5634251849658398
FBgn0034429,42,17,1.30490439023409,2.0961277439998955,-0.7912233537658055
FBgn0034429,48,18,1.8260053372589884,2.0961277439998955,-0.27012240674090715
FBgn0034429,72,19,2.105520079437575,2.0961277439998955,0.009392335437679478
FBgn0034429,96,20,1.2623574815918273,2.0961277439998955,-0.8337702624080683
FBgn0034429,120,21,2.175849526822447,2.0961277439998955,0.07972178282255138
FBgn0034480,1,2,5.772456549992167,5.602260247985379,0.17019630200678826
FBgn0034480,2,3,5.880974047415254,5.602260247985379,0.27871379942987495
FBgn0034480,3,4,5.3236264809647835,5.602260247985379,-0.2786337670205956
FBgn0034480,4,5,6.435082425576609,5.602260247985379,0.8328221775912299
FBgn0034480,5,6,5.512271068471969,5.602260247985379,-0.08998917951341046
FBgn0034480,6,7,5.920343292629171,5.602260247985379,0.31808304464379145
FBgn0034480,8,8,4.674148798729074,5.602260247985379,-0.9281114492563054
FBgn0034480,10,9,5.594775330123163,5.602260247985379,-0.007484917862216278
FBgn0034480,12,10,6.230362616356837,5.602260247985379,0.6281023683714579
FBgn0034480,14,11,7.140305585531397,5.602260247985379,1.5380453375460181
FBgn0034480,16,12,6.562678586394444,5.602260247985379,0.960418338409065
FBgn0034480,20,13,5.8144591698801555,5.602260247985379,0.2121989218947764
FBgn0034480,24,14,5.890410313724553,5.602260247985379,0.288150065739174
FBgn0034480,30,15,5.940073897306538,5.602260247985379,0.3378136493211592
FBgn0034480,36,16,6.820046100579493,5.602260247985379,1.2177858525941136
FBgn0034480,42,17,6.452281693629001,5.602260247985379,0.8500214456436215
FBgn0034480,48,18,6.083537379079235,5.602260247985379,0.48127713109385617
FBgn0034480,72,19,5.901194550600826,5.602260247985379,0.2989343026154465
FBgn0034480,96,20,5.964099339258376,5.602260247985379,0.36183909127299696
FBgn0034480,120,21,6.042064097102845,5.602260247985379,0.4398038491174656
FBgn0034511,1,2,7.0638631246254135,6.050161134881208,1.013701989744206
FBgn0034511,2,3,8.090620140032591,6.050161134881208,2.0404590051513836
FBgn0034511,3,4,8.751284272799948,6.050161134881208,2.7011231379187404
FBgn0034511,4,5,8.868054252054709,6.050161134881208,2.817893117173501
FBgn0034511,5,6,8.701192449055423,6.050161134881208,2.6510313141742152
FBgn0034511,6,7,8.55161590948017,6.050161134881208,2.5014547745989617
FBgn0034511,8,8,8.755242620038588,6.050161134881208,2.705081485157381
FBgn0034511,10,9,7.587417942452198,6.050161134881208,1.5372568075709907
FBgn0034511,12,10,7.295594743475539,6.050161134881208,1.2454336085943316
FBgn0034511,14,11,7.102293999178102,6.050161134881208,1.052132864296894
FBgn0034511,16,12,7.527090353574362,6.050161134881208,1.4769292186931544
FBgn0034511,20,13,8.286888038730195,6.050161134881208,2.2367269038489876
FBgn0034511,24,14,6.739302695093311,6.050161134881208,0.6891415602121036
FBgn0034511,30,15,8.33293754916749,6.050161134881208,2.282776414286282
FBgn0034511,36,16,6.857131379818133,6.050161134881208,0.8069702449369256
FBgn0034511,42,17,7.78683966796497,6.050161134881208,1.7366785330837624
FBgn0034511,48,18,6.633037685589461,6.050161134881208,0.582876550708253
FBgn0034511,72,19,7.0413426480505565,6.050161134881208,0.9911815131693489
FBgn0034511,96,20,6.38105119334403,6.050161134881208,0.33089005846282227
FBgn0034511,120,21,6.698567313940297,6.050161134881208,0.6484061790590889
FBgn0034618,1,2,5.438730553778392,5.681645143361909,-0.24291458958351697
FBgn0034618,2,3,5.331331931573491,5.681645143361909,-0.3503132117884178
FBgn0034618,3,4,4.9869729193199595,5.681645143361909,-0.6946722240419492
FBgn0034618,4,5,5.158646598123255,5.681645143361909,-0.5229985452386536
FBgn0034618,5,6,4.48661866015242,5.681645143361909,-1.1950264832094888
FBgn0034618,6,7,5.20034794999269,5.681645143361909,-0.48129719336921895
FBgn0034618,8,8,5.173186068554719,5.681645143361909,-0.50845907480719
FBgn0034618,10,9,5.740412135099115,5.681645143361909,0.05876699173720645
FBgn0034618,12,10,5.987325586701649,5.681645143361909,0.30568044333974065
FBgn0034618,14,11,5.605757571464631,5.681645143361909,-0.0758875718972778
FBgn0034618,16,12,5.9376578907527495,5.681645143361909,0.2560127473908409
FBgn0034618,20,13,5.849760933111089,5.681645143361909,0.16811578974918007
FBgn0034618,24,14,5.850006375717173,5.681645143361909,0.1683612323552648
FBgn0034618,30,15,6.149754623861817,5.681645143361909,0.4681094804999084
FBgn0034618,36,16,6.044119375673225,5.681645143361909,0.3624742323113166
FBgn0034618,42,17,6.22905503349396,5.681645143361909,0.5474098901320517
FBgn0034618,48,18,5.861260329036488,5.681645143361909,0.1796151856745798
FBgn0034618,72,19,6.132545005570764,5.681645143361909,0.45089986220885514
FBgn0034618,96,20,6.268684815071847,5.681645143361909,0.5870396717099382
FBgn0034618,120,21,6.279789467448229,5.681645143361909,0.59814432408632
FBgn0034647,1,2,6.340157023979479,3.4831622146679804,2.856994809311499
FBgn0034647,2,3,5.426115029114364,3.4831622146679804,1.9429528144463832
FBgn0034647,3,4,4.619994792690986,3.4831622146679804,1.1368325780230055
FBgn0034647,4,5,5.09112467056516,3.4831622146679804,1.6079624558971792
FBgn0034647,5,6,5.175472620065655,3.4831622146679804,1.6923104053976745
FBgn0034647,6,7,4.853699372510422,3.4831622146679804,1.370537157842442
FBgn0034647,8,8,5.061722383357628,3.4831622146679804,1.5785601686896475
FBgn0034647,10,9,5.201348986010383,3.4831622146679804,1.7181867713424026
FBgn0034647,12,10,4.738673931325749,3.4831622146679804,1.255511716657769
FBgn0034647,14,11,4.118201552238377,3.4831622146679804,0.6350393375703964
FBgn0034647,16,12,4.17407256616932,3.4831622146679804,0.6909103515013397
FBgn0034647,20,13,4.764367090628591,3.4831622146679804,1.2812048759606105
FBgn0034647,24,14,4.5960499336581675,3.4831622146679804,1.1128877189901871
FBgn0034647,30,15,5.532512177679347,3.4831622146679804,2.049349963011367
FBgn0034647,36,16,5.305226881095855,3.4831622146679804,1.8220646664278748
FBgn0034647,42,17,5.2431516096513615,3.4831622146679804,1.7599893949833811
FBgn0034647,48,18,5.587176780426127,3.4831622146679804,2.1040145657581464
FBgn0034647,72,19,5.1880083275791,3.4831622146679804,1.7048461129111194
FBgn0034647,96,20,5.393986758779755,3.4831622146679804,1.910824544111775
FBgn0034647,120,21,5.356900015913915,3.4831622146679804,1.8737378012459347
FBgn0034663,1,2,7.215348143133754,6.642731816433248,0.5726163267005067
FBgn0034663,2,3,7.456913293994267,6.642731816433248,0.8141814775610197
FBgn0034663,3,4,7.7662235896324825,6.642731816433248,1.1234917731992349
FBgn0034663,4,5,7.799843037318093,6.642731816433248,1.157111220884845
FBgn0034663,5,6,7.917668881155286,6.642731816433248,1.2749370647220388
FBgn0034663,6,7,7.396774547308068,6.642731816433248,0.7540427308748203
FBgn0034663,8,8,7.280902636420526,6.642731816433248,0.6381708199872786
FBgn0034663,10,9,7.620817116688322,6.642731816433248,0.9780853002550742
FBgn0034663,12,10,7.885732983760278,6.642731816433248,1.24300116732703
FBgn0034663,14,11,8.545774890133846,6.642731816433248,1.9030430737005979
FBgn0034663,16,12,8.382337661814624,6.642731816433248,1.7396058453813765
FBgn0034663,20,13,8.828262723827779,6.642731816433248,2.185530907394531
FBgn0034663,24,14,8.812640210820913,6.642731816433248,2.169908394387665
FBgn0034663,30,15,8.625893602270693,6.642731816433248,1.9831617858374457
FBgn0034663,36,16,8.888717500610092,6.642731816433248,2.245985684176844
FBgn0034663,42,17,9.127452088373165,6.642731816433248,2.484720271939917
FBgn0034663,48,18,8.710778787447934,6.642731816433248,2.0680469710146863
FBgn0034663,72,19,9.112525211231098,6.642731816433248,2.4697933947978505
FBgn0034663,96,20,9.531047168631376,6.642731816433248,2.888315352198129
FBgn0034663,120,21,9.57937541954874,6.642731816433248,2.936643603115492
FBgn0034664,1,2,5.641188062497344,5.052386830001134,0.58880123249621
FBgn0034664,2,3,5.892714790084516,5.052386830001134,0.840327960083382
FBgn0034664,3,4,6.079540595729634,5.052386830001134,1.0271537657285004
FBgn0034664,4,5,6.0568615762027695,5.052386830001134,1.0044747462016357
FBgn0034664,5,6,6.051888649523108,5.052386830001134,0.9995018195219743
FBgn0034664,6,7,5.775412251452213,5.052386830001134,0.7230254214510792
FBgn0034664,8,8,5.584383142673754,5.052386830001134,0.5319963126726197
FBgn0034664,10,9,6.011847632733435,5.052386830001134,0.959460802732301
FBgn0034664,12,10,6.121320928866032,5.052386830001134,1.068934098864898
FBgn0034664,14,11,6.6355165512654075,5.052386830001134,1.5831297212642736
FBgn0034664,16,12,6.386511657127638,5.052386830001134,1.3341248271265043
FBgn0034664,20,13,6.783907029042689,5.052386830001134,1.7315201990415554
FBgn0034664,24,14,6.964148830614679,5.052386830001134,1.9117620006135452
FBgn0034664,30,15,6.801057270154697,5.052386830001134,1.748670440153563
FBgn0034664,36,16,7.151140214823351,5.052386830001134,2.098753384822217
FBgn0034664,42,17,7.2891229626972684,5.052386830001134,2.2367361326961346
FBgn0034664,48,18,7.036821010318306,5.052386830001134,1.9844341803171721
FBgn0034664,72,19,7.540052747779498,5.052386830001134,2.487665917778364
FBgn0034664,96,20,7.848913122932112,5.052386830001134,2.796526292930978
FBgn0034664,120,21,7.8775049263918575,5.052386830001134,2.8251180963907236
FBgn0034741,1,2,5.2738440103165045,4.015385038208431,1.2584589721080732
FBgn0034741,2,3,5.717950204993114,4.015385038208431,1.7025651667846828
FBgn0034741,3,4,6.303656680361342,4.015385038208431,2.2882716421529103
FBgn0034741,4,5,5.300605219531395,4.015385038208431,1.2852201813229636
FBgn0034741,5,6,6.120125591105468,4.015385038208431,2.104740552897037
FBgn0034741,6,7,5.359603728498644,4.015385038208431,1.3442186902902131
FBgn0034741,8,8,4.701173129856195,4.015385038208431,0.6857880916477637
FBgn0034741,10,9,5.463720822234881,4.015385038208431,1.4483357840264501
FBgn0034741,12,10,5.471208025897695,4.015385038208431,1.455822987689264
FBgn0034741,14,11,5.7743848292139255,4.015385038208431,1.7589997910054942
FBgn0034741,16,12,5.127481553597912,4.015385038208431,1.1120965153894806
FBgn0034741,20,13,5.046060019748255,4.015385038208431,1.030674981539824
FBgn0034741,24,14,3.881336678896095,4.015385038208431,-0.13404835931233627
FBgn0034741,30,15,4.666821272145826,4.015385038208431,0.6514362339373951
FBgn0034741,36,16,5.1505522761605045,4.015385038208431,1.1351672379520732
FBgn0034741,42,17,4.27655603432072,4.015385038208431,0.26117099611228856
FBgn0034741,48,18,4.338272395383161,4.015385038208431,0.3228873571747295
FBgn0034741,72,19,4.117394380842935,4.015385038208431,0.10200934263450367
FBgn0034741,96,20,5.688818561945483,4.015385038208431,1.6734335237370521
FBgn0034741,120,21,5.210719236738495,4.015385038208431,1.1953341985300634
FBgn0034761,1,2,4.841730486500617,4.597798919955263,0.24393156654535364
FBgn0034761,2,3,4.802159896205007,4.597798919955263,0.2043609762497436
FBgn0034761,3,4,4.722925460450418,4.597798919955263,0.12512654049515515
FBgn0034761,4,5,5.0778073630076435,4.597798919955263,0.48000844305238033
FBgn0034761,5,6,5.213438613488275,4.597798919955263,0.6156396935330122
FBgn0034761,6,7,5.460941773798412,4.597798919955263,0.8631428538431489
FBgn0034761,8,8,5.993854738310737,4.597798919955263,1.3960558183554737
FBgn0034761,10,9,6.107734203701485,4.597798919955263,1.5099352837462217
FBgn0034761,12,10,5.875983300308283,4.597798919955263,1.2781843803530197
FBgn0034761,14,11,5.682268424480011,4.597798919955263,1.0844695045247477
FBgn0034761,16,12,5.916229849920285,4.597798919955263,1.3184309299650216
FBgn0034761,20,13,6.140079153055237,4.597798919955263,1.5422802330999739
FBgn0034761,24,14,5.498844535815957,4.597798919955263,0.9010456158606939
FBgn0034761,30,15,6.435305480466634,4.597798919955263,1.837506560511371
FBgn0034761,36,16,5.369941436609821,4.597798919955263,0.7721425166545579
FBgn0034761,42,17,6.205883888044885,4.597798919955263,1.6080849680896216
FBgn0034761,48,18,5.020346349262443,4.597798919955263,0.4225474293071798
FBgn0034761,72,19,5.3113603969697945,4.597798919955263,0.7135614770145313
FBgn0034761,96,20,5.21048180167489,4.597798919955263,0.6126828817196266
FBgn0034761,120,21,5.265102598236428,4.597798919955263,0.667303678281165
FBgn0034784,1,2,0.496867941592987,0.5563256611482764,-0.059457719555289446
FBgn0034784,2,3,0.6075693402022366,0.5563256611482764,0.05124367905396021
FBgn0034784,3,4,0.38192832479800753,0.5563256611482764,-0.17439733635026888
FBgn0034784,4,5,0.6568153416521914,0.5563256611482764,0.10048968050391494
FBgn0034784,5,6,0.5933740722673658,0.5563256611482764,0.03704841111908941
FBgn0034784,6,7,0.3485390478498701,0.5563256611482764,-0.2077866132984063
FBgn0034784,8,8,0.8520317158572521,0.5563256611482764,0.2957060547089757
FBgn0034784,10,9,0.6205649025770312,0.5563256611482764,0.06423924142875481
FBgn0034784,12,10,1.0402549865045856,0.5563256611482764,0.48392932535630917
FBgn0034784,14,11,1.03380124964124,0.5563256611482764,0.4774755884929637
FBgn0034784,16,12,0.4065786845898012,0.5563256611482764,-0.14974697655847524
FBgn0034784,20,13,0.5513544625082593,0.5563256611482764,-0.00497119864001716
FBgn0034784,24,14,1.240475778786802,0.5563256611482764,0.6841501176385255
FBgn0034784,30,15,1.1875556508438545,0.5563256611482764,0.6312299896955781
FBgn0034784,36,16,1.6848717032315768,0.5563256611482764,1.1285460420833004
FBgn0034784,42,17,0.8073823572317385,0.5563256611482764,0.25105669608346204
FBgn0034784,48,18,0.699399788863357,0.5563256611482764,0.14307412771508055
FBgn0034784,72,19,0.9564371231766067,0.5563256611482764,0.40011146202833026
FBgn0034784,96,20,2.4536237435418142,0.5563256611482764,1.897298082393538
FBgn0034784,120,21,1.7877583169005826,0.5563256611482764,1.231432655752306
FBgn0034885,1,2,8.130331161015494,8.07807095615737,0.05226020485812377
FBgn0034885,2,3,7.8167017728567965,8.07807095615737,-0.261369183300574
FBgn0034885,3,4,7.334327889389472,8.07807095615737,-0.7437430667678981
FBgn0034885,4,5,7.057060055653558,8.07807095615737,-1.0210109005038124
FBgn0034885,5,6,7.185610529718369,8.07807095615737,-0.8924604264390013
FBgn0034885,6,7,6.714975016712233,8.07807095615737,-1.3630959394451372
FBgn0034885,8,8,6.920738281111659,8.07807095615737,-1.1573326750457111
FBgn0034885,10,9,7.284668023219364,8.07807095615737,-0.7934029329380063
FBgn0034885,12,10,7.415901513916451,8.07807095615737,-0.6621694422409199
FBgn0034885,14,11,7.173189721987111,8.07807095615737,-0.9048812341702597
FBgn0034885,16,12,7.385747675977485,8.07807095615737,-0.6923232801798855
FBgn0034885,20,13,7.624210992847457,8.07807095615737,-0.4538599633099132
FBgn0034885,24,14,8.337022167339473,8.07807095615737,0.2589512111821026
FBgn0034885,30,15,7.937370758425614,8.07807095615737,-0.14070019773175613
FBgn0034885,36,16,7.845855679571354,8.07807095615737,-0.23221527658601637
FBgn0034885,42,17,7.926242688583988,8.07807095615737,-0.1518282675733822
FBgn0034885,48,18,8.351664847405207,8.07807095615737,0.2735938912478364
FBgn0034885,72,19,8.427439681892844,8.07807095615737,0.3493687257354736
FBgn0034885,96,20,8.55809969246945,8.07807095615737,0.48002873631207876
FBgn0034885,120,21,8.70668795422764,8.07807095615737,0.6286169980702692
FBgn0034887,1,2,4.549278664252968,4.817694018720635,-0.26841535446766684
FBgn0034887,2,3,4.075551804319243,4.817694018720635,-0.742142214401392
FBgn0034887,3,4,3.5307413009554454,4.817694018720635,-1.2869527177651898
FBgn0034887,4,5,3.6119719118125335,4.817694018720635,-1.2057221069081017
FBgn0034887,5,6,3.7059483677117804,4.817694018720635,-1.1117456510088548
FBgn0034887,6,7,3.6858163563387,4.817694018720635,-1.1318776623819353
FBgn0034887,8,8,4.020897727496341,4.817694018720635,-0.7967962912242941
FBgn0034887,10,9,4.639356623504128,4.817694018720635,-0.1783373952165075
FBgn0034887,12,10,4.869246331422841,4.817694018720635,0.051552312702205505
FBgn0034887,14,11,4.734077611085217,4.817694018720635,-0.083616407635418
FBgn0034887,16,12,5.330606179264803,4.817694018720635,0.5129121605441682
FBgn0034887,20,13,5.438364443843611,4.817694018720635,0.6206704251229755
FBgn0034887,24,14,5.144690164393738,4.817694018720635,0.3269961456731032
FBgn0034887,30,15,5.0434627172600415,4.817694018720635,0.2257686985394063
FBgn0034887,36,16,4.752692421141323,4.817694018720635,-0.0650015975793119
FBgn0034887,42,17,5.406945801635752,4.817694018720635,0.5892517829151167
FBgn0034887,48,18,5.2970398133539405,4.817694018720635,0.4793457946333053
FBgn0034887,72,19,5.153383212855134,4.817694018720635,0.33568919413449905
FBgn0034887,96,20,5.380176379358319,4.817694018720635,0.5624823606376834
FBgn0034887,120,21,5.327959358218999,4.817694018720635,0.5102653394983641
FBgn0035076,1,2,5.7065686126682635,5.657946217491115,0.048622395177148725
FBgn0035076,2,3,5.105873748217224,5.657946217491115,-0.5520724692738908
FBgn0035076,3,4,4.211655963154111,5.657946217491115,-1.4462902543370042
FBgn0035076,4,5,4.9839962331869,5.657946217491115,-0.6739499843042145
FBgn0035076,5,6,4.8303741151964115,5.657946217491115,-0.8275721022947033
FBgn0035076,6,7,4.552333567590085,5.657946217491115,-1.1056126499010297
FBgn0035076,8,8,4.887653871283257,5.657946217491115,-0.7702923462078575
FBgn0035076,10,9,5.2994987472601425,5.657946217491115,-0.35844747023097234
FBgn0035076,12,10,5.341988048421978,5.657946217491115,-0.31595816906913665
FBgn0035076,14,11,5.227770678937725,5.657946217491115,-0.43017553855338964
FBgn0035076,16,12,5.615854394603799,5.657946217491115,-0.04209182288731572
FBgn0035076,20,13,5.965039147436627,5.657946217491115,0.3070929299455125
FBgn0035076,24,14,5.966803333436321,5.657946217491115,0.30885711594520604
FBgn0035076,30,15,5.765391142964063,5.657946217491115,0.10744492547294815
FBgn0035076,36,16,5.7367666594991205,5.657946217491115,0.07882044200800564
FBgn0035076,42,17,6.251704089048668,5.657946217491115,0.5937578715575533
FBgn0035076,48,18,6.17862907004168,5.657946217491115,0.5206828525505651
FBgn0035076,72,19,6.373680815913836,5.657946217491115,0.7157345984227215
FBgn0035076,96,20,6.0131496226077035,5.657946217491115,0.35520340511658866
FBgn0035076,120,21,6.30525810411936,5.657946217491115,0.6473118866282448
FBgn0035176,1,2,5.6239481316412485,4.445603399743412,1.1783447318978366
FBgn0035176,2,3,6.096316722625243,4.445603399743412,1.6507133228818311
FBgn0035176,3,4,6.793348226612555,4.445603399743412,2.3477448268691434
FBgn0035176,4,5,6.1373354990736715,4.445603399743412,1.6917320993302596
FBgn0035176,5,6,5.965155423337434,4.445603399743412,1.5195520235940219
FBgn0035176,6,7,5.879169472393359,4.445603399743412,1.4335660726499473
FBgn0035176,8,8,5.868272260125794,4.445603399743412,1.422668860382382
FBgn0035176,10,9,5.160191418638182,4.445603399743412,0.7145880188947702
FBgn0035176,12,10,4.108455186031264,4.445603399743412,-0.33714821371214754
FBgn0035176,14,11,4.911583870906783,4.445603399743412,0.4659804711633715
FBgn0035176,16,12,4.522394166980407,4.445603399743412,0.07679076723699474
FBgn0035176,20,13,5.652216209089847,4.445603399743412,1.206612809346435
FBgn0035176,24,14,4.981267282522806,4.445603399743412,0.535663882779394
FBgn0035176,30,15,5.657019046342212,4.445603399743412,1.2114156465988
FBgn0035176,36,16,6.029294072192824,4.445603399743412,1.5836906724494124
FBgn0035176,42,17,5.9054448307009135,4.445603399743412,1.4598414309575016
FBgn0035176,48,18,5.355837695438758,4.445603399743412,0.9102342956953464
FBgn0035176,72,19,6.210072068733383,4.445603399743412,1.764468668989971
FBgn0035176,96,20,6.672803238895662,4.445603399743412,2.2271998391522505
FBgn0035176,120,21,6.7597159741501,4.445603399743412,2.314112574406688
FBgn0035189,1,2,6.900625511304498,6.77986002609033,0.12076548521416797
FBgn0035189,2,3,6.724350330937046,6.77986002609033,-0.05550969515328408
FBgn0035189,3,4,6.998195368255277,6.77986002609033,0.21833534216494677
FBgn0035189,4,5,6.790026138429375,6.77986002609033,0.01016611233904463
FBgn0035189,5,6,6.79338148461152,6.77986002609033,0.0135214585211898
FBgn0035189,6,7,5.843420656012137,6.77986002609033,-0.936439370078193
FBgn0035189,8,8,6.1002532936901535,6.77986002609033,-0.6796067324001767
FBgn0035189,10,9,6.584828403618982,6.77986002609033,-0.19503162247134842
FBgn0035189,12,10,7.000486654979451,6.77986002609033,0.22062662888912055
FBgn0035189,14,11,6.900587424969098,6.77986002609033,0.12072739887876782
FBgn0035189,16,12,6.6379531643720995,6.77986002609033,-0.14190686171823064
FBgn0035189,20,13,6.639079366122567,6.77986002609033,-0.14078065996776346
FBgn0035189,24,14,7.528137334309637,6.77986002609033,0.7482773082193068
FBgn0035189,30,15,7.551619249234242,6.77986002609033,0.7717592231439117
FBgn0035189,36,16,7.847328863954454,6.77986002609033,1.0674688378641237
FBgn0035189,42,17,7.341708273071264,6.77986002609033,0.5618482469809338
FBgn0035189,48,18,7.607849841021882,6.77986002609033,0.8279898149315521
FBgn0035189,72,19,8.174677086366604,6.77986002609033,1.3948170602762735
FBgn0035189,96,20,7.968724517594017,6.77986002609033,1.1888644915036872
FBgn0035189,120,21,8.399189712969973,6.77986002609033,1.6193296868796425
FBgn0035300,1,2,4.2861482072818315,3.833820653801755,0.45232755348007636
FBgn0035300,2,3,4.720018679291147,3.833820653801755,0.8861980254893922
FBgn0035300,3,4,4.470228046832161,3.833820653801755,0.6364073930304057
FBgn0035300,4,5,4.152839090980575,3.833820653801755,0.31901843717882006
FBgn0035300,5,6,4.267054265057569,3.833820653801755,0.4332336112558135
FBgn0035300,6,7,4.22357592567981,3.833820653801755,0.38975527187805525
FBgn0035300,8,8,4.099648442704867,3.833820653801755,0.26582778890311154
FBgn0035300,10,9,4.022377791874806,3.833820653801755,0.18855713807305108
FBgn0035300,12,10,3.912070557582253,3.833820653801755,0.07824990378049801
FBgn0035300,14,11,4.397487999036338,3.833820653801755,0.5636673452345828
FBgn0035300,16,12,3.9357702490417403,3.833820653801755,0.10194959523998515
FBgn0035300,20,13,4.5522636124854134,3.833820653801755,0.7184429586836583
FBgn0035300,24,14,4.474905162769727,3.833820653801755,0.641084508967972
FBgn0035300,30,15,4.73114692240574,3.833820653801755,0.8973262686039849
FBgn0035300,36,16,4.66779838782892,3.833820653801755,0.8339777340271652
FBgn0035300,42,17,4.940890662979289,3.833820653801755,1.1070700091775336
FBgn0035300,48,18,5.2226304295194765,3.833820653801755,1.3888097757177214
FBgn0035300,72,19,5.521899299055632,3.833820653801755,1.688078645253877
FBgn0035300,96,20,5.72347144281654,3.833820653801755,1.8896507890147847
FBgn0035300,120,21,5.813265063734042,3.833820653801755,1.9794444099322872
FBgn0035355,1,2,4.098426251232957,3.8832507225291764,0.21517552870378065
FBgn0035355,2,3,4.035954761303582,3.8832507225291764,0.15270403877440586
FBgn0035355,3,4,3.9539581886674724,3.8832507225291764,0.07070746613829604
FBgn0035355,4,5,3.83732354910239,3.8832507225291764,-0.04592717342678654
FBgn0035355,5,6,4.368257996763669,3.8832507225291764,0.4850072742344924
FBgn0035355,6,7,3.8131256730368666,3.8832507225291764,-0.0701250494923098
FBgn0035355,8,8,3.7271863347642973,3.8832507225291764,-0.15606438776487908
FBgn0035355,10,9,3.882886228890092,3.8832507225291764,-0.0003644936390845288
FBgn0035355,12,10,3.6654793147909457,3.8832507225291764,-0.21777140773823067
FBgn0035355,14,11,3.8323660758696527,3.8832507225291764,-0.050884646659523636
FBgn0035355,16,12,4.316538998636262,3.8832507225291764,0.43328827610708576
FBgn0035355,20,13,4.8461305759877895,3.8832507225291764,0.9628798534586132
FBgn0035355,24,14,5.032343829089575,3.8832507225291764,1.1490931065603984
FBgn0035355,30,15,4.694747858986712,3.8832507225291764,0.8114971364575361
FBgn0035355,36,16,4.722702734812117,3.8832507225291764,0.8394520122829405
FBgn0035355,42,17,5.501714440003498,3.8832507225291764,1.618463717474322
FBgn0035355,48,18,5.376871799732335,3.8832507225291764,1.4936210772031586
FBgn0035355,72,19,5.9030598461896275,3.8832507225291764,2.019809123660451
FBgn0035355,96,20,5.917470446118351,3.8832507225291764,2.0342197235891746
FBgn0035355,120,21,6.339807585663335,3.8832507225291764,2.4565568631341588
FBgn0035356,1,2,5.059688322633368,5.150518280723966,-0.09082995809059735
FBgn0035356,2,3,4.8770413009947715,5.150518280723966,-0.27347697972919427
FBgn0035356,3,4,4.763736336528142,5.150518280723966,-0.3867819441958238
FBgn0035356,4,5,4.847407386170598,5.150518280723966,-0.3031108945533676
FBgn0035356,5,6,5.183430633247035,5.150518280723966,0.03291235252306901
FBgn0035356,6,7,4.77094445258702,5.150518280723966,-0.3795738281369454
FBgn0035356,8,8,4.763378510334304,5.150518280723966,-0.38713977038966174
FBgn0035356,10,9,4.995478032197988,5.150518280723966,-0.15504024852597809
FBgn0035356,12,10,4.980352892964907,5.150518280723966,-0.17016538775905854
FBgn0035356,14,11,5.499231239172127,5.150518280723966,0.34871295844816164
FBgn0035356,16,12,5.831065561675065,5.150518280723966,0.6805472809510995
FBgn0035356,20,13,6.384203744671188,5.150518280723966,1.2336854639472223
FBgn0035356,24,14,6.342571763896737,5.150518280723966,1.1920534831727716
FBgn0035356,30,15,5.93125396903111,5.150518280723966,0.7807356883071446
FBgn0035356,36,16,6.114969840007171,5.150518280723966,0.964451559283205
FBgn0035356,42,17,6.859296606335601,5.150518280723966,1.7087783256116351
FBgn0035356,48,18,6.231038047328356,5.150518280723966,1.0805197666043904
FBgn0035356,72,19,6.6635867051346045,5.150518280723966,1.5130684244106387
FBgn0035356,96,20,6.7634799998277675,5.150518280723966,1.6129617191038017
FBgn0035356,120,21,6.9870548893607785,5.150518280723966,1.8365366086368127
FBgn0035360,1,2,4.848584089672562,4.3420541259082786,0.506529963764283
FBgn0035360,2,3,5.265876642585785,4.3420541259082786,0.9238225166775065
FBgn0035360,3,4,4.884610626506924,4.3420541259082786,0.5425565005986455
FBgn0035360,4,5,4.882610879253162,4.3420541259082786,0.5405567533448838
FBgn0035360,5,6,4.573115208864125,4.3420541259082786,0.23106108295584615
FBgn0035360,6,7,4.992890067236917,4.3420541259082786,0.6508359413286389
FBgn0035360,8,8,4.201801311560834,4.3420541259082786,-0.14025281434744485
FBgn0035360,10,9,4.326621343868896,4.3420541259082786,-0.015432782039382253
FBgn0035360,12,10,4.346510048450571,4.3420541259082786,0.004455922542292434
FBgn0035360,14,11,4.4681539086032105,4.3420541259082786,0.12609978269493194
FBgn0035360,16,12,4.4198974958549515,4.3420541259082786,0.07784336994667296
FBgn0035360,20,13,5.590068492473227,4.3420541259082786,1.2480143665649486
FBgn0035360,24,14,5.081279002324269,4.3420541259082786,0.7392248764159906
FBgn0035360,30,15,4.957829422092863,4.3420541259082786,0.6157752961845846
FBgn0035360,36,16,4.769665392221214,4.3420541259082786,0.4276112663129359
FBgn0035360,42,17,5.524783299727157,4.3420541259082786,1.1827291738188785
FBgn0035360,48,18,5.28330086963399,4.3420541259082786,0.9412467437257117
FBgn0035360,72,19,5.457351701835394,4.3420541259082786,1.1152975759271158
FBgn0035360,96,20,6.3543683677892675,4.3420541259082786,2.012314241880989
FBgn0035360,120,21,6.055804594512297,4.3420541259082786,1.7137504686040188
FBgn0035412,1,2,1.2914298193328957,0.42612411375424136,0.8653057055786544
FBgn0035412,2,3,1.6642399295811736,0.42612411375424136,1.2381158158269323
FBgn0035412,3,4,2.2442831844018403,0.42612411375424136,1.818159070647599
FBgn0035412,4,5,1.4961723445411126,0.42612411375424136,1.0700482307868713
FBgn0035412,5,6,1.4549482165605547,0.42612411375424136,1.0288241028063134
FBgn0035412,6,7,1.7376148018889395,0.42612411375424136,1.3114906881346982
FBgn0035412,8,8,0.9814010065255674,0.42612411375424136,0.5552768927713261
FBgn0035412,10,9,1.0057426090532362,0.42612411375424136,0.5796184952989949
FBgn0035412,12,10,0.7460503394655558,0.42612411375424136,0.3199262257113144
FBgn0035412,14,11,0.8967581523237043,0.42612411375424136,0.4706340385694629
FBgn0035412,16,12,0.8963712807405089,0.42612411375424136,0.4702471669862675
FBgn0035412,20,13,0.31951423884450236,0.42612411375424136,-0.106609874909739
FBgn0035412,24,14,0.3289631074149626,0.42612411375424136,-0.09716100633927877
FBgn0035412,30,15,1.545514830072017,0.42612411375424136,1.1193907163177756
FBgn0035412,36,16,1.686961580507405,0.42612411375424136,1.2608374667531637
FBgn0035412,42,17,0.5220092347476305,0.42612411375424136,0.09588512099338914
FBgn0035412,48,18,0.7509099970316722,0.42612411375424136,0.3247858832774308
FBgn0035412,72,19,1.8125334881178499,0.42612411375424136,1.3864093743636086
FBgn0035412,96,20,2.066994261925564,0.42612411375424136,1.6408701481713228
FBgn0035412,120,21,2.456125430742116,0.42612411375424136,2.0300013169878746
FBgn0035445,1,2,1.7582938140126396,1.8493894004550078,-0.09109558644236815
FBgn0035445,2,3,2.0944505407273755,1.8493894004550078,0.2450611402723677
FBgn0035445,3,4,1.8983018889143977,1.8493894004550078,0.04891248845938989
FBgn0035445,4,5,2.416686241461981,1.8493894004550078,0.5672968410069732
FBgn0035445,5,6,3.4650782543981835,1.8493894004550078,1.6156888539431757
FBgn0035445,6,7,3.6561195927978685,1.8493894004550078,1.8067301923428607
FBgn0035445,8,8,3.721170077797575,1.8493894004550078,1.8717806773425671
FBgn0035445,10,9,3.394269768225122,1.8493894004550078,1.5448803677701144
FBgn0035445,12,10,3.327897931240971,1.8493894004550078,1.4785085307859633
FBgn0035445,14,11,2.8267979930363634,1.8493894004550078,0.9774085925813556
FBgn0035445,16,12,2.604457807589804,1.8493894004550078,0.7550684071347962
FBgn0035445,20,13,2.5984703627927157,1.8493894004550078,0.7490809623377079
FBgn0035445,24,14,2.0106360827219145,1.8493894004550078,0.16124668226690675
FBgn0035445,30,15,2.9291383113084564,1.8493894004550078,1.0797489108534486
FBgn0035445,36,16,2.420904067174999,1.8493894004550078,0.5715146667199913
FBgn0035445,42,17,2.004213455138295,1.8493894004550078,0.1548240546832873
FBgn0035445,48,18,2.3274284870575945,1.8493894004550078,0.47803908660258676
FBgn0035445,72,19,2.2294353228734947,1.8493894004550078,0.3800459224184869
FBgn0035445,96,20,2.3649490961344997,1.8493894004550078,0.5155596956794919
FBgn0035445,120,21,2.1088366740078257,1.8493894004550078,0.25944727355281794
FBgn0035476,1,2,3.3753936061271643,3.155809295517605,0.21958431060955919
FBgn0035476,2,3,3.2984853395513305,3.155809295517605,0.14267604403372536
FBgn0035476,3,4,3.56808720577571,3.155809295517605,0.4122779102581049
FBgn0035476,4,5,4.536035341787139,3.155809295517605,1.380226046269534
FBgn0035476,5,6,4.16347833985083,3.155809295517605,1.0076690443332246
FBgn0035476,6,7,3.758777524139441,3.155809295517605,0.6029682286218359
FBgn0035476,8,8,3.1994556080504424,3.155809295517605,0.04364631253283724
FBgn0035476,10,9,3.3335984846404902,3.155809295517605,0.1777891891228851
FBgn0035476,12,10,3.2049643642175774,3.155809295517605,0.049155068699972215
FBgn0035476,14,11,3.755185722689462,3.155809295517605,0.5993764271718569
FBgn0035476,16,12,3.331669067662819,3.155809295517605,0.17585977214521398
FBgn0035476,20,13,4.093395788013508,3.155809295517605,0.9375864924959028
FBgn0035476,24,14,4.721445763420224,3.155809295517605,1.565636467902619
FBgn0035476,30,15,4.761828022978973,3.155809295517605,1.6060187274613678
FBgn0035476,36,16,4.647299989315383,3.155809295517605,1.4914906937977777
FBgn0035476,42,17,4.657713110487206,3.155809295517605,1.5019038149696011
FBgn0035476,48,18,4.7448999424502265,3.155809295517605,1.5890906469326214
FBgn0035476,72,19,5.367526745529217,3.155809295517605,2.2117174500116117
FBgn0035476,96,20,5.538247184358742,3.155809295517605,2.3824378888411366
FBgn0035476,120,21,5.6502096900815815,3.155809295517605,2.4944003945639763
FBgn0035619,1,2,1.9130694112644338,2.4451579383794977,-0.5320885271150639
FBgn0035619,2,3,2.401178924797093,2.4451579383794977,-0.04397901358240475
FBgn0035619,3,4,3.083389161761016,2.4451579383794977,0.6382312233815184
FBgn0035619,4,5,3.70260094088059,2.4451579383794977,1.2574430025010925
FBgn0035619,5,6,4.376152010502366,2.4451579383794977,1.9309940721228687
FBgn0035619,6,7,4.112859631889013,2.4451579383794977,1.6677016935095157
FBgn0035619,8,8,4.890179816703293,2.4451579383794977,2.4450218783237956
FBgn0035619,10,9,5.000680557303948,2.4451579383794977,2.55552261892445
FBgn0035619,12,10,4.644654810483443,2.4451579383794977,2.1994968721039454
FBgn0035619,14,11,4.720965674541325,2.4451579383794977,2.275807736161827
FBgn0035619,16,12,4.108685250741622,2.4451579383794977,1.663527312362124
FBgn0035619,20,13,4.760321811361414,2.4451579383794977,2.315163872981916
FBgn0035619,24,14,5.451621574203655,2.4451579383794977,3.006463635824157
FBgn0035619,30,15,5.114283330523208,2.4451579383794977,2.6691253921437106
FBgn0035619,36,16,4.75576003347712,2.4451579383794977,2.3106020950976225
FBgn0035619,42,17,4.310073101538237,2.4451579383794977,1.8649151631587397
FBgn0035619,48,18,4.434338084202218,2.4451579383794977,1.9891801458227203
FBgn0035619,72,19,4.403751929312016,2.4451579383794977,1.9585939909325187
FBgn0035619,96,20,4.698612494275087,2.4451579383794977,2.2534545558955896
FBgn0035619,120,21,4.7254180832750805,2.4451579383794977,2.280260144895583
FBgn0035620,1,2,0.7650209257136104,1.9037213338391825,-1.138700408125572
FBgn0035620,2,3,1.9585552117573215,1.9037213338391825,0.054833877918138985
FBgn0035620,3,4,2.767459777670085,1.9037213338391825,0.8637384438309024
FBgn0035620,4,5,3.57815868259212,1.9037213338391825,1.6744373487529374
FBgn0035620,5,6,3.7716185053133877,1.9037213338391825,1.8678971714742052
FBgn0035620,6,7,3.812506408505612,1.9037213338391825,1.9087850746664294
FBgn0035620,8,8,4.52527241645768,1.9037213338391825,2.6215510826184976
FBgn0035620,10,9,4.6403417778983425,1.9037213338391825,2.73662044405916
FBgn0035620,12,10,4.304137973607296,1.9037213338391825,2.4004166397681135
FBgn0035620,14,11,4.528566638919207,1.9037213338391825,2.6248453050800244
FBgn0035620,16,12,3.7822340744647547,1.9037213338391825,1.8785127406255722
FBgn0035620,20,13,4.443885862048047,1.9037213338391825,2.5401645282088645
FBgn0035620,24,14,5.189112216874425,1.9037213338391825,3.2853908830352423
FBgn0035620,30,15,4.855277994178735,1.9037213338391825,2.9515566603395524
FBgn0035620,36,16,4.607096357445258,1.9037213338391825,2.703375023606075
FBgn0035620,42,17,4.019961351364026,1.9037213338391825,2.1162400175248437
FBgn0035620,48,18,4.009602341257743,1.9037213338391825,2.1058810074185605
FBgn0035620,72,19,4.120530090829444,1.9037213338391825,2.2168087569902615
FBgn0035620,96,20,4.6196792709906775,1.9037213338391825,2.715957937151495
FBgn0035620,120,21,4.65378834172219,1.9037213338391825,2.750067007883007
FBgn0035666,1,2,5.693992444897519,6.370651669262086,-0.6766592243645668
FBgn0035666,2,3,6.337609996519349,6.370651669262086,-0.03304167274273695
FBgn0035666,3,4,6.601809962290962,6.370651669262086,0.23115829302887558
FBgn0035666,4,5,6.627731994307348,6.370651669262086,0.257080325045262
FBgn0035666,5,6,6.873732881434989,6.370651669262086,0.5030812121729031
FBgn0035666,6,7,6.317532718377856,6.370651669262086,-0.053118950884230465
FBgn0035666,8,8,6.228082512651328,6.370651669262086,-0.14256915661075809
FBgn0035666,10,9,6.405068836778598,6.370651669262086,0.03441716751651214
FBgn0035666,12,10,6.005733930687817,6.370651669262086,-0.36491773857426946
FBgn0035666,14,11,5.319047308868932,6.370651669262086,-1.0516043603931546
FBgn0035666,16,12,5.3336908763397,6.370651669262086,-1.036960792922386
FBgn0035666,20,13,5.2908665517233,6.370651669262086,-1.079785117538786
FBgn0035666,24,14,6.038576364097092,6.370651669262086,-0.3320753051649943
FBgn0035666,30,15,6.282993915911256,6.370651669262086,-0.08765775335082981
FBgn0035666,36,16,5.569340026787528,6.370651669262086,-0.8013116424745581
FBgn0035666,42,17,4.959430054832692,6.370651669262086,-1.4112216144293939
FBgn0035666,48,18,5.69239090529495,6.370651669262086,-0.6782607639671365
FBgn0035666,72,19,5.450999447802722,6.370651669262086,-0.9196522214593639
FBgn0035666,96,20,4.496399889643904,6.370651669262086,-1.8742517796181826
FBgn0035666,120,21,5.7485347239604945,6.370651669262086,-0.6221169453015918
FBgn0035667,1,2,5.243909147527581,5.215779691096146,0.02812945643143472
FBgn0035667,2,3,5.378700711280773,5.215779691096146,0.16292102018462717
FBgn0035667,3,4,5.210088514688162,5.215779691096146,-0.005691176407983889
FBgn0035667,4,5,5.850222462861183,5.215779691096146,0.6344427717650367
FBgn0035667,5,6,5.714551584436363,5.215779691096146,0.49877189334021654
FBgn0035667,6,7,5.393251056766019,5.215779691096146,0.17747136566987276
FBgn0035667,8,8,5.070772941104434,5.215779691096146,-0.14500674999171181
FBgn0035667,10,9,5.251762238577847,5.215779691096146,0.0359825474817006
FBgn0035667,12,10,5.231545640657995,5.215779691096146,0.015765949561848736
FBgn0035667,14,11,4.5393642944389905,5.215779691096146,-0.6764153966571556
FBgn0035667,16,12,4.194906274207419,5.215779691096146,-1.020873416888727
FBgn0035667,20,13,4.049413875497386,5.215779691096146,-1.16636581559876
FBgn0035667,24,14,4.890336059184998,5.215779691096146,-0.3254436319111482
FBgn0035667,30,15,4.414317334425595,5.215779691096146,-0.8014623566705508
FBgn0035667,36,16,5.421312678989033,5.215779691096146,0.20553298789288732
FBgn0035667,42,17,4.890002678046736,5.215779691096146,-0.32577701304941
FBgn0035667,48,18,5.020028405142827,5.215779691096146,-0.19575128595331925
FBgn0035667,72,19,5.452804844009989,5.215779691096146,0.2370251529138434
FBgn0035667,96,20,4.673089801019438,5.215779691096146,-0.5426898900767076
FBgn0035667,120,21,6.371382099530594,5.215779691096146,1.155602408434448
FBgn0035673,1,2,5.757899787364895,5.939281901999891,-0.18138211463499587
FBgn0035673,2,3,5.724322255973906,5.939281901999891,-0.21495964602598505
FBgn0035673,3,4,5.819261494472546,5.939281901999891,-0.12002040752734544
FBgn0035673,4,5,5.410918308243548,5.939281901999891,-0.5283635937563433
FBgn0035673,5,6,5.495121167990559,5.939281901999891,-0.44416073400933165
FBgn0035673,6,7,5.142201463729215,5.939281901999891,-0.797080438270676
FBgn0035673,8,8,5.085593697277867,5.939281901999891,-0.8536882047220242
FBgn0035673,10,9,4.968061973620351,5.939281901999891,-0.97121992837954
FBgn0035673,12,10,4.712956344988749,5.939281901999891,-1.2263255570111422
FBgn0035673,14,11,4.71586986503773,5.939281901999891,-1.223412036962161
FBgn0035673,16,12,5.086626437704808,5.939281901999891,-0.8526554642950828
FBgn0035673,20,13,5.7732443928478485,5.939281901999891,-0.16603750915204252
FBgn0035673,24,14,6.061511218905071,5.939281901999891,0.12222931690518024
FBgn0035673,30,15,5.7090445790361315,5.939281901999891,-0.23023732296375954
FBgn0035673,36,16,5.243069360239678,5.939281901999891,-0.6962125417602127
FBgn0035673,42,17,5.791082920465432,5.939281901999891,-0.14819898153445887
FBgn0035673,48,18,6.22332983665286,5.939281901999891,0.2840479346529694
FBgn0035673,72,19,6.3650764035588345,5.939281901999891,0.4257945015589435
FBgn0035673,96,20,6.531236289519548,5.939281901999891,0.5919543875196567
FBgn0035673,120,21,6.669470048654503,5.939281901999891,0.7301881466546121
FBgn0035679,1,2,5.841779339598718,5.883089214665814,-0.04130987506709616
FBgn0035679,2,3,5.791222970324036,5.883089214665814,-0.09186624434177837
FBgn0035679,3,4,5.735568628269513,5.883089214665814,-0.1475205863963014
FBgn0035679,4,5,5.622875543263255,5.883089214665814,-0.2602136714025587
FBgn0035679,5,6,5.590546551170988,5.883089214665814,-0.29254266349482627
FBgn0035679,6,7,5.290356747644577,5.883089214665814,-0.5927324670212366
FBgn0035679,8,8,5.244306850142053,5.883089214665814,-0.6387823645237614
FBgn0035679,10,9,5.6459208049869805,5.883089214665814,-0.23716840967883357
FBgn0035679,12,10,5.752635830617368,5.883089214665814,-0.13045338404844564
FBgn0035679,14,11,5.731094828125636,5.883089214665814,-0.15199438654017783
FBgn0035679,16,12,5.860603580305601,5.883089214665814,-0.02248563436021289
FBgn0035679,20,13,6.192789566674723,5.883089214665814,0.30970035200890855
FBgn0035679,24,14,6.337533394784325,5.883089214665814,0.45444418011851084
FBgn0035679,30,15,6.1767224050914855,5.883089214665814,0.2936331904256715
FBgn0035679,36,16,6.1621920233808485,5.883089214665814,0.27910280871503446
FBgn0035679,42,17,6.60959234151715,5.883089214665814,0.7265031268513358
FBgn0035679,48,18,6.498533557957807,5.883089214665814,0.6154443432919932
FBgn0035679,72,19,7.023391761620615,5.883089214665814,1.1403025469548007
FBgn0035679,96,20,6.875319929785613,5.883089214665814,0.9922307151197991
FBgn0035679,120,21,7.150802869204914,5.883089214665814,1.2677136545391
FBgn0035734,1,2,5.4577324676633765,5.650021774465417,-0.19228930680204037
FBgn0035734,2,3,4.866166032446269,5.650021774465417,-0.7838557420191474
FBgn0035734,3,4,4.299397204812553,5.650021774465417,-1.3506245696528643
FBgn0035734,4,5,4.253073184913353,5.650021774465417,-1.3969485895520641
FBgn0035734,5,6,4.550016396670991,5.650021774465417,-1.1000053777944263
FBgn0035734,6,7,4.1572278397272475,5.650021774465417,-1.4927939347381693
FBgn0035734,8,8,4.457477389090588,5.650021774465417,-1.1925443853748288
FBgn0035734,10,9,5.108879891154565,5.650021774465417,-0.5411418833108517
FBgn0035734,12,10,5.268869571912659,5.650021774465417,-0.38115220255275784
FBgn0035734,14,11,5.108460176823884,5.650021774465417,-0.5415615976415324
FBgn0035734,16,12,5.5263610677737525,5.650021774465417,-0.1236607066916644
FBgn0035734,20,13,5.782185351662573,5.650021774465417,0.1321635771971561
FBgn0035734,24,14,5.702938612410684,5.650021774465417,0.05291683794526669
FBgn0035734,30,15,5.571602397329937,5.650021774465417,-0.07841937713547953
FBgn0035734,36,16,5.260622588425551,5.650021774465417,-0.38939918603986623
FBgn0035734,42,17,5.9548640400600865,5.650021774465417,0.30484226559466965
FBgn0035734,48,18,5.912817359905658,5.650021774465417,0.26279558544024084
FBgn0035734,72,19,5.997547238546633,5.650021774465417,0.3475254640812162
FBgn0035734,96,20,5.847063441671642,5.650021774465417,0.19704166720622496
FBgn0035734,120,21,5.966937771502284,5.650021774465417,0.3169159970368671
FBgn0035743,1,2,2.3081503558935568,0.9077531974666507,1.4003971584269062
FBgn0035743,2,3,3.5100671426748455,0.9077531974666507,2.602313945208195
FBgn0035743,3,4,3.7196007520488417,0.9077531974666507,2.811847554582191
FBgn0035743,4,5,3.3110469145457557,0.9077531974666507,2.403293717079105
FBgn0035743,5,6,3.0613698423251856,0.9077531974666507,2.153616644858535
FBgn0035743,6,7,4.7520011035182925,0.9077531974666507,3.844247906051642
FBgn0035743,8,8,1.8766353515455028,0.9077531974666507,0.968882154078852
FBgn0035743,10,9,1.4700673167133862,0.9077531974666507,0.5623141192467355
FBgn0035743,12,10,3.058518849236378,0.9077531974666507,2.1507656517697273
FBgn0035743,14,11,3.6245618474084855,0.9077531974666507,2.716808649941835
FBgn0035743,16,12,1.0280978842914754,0.9077531974666507,0.12034468682482469
FBgn0035743,20,13,3.2205621110441696,0.9077531974666507,2.312808913577519
FBgn0035743,24,14,2.0326589188223694,0.9077531974666507,1.1249057213557188
FBgn0035743,30,15,3.774660767638166,0.9077531974666507,2.866907570171515
FBgn0035743,36,16,2.6885570206965834,0.9077531974666507,1.7808038232299328
FBgn0035743,42,17,1.6981617945567051,0.9077531974666507,0.7904085970900544
FBgn0035743,48,18,1.4585201668334853,0.9077531974666507,0.5507669693668346
FBgn0035743,72,19,1.7543661655447327,0.9077531974666507,0.846612968078082
FBgn0035743,96,20,4.8567690048594585,0.9077531974666507,3.949015807392808
FBgn0035743,120,21,4.107139970291127,0.9077531974666507,3.199386772824476
FBgn0035806,1,2,5.2481369912118865,3.653956299439593,1.5941806917722934
FBgn0035806,2,3,5.505105701713289,3.653956299439593,1.8511494022736956
FBgn0035806,3,4,5.399827595790645,3.653956299439593,1.7458712963510523
FBgn0035806,4,5,5.537081838000542,3.653956299439593,1.8831255385609493
FBgn0035806,5,6,5.857225759025671,3.653956299439593,2.2032694595860782
FBgn0035806,6,7,5.788479165568859,3.653956299439593,2.1345228661292657
FBgn0035806,8,8,6.244646934945998,3.653956299439593,2.590690635506405
FBgn0035806,10,9,6.5060288543615705,3.653956299439593,2.8520725549219774
FBgn0035806,12,10,6.459387736899375,3.653956299439593,2.8054314374597817
FBgn0035806,14,11,5.845222703609231,3.653956299439593,2.191266404169638
FBgn0035806,16,12,5.758852032999005,3.653956299439593,2.1048957335594123
FBgn0035806,20,13,6.162212135100852,3.653956299439593,2.5082558356612585
FBgn0035806,24,14,5.031847900623067,3.653956299439593,1.3778916011834736
FBgn0035806,30,15,6.376244685810823,3.653956299439593,2.72228838637123
FBgn0035806,36,16,5.827662137604721,3.653956299439593,2.1737058381651275
FBgn0035806,42,17,6.028333422974381,3.653956299439593,2.3743771235347877
FBgn0035806,48,18,5.5434070032375935,3.653956299439593,1.8894507037980004
FBgn0035806,72,19,5.874661923394912,3.653956299439593,2.220705623955319
FBgn0035806,96,20,5.703894772955209,3.653956299439593,2.049938473515616
FBgn0035806,120,21,5.655897759122728,3.653956299439593,2.0019414596831346
FBgn0035886,1,2,0.22716706628953914,0.15113549854579378,0.07603156774374537
FBgn0035886,2,3,1.1348557842337554,0.15113549854579378,0.9837202856879617
FBgn0035886,3,4,1.4422625065778902,0.15113549854579378,1.2911270080320965
FBgn0035886,4,5,0.6981846264732259,0.15113549854579378,0.5470491279274321
FBgn0035886,5,6,0.5346659622228286,0.15113549854579378,0.3835304636770348
FBgn0035886,6,7,1.326587318463663,0.15113549854579378,1.1754518199178692
FBgn0035886,8,8,0.4143422749105776,0.15113549854579378,0.26320677636478385
FBgn0035886,10,9,0.48971624525450763,0.15113549854579378,0.33858074670871385
FBgn0035886,12,10,0.6586372869643142,0.15113549854579378,0.5075017884185204
FBgn0035886,14,11,0.8226868622553533,0.15113549854579378,0.6715513637095595
FBgn0035886,16,12,0.13227711996303457,0.15113549854579378,-0.01885837858275921
FBgn0035886,20,13,0.4418289697912155,0.15113549854579378,0.2906934712454217
FBgn0035886,24,14,0.47723603882718313,0.15113549854579378,0.32610054028138935
FBgn0035886,30,15,0.4405877672906158,0.15113549854579378,0.289452268744822
FBgn0035886,36,16,0.6040307152152162,0.15113549854579378,0.45289521666942245
FBgn0035886,42,17,0.6731413133135496,0.15113549854579378,0.5220058147677559
FBgn0035886,48,18,0.11198924088284518,0.15113549854579378,-0.0391462576629486
FBgn0035886,72,19,0.4790617240152442,0.15113549854579378,0.32792622546945044
FBgn0035886,96,20,1.6286842744080898,0.15113549854579378,1.477548775862296
FBgn0035886,120,21,1.6911602994415644,0.15113549854579378,1.5400248008957707
FBgn0035929,1,2,3.848402451790299,2.650773621075226,1.197628830715073
FBgn0035929,2,3,4.0993627532493395,2.650773621075226,1.4485891321741136
FBgn0035929,3,4,4.191854547151101,2.650773621075226,1.5410809260758747
FBgn0035929,4,5,3.3183307480701214,2.650773621075226,0.6675571269948954
FBgn0035929,5,6,3.0392077923694325,2.650773621075226,0.38843417129420654
FBgn0035929,6,7,2.956040904395128,2.650773621075226,0.30526728331990194
FBgn0035929,8,8,3.0929047002907124,2.650773621075226,0.44213107921548644
FBgn0035929,10,9,3.155540393112791,2.650773621075226,0.504766772037565
FBgn0035929,12,10,2.8599804123666304,2.650773621075226,0.2092067912914044
FBgn0035929,14,11,2.9197921744219446,2.650773621075226,0.26901855334671865
FBgn0035929,16,12,3.057720995039168,2.650773621075226,0.4069473739639422
FBgn0035929,20,13,2.1831435758480486,2.650773621075226,-0.4676300452271773
FBgn0035929,24,14,2.7880745544801937,2.650773621075226,0.13730093340496774
FBgn0035929,30,15,3.2314119921795332,2.650773621075226,0.5806383711043073
FBgn0035929,36,16,3.4500662503871276,2.650773621075226,0.7992926293119016
FBgn0035929,42,17,2.901290099553594,2.650773621075226,0.2505164784783682
FBgn0035929,48,18,3.0950721884890786,2.650773621075226,0.44429856741385265
FBgn0035929,72,19,3.7932486376561854,2.650773621075226,1.1424750165809594
FBgn0035929,96,20,4.153307480768229,2.650773621075226,1.5025338596930027
FBgn0035929,120,21,4.157399051522756,2.650773621075226,1.5066254304475297
FBgn0035968,1,2,6.566799828814518,6.091614071944974,0.4751857568695437
FBgn0035968,2,3,6.08529270940255,6.091614071944974,-0.006321362542424325
FBgn0035968,3,4,5.548928458257279,6.091614071944974,-0.542685613687695
FBgn0035968,4,5,5.077586923273753,6.091614071944974,-1.0140271486712216
FBgn0035968,5,6,4.961502376262986,6.091614071944974,-1.1301116956819879
FBgn0035968,6,7,5.106942991993894,6.091614071944974,-0.98467107995108
FBgn0035968,8,8,5.260807999772863,6.091614071944974,-0.8308060721721109
FBgn0035968,10,9,5.800746663968036,6.091614071944974,-0.290867407976938
FBgn0035968,12,10,5.617005245662667,6.091614071944974,-0.4746088262823074
FBgn0035968,14,11,5.139312907486078,6.091614071944974,-0.9523011644588966
FBgn0035968,16,12,5.1520158365704205,6.091614071944974,-0.9395982353745538
FBgn0035968,20,13,5.385511277864502,6.091614071944974,-0.706102794080472
FBgn0035968,24,14,6.206647959887464,6.091614071944974,0.1150338879424897
FBgn0035968,30,15,5.804760432231756,6.091614071944974,-0.2868536397132182
FBgn0035968,36,16,5.701339022054174,6.091614071944974,-0.39027504989079986
FBgn0035968,42,17,5.481578166260821,6.091614071944974,-0.6100359056841533
FBgn0035968,48,18,6.56263797033426,6.091614071944974,0.4710238983892854
FBgn0035968,72,19,6.642134706245707,6.091614071944974,0.5505206343007325
FBgn0035968,96,20,6.290311072797755,6.091614071944974,0.19869700085278108
FBgn0035968,120,21,6.532808362802328,6.091614071944974,0.4411942908573536
FBgn0035977,1,2,4.47558200176929,2.478981684856904,1.9966003169123856
FBgn0035977,2,3,4.338949541169129,2.478981684856904,1.8599678563122244
FBgn0035977,3,4,3.3638056673434895,2.478981684856904,0.8848239824865853
FBgn0035977,4,5,3.0767063982734117,2.478981684856904,0.5977247134165076
FBgn0035977,5,6,2.9785442515683327,2.478981684856904,0.4995625667114285
FBgn0035977,6,7,3.1822581943212547,2.478981684856904,0.7032765094643505
FBgn0035977,8,8,3.077330270038872,2.478981684856904,0.5983485851819679
FBgn0035977,10,9,3.3300960285201593,2.478981684856904,0.8511143436632551
FBgn0035977,12,10,3.327138579154303,2.478981684856904,0.8481568942973987
FBgn0035977,14,11,3.246613245239674,2.478981684856904,0.7676315603827697
FBgn0035977,16,12,3.1001477126455024,2.478981684856904,0.6211660277885982
FBgn0035977,20,13,3.5809791315021338,2.478981684856904,1.1019974466452296
FBgn0035977,24,14,2.9541710882504955,2.478981684856904,0.4751894033935913
FBgn0035977,30,15,3.447780233096403,2.478981684856904,0.9687985482394987
FBgn0035977,36,16,3.3682005406040223,2.478981684856904,0.8892188557471181
FBgn0035977,42,17,3.764067292605246,2.478981684856904,1.285085607748342
FBgn0035977,48,18,3.177078302208876,2.478981684856904,0.6980966173519718
FBgn0035977,72,19,3.2572164379602184,2.478981684856904,0.7782347531033142
FBgn0035977,96,20,3.367326864036972,2.478981684856904,0.8883451791800678
FBgn0035977,120,21,3.304622988302917,2.478981684856904,0.8256413034460128
FBgn0035978,1,2,9.167403375888917,9.518395531447919,-0.3509921555590019
FBgn0035978,2,3,8.796777609144215,9.518395531447919,-0.7216179223037038
FBgn0035978,3,4,8.346514762607528,9.518395531447919,-1.1718807688403903
FBgn0035978,4,5,8.022073507880378,9.518395531447919,-1.49632202356754
FBgn0035978,5,6,8.071996093190894,9.518395531447919,-1.4463994382570249
FBgn0035978,6,7,7.726088626175164,9.518395531447919,-1.7923069052727545
FBgn0035978,8,8,7.819842023461152,9.518395531447919,-1.6985535079867669
FBgn0035978,10,9,8.484400459181314,9.518395531447919,-1.0339950722666043
FBgn0035978,12,10,8.502980835267886,9.518395531447919,-1.0154146961800325
FBgn0035978,14,11,8.66573451444615,9.518395531447919,-0.8526610170017683
FBgn0035978,16,12,9.087756839696475,9.518395531447919,-0.43063869175144376
FBgn0035978,20,13,9.590646741240626,9.518395531447919,0.07225120979270727
FBgn0035978,24,14,9.594053636392594,9.518395531447919,0.07565810494467584
FBgn0035978,30,15,9.297498684294077,9.518395531447919,-0.22089684715384195
FBgn0035978,36,16,9.02258118209486,9.518395531447919,-0.4958143493530578
FBgn0035978,42,17,9.873657641736067,9.518395531447919,0.35526211028814814
FBgn0035978,48,18,9.635049778891254,9.518395531447919,0.11665424744333563
FBgn0035978,72,19,9.686601323707356,9.518395531447919,0.1682057922594371
FBgn0035978,96,20,9.57407671778723,9.518395531447919,0.05568118633931185
FBgn0035978,120,21,9.706655669566358,9.518395531447919,0.188260138118439
FBgn0036023,1,2,1.8510674866027124,1.730442287088927,0.12062519951378547
FBgn0036023,2,3,1.3379864223861602,1.730442287088927,-0.3924558647027667
FBgn0036023,3,4,1.4422625065778902,1.730442287088927,-0.28817978051103665
FBgn0036023,4,5,1.0528430907961392,1.730442287088927,-0.6775991962927876
FBgn0036023,5,6,1.0050526528660568,1.730442287088927,-0.7253896342228701
FBgn0036023,6,7,1.2277660951458595,1.730442287088927,-0.5026761919430673
FBgn0036023,8,8,2.328283936120674,1.730442287088927,0.5978416490317473
FBgn0036023,10,9,2.862269467613307,1.730442287088927,1.1318271805243802
FBgn0036023,12,10,2.2984809137075315,1.730442287088927,0.5680386266186046
FBgn0036023,14,11,1.919636122098538,1.730442287088927,0.18919383500961118
FBgn0036023,16,12,2.867923446479699,1.730442287088927,1.1374811593907723
FBgn0036023,20,13,2.4725975179978397,1.730442287088927,0.7421552309089128
FBgn0036023,24,14,2.205855372185895,1.730442287088927,0.4754130850969682
FBgn0036023,30,15,2.8767721710897334,1.730442287088927,1.1463298840008065
FBgn0036023,36,16,2.5871613613369626,1.730442287088927,0.8567190742480357
FBgn0036023,42,17,3.339767556288388,1.730442287088927,1.609325269199461
FBgn0036023,48,18,2.3510146404939394,1.730442287088927,0.6205723534050125
FBgn0036023,72,19,3.3868903265312857,1.730442287088927,1.6564480394423589
FBgn0036023,96,20,3.4488691552899917,1.730442287088927,1.7184268682010648
FBgn0036023,120,21,5.0374092595699,1.730442287088927,3.306966972480973
FBgn0036024,1,2,4.906057870244544,4.69642572063959,0.20963214960495336
FBgn0036024,2,3,4.760494778190946,4.69642572063959,0.06406905755135561
FBgn0036024,3,4,4.966140973414366,4.69642572063959,0.2697152527747759
FBgn0036024,4,5,4.630615268370646,4.69642572063959,-0.065810452268944
FBgn0036024,5,6,4.7629853631919055,4.69642572063959,0.06655964255231517
FBgn0036024,6,7,4.160568196935414,4.69642572063959,-0.535857523704176
FBgn0036024,8,8,4.665675391578221,4.69642572063959,-0.03075032906136954
FBgn0036024,10,9,4.705315558692629,4.69642572063959,0.008889838053038446
FBgn0036024,12,10,4.860203434700614,4.69642572063959,0.16377771406102326
FBgn0036024,14,11,4.524940581630888,4.69642572063959,-0.171485139008702
FBgn0036024,16,12,4.920813171529945,4.69642572063959,0.2243874508903545
FBgn0036024,20,13,4.932549810111026,4.69642572063959,0.23612408947143582
FBgn0036024,24,14,5.455412534735215,4.69642572063959,0.7589868140956249
FBgn0036024,30,15,5.292680578153905,4.69642572063959,0.5962548575143147
FBgn0036024,36,16,5.5431124211241745,4.69642572063959,0.8466867004845842
FBgn0036024,42,17,6.011021845385228,4.69642572063959,1.3145961247456377
FBgn0036024,48,18,5.267115776408203,4.69642572063959,0.5706900557686128
FBgn0036024,72,19,6.637299335369664,4.69642572063959,1.9408736147300738
FBgn0036024,96,20,6.862913092598079,4.69642572063959,2.166487371958489
FBgn0036024,120,21,7.989587310196283,4.69642572063959,3.293161589556693
FBgn0036030,1,2,7.36112156085008,7.093467444401714,0.2676541164483659
FBgn0036030,2,3,7.405284332732345,7.093467444401714,0.3118168883306307
FBgn0036030,3,4,7.3307107467651065,7.093467444401714,0.23724330236339242
FBgn0036030,4,5,7.173070502235696,7.093467444401714,0.0796030578339817
FBgn0036030,5,6,7.028744809071296,7.093467444401714,-0.06472263533041822
FBgn0036030,6,7,7.220926296639972,7.093467444401714,0.1274588522382576
FBgn0036030,8,8,7.265373997586661,7.093467444401714,0.17190655318494663
FBgn0036030,10,9,7.382887389518759,7.093467444401714,0.2894199451170447
FBgn0036030,12,10,7.095020603250775,7.093467444401714,0.0015531588490613757
FBgn0036030,14,11,7.135221388974514,7.093467444401714,0.04175394457280035
FBgn0036030,16,12,7.03934943569152,7.093467444401714,-0.05411800871019423
FBgn0036030,20,13,7.269676300835704,7.093467444401714,0.1762088564339903
FBgn0036030,24,14,7.384532348354327,7.093467444401714,0.29106490395261275
FBgn0036030,30,15,7.658973735444489,7.093467444401714,0.5655062910427748
FBgn0036030,36,16,7.74153450783185,7.093467444401714,0.648067063430136
FBgn0036030,42,17,7.406320850270324,7.093467444401714,0.3128534058686103
FBgn0036030,48,18,8.130221223569894,7.093467444401714,1.0367537791681798
FBgn0036030,72,19,8.512761431932454,7.093467444401714,1.4192939875307395
FBgn0036030,96,20,8.53869378180324,7.093467444401714,1.4452263374015253
FBgn0036030,120,21,8.71306549868429,7.093467444401714,1.6195980542825765
FBgn0036208,1,2,2.9264358011774285,3.306065430074362,-0.37962962889693364
FBgn0036208,2,3,2.8934598052985603,3.306065430074362,-0.41260562477580187
FBgn0036208,3,4,3.1990008993121193,3.306065430074362,-0.10706453076224287
FBgn0036208,4,5,4.1180245839034,3.306065430074362,0.8119591538290383
FBgn0036208,5,6,4.342046014400683,3.306065430074362,1.035980584326321
FBgn0036208,6,7,4.349612475092422,3.306065430074362,1.0435470450180597
FBgn0036208,8,8,4.375052280363702,3.306065430074362,1.06898685028934
FBgn0036208,10,9,4.578351237444007,3.306065430074362,1.272285807369645
FBgn0036208,12,10,4.133958086719352,3.306065430074362,0.8278926566449902
FBgn0036208,14,11,4.1284484516284214,3.306065430074362,0.8223830215540593
FBgn0036208,16,12,4.195362737411508,3.306065430074362,0.889297307337146
FBgn0036208,20,13,4.034199451379617,3.306065430074362,0.7281340213052552
FBgn0036208,24,14,3.603796432213973,3.306065430074362,0.2977310021396109
FBgn0036208,30,15,4.087235055692401,3.306065430074362,0.7811696256180385
FBgn0036208,36,16,3.8606897644121494,3.306065430074362,0.5546243343377872
FBgn0036208,42,17,4.182585195304322,3.306065430074362,0.8765197652299594
FBgn0036208,48,18,3.8529484470500943,3.306065430074362,0.5468830169757322
FBgn0036208,72,19,3.9902345772460377,3.306065430074362,0.6841691471716755
FBgn0036208,96,20,4.146961174607765,3.306065430074362,0.8408957445334027
FBgn0036208,120,21,4.2400691249091285,3.306065430074362,0.9340036948347663
FBgn0036262,1,2,9.26551102339175,9.37375854196636,-0.10824751857460946
FBgn0036262,2,3,8.459618262493464,9.37375854196636,-0.9141402794728961
FBgn0036262,3,4,7.5765306714632885,9.37375854196636,-1.7972278705030718
FBgn0036262,4,5,7.636169478802615,9.37375854196636,-1.7375890631637452
FBgn0036262,5,6,7.672267109080294,9.37375854196636,-1.7014914328860664
FBgn0036262,6,7,7.700116020166368,9.37375854196636,-1.6736425217999926
FBgn0036262,8,8,7.7631864191538575,9.37375854196636,-1.6105721228125027
FBgn0036262,10,9,8.602948563284585,9.37375854196636,-0.7708099786817755
FBgn0036262,12,10,8.285874370273422,9.37375854196636,-1.087884171692938
FBgn0036262,14,11,7.698245442327504,9.37375854196636,-1.6755130996388559
FBgn0036262,16,12,7.679578099871876,9.37375854196636,-1.694180442094484
FBgn0036262,20,13,8.880490461129678,9.37375854196636,-0.49326808083668183
FBgn0036262,24,14,9.642819393508557,9.37375854196636,0.2690608515421964
FBgn0036262,30,15,9.526462666805326,9.37375854196636,0.15270412483896578
FBgn0036262,36,16,9.097095611699185,9.37375854196636,-0.27666293026717526
FBgn0036262,42,17,8.868367012310351,9.37375854196636,-0.5053915296560092
FBgn0036262,48,18,10.122241530669832,9.37375854196636,0.7484829887034721
FBgn0036262,72,19,10.409355181386307,9.37375854196636,1.0355966394199463
FBgn0036262,96,20,10.612633523469732,9.37375854196636,1.238874981503372
FBgn0036262,120,21,10.695584968545454,9.37375854196636,1.3218264265790935
FBgn0036320,1,2,3.1080906561588595,2.1370691880548973,0.9710214681039622
FBgn0036320,2,3,3.2498605722011398,2.1370691880548973,1.1127913841462425
FBgn0036320,3,4,2.8904942274357652,2.1370691880548973,0.7534250393808679
FBgn0036320,4,5,2.326727229844252,2.1370691880548973,0.18965804178935475
FBgn0036320,5,6,2.4886521141867695,2.1370691880548973,0.35158292613187214
FBgn0036320,6,7,3.0683129124988797,2.1370691880548973,0.9312437244439824
FBgn0036320,8,8,2.6963751190269853,2.1370691880548973,0.559305930972088
FBgn0036320,10,9,2.5473092008177227,2.1370691880548973,0.4102400127628254
FBgn0036320,12,10,2.729160674371015,2.1370691880548973,0.5920914863161175
FBgn0036320,14,11,2.496748409828263,2.1370691880548973,0.35967922177336575
FBgn0036320,16,12,1.7154008410746946,2.1370691880548973,-0.4216683469802027
FBgn0036320,20,13,2.7209344551062666,2.1370691880548973,0.5838652670513693
FBgn0036320,24,14,3.2382722286218772,2.1370691880548973,1.10120304056698
FBgn0036320,30,15,2.9649270569464257,2.1370691880548973,0.8278578688915283
FBgn0036320,36,16,3.0657739530979145,2.1370691880548973,0.9287047650430171
FBgn0036320,42,17,3.2082096206708473,2.1370691880548973,1.07114043261595
FBgn0036320,48,18,3.22363301225055,2.1370691880548973,1.0865638241956526
FBgn0036320,72,19,3.381983953550387,2.1370691880548973,1.2449147654954897
FBgn0036320,96,20,5.231441929737306,2.1370691880548973,3.0943727416824087
FBgn0036320,120,21,4.780019647412077,2.1370691880548973,2.6429504593571798
FBgn0036363,1,2,0.48095085085295175,0.5508585479310519,-0.06990769707810018
FBgn0036363,2,3,0.7186734468981759,0.5508585479310519,0.16781489896712398
FBgn0036363,3,4,0.9330039276929311,0.5508585479310519,0.3821453797618791
FBgn0036363,4,5,0.7084482874427243,0.5508585479310519,0.15758973951167232
FBgn0036363,5,6,0.7369153998779442,0.5508585479310519,0.18605685194689225
FBgn0036363,6,7,1.2155722678203214,0.5508585479310519,0.6647137198892694
FBgn0036363,8,8,0.4683535480626032,0.5508585479310519,-0.08250499986844873
FBgn0036363,10,9,0.7097660822564985,0.5508585479310519,0.15890753432544658
FBgn0036363,12,10,0.7699581632015238,0.5508585479310519,0.21909961527047184
FBgn0036363,14,11,1.7827125546049787,0.5508585479310519,1.2318540066739267
FBgn0036363,16,12,0.40670945190123453,0.5508585479310519,-0.1441490960298174
FBgn0036363,20,13,1.7513142118707072,0.5508585479310519,1.2004556639396553
FBgn0036363,24,14,0.343490795066924,0.5508585479310519,-0.20736775286412795
FBgn0036363,30,15,1.8994783204408558,0.5508585479310519,1.348619772509804
FBgn0036363,36,16,0.9229155043203586,0.5508585479310519,0.3720569563893067
FBgn0036363,42,17,0.3106227627587607,0.5508585479310519,-0.24023578517229122
FBgn0036363,48,18,0.30694117714243474,0.5508585479310519,-0.2439173707886172
FBgn0036363,72,19,0.1058691685012966,0.5508585479310519,-0.44498937942975536
FBgn0036363,96,20,0.6899975210527423,0.5508585479310519,0.13913897312169032
FBgn0036363,120,21,0.49801973379104647,0.5508585479310519,-0.05283881414000546
FBgn0036419,1,2,5.656289500543994,4.135120178430705,1.5211693221132894
FBgn0036419,2,3,5.417403005886653,4.135120178430705,1.2822828274559486
FBgn0036419,3,4,4.839506806785436,4.135120178430705,0.7043866283547313
FBgn0036419,4,5,4.631867792670497,4.135120178430705,0.4967476142397924
FBgn0036419,5,6,4.709622088547775,4.135120178430705,0.5745019101170703
FBgn0036419,6,7,4.8203053746705,4.135120178430705,0.6851851962397957
FBgn0036419,8,8,4.002577199743678,4.135120178430705,-0.13254297868702647
FBgn0036419,10,9,4.051256078243561,4.135120178430705,-0.08386410018714319
FBgn0036419,12,10,3.925159531067523,4.135120178430705,-0.20996064736318143
FBgn0036419,14,11,4.520386830141099,4.135120178430705,0.38526665171039465
FBgn0036419,16,12,4.25564415384455,4.135120178430705,0.12052397541384519
FBgn0036419,20,13,4.986055048591637,4.135120178430705,0.8509348701609323
FBgn0036419,24,14,4.5173400910501265,4.135120178430705,0.3822199126194219
FBgn0036419,30,15,4.776319489240481,4.135120178430705,0.6411993108097764
FBgn0036419,36,16,4.717822066371562,4.135120178430705,0.5827018879408579
FBgn0036419,42,17,5.277320535342579,4.135120178430705,1.1422003569118742
FBgn0036419,48,18,5.421528570714458,4.135120178430705,1.2864083922837537
FBgn0036419,72,19,5.414736653676478,4.135120178430705,1.2796164752457733
FBgn0036419,96,20,6.207705106718868,4.135120178430705,2.0725849282881637
FBgn0036419,120,21,5.716121011598123,4.135120178430705,1.5810008331674181
FBgn0036449,1,2,6.503684009453678,6.500271454615624,0.003412554838053694
FBgn0036449,2,3,6.626426782490928,6.500271454615624,0.12615532787530448
FBgn0036449,3,4,6.052345740452603,6.500271454615624,-0.44792571416302085
FBgn0036449,4,5,6.007410592387079,6.500271454615624,-0.49286086222854486
FBgn0036449,5,6,5.7250074861483835,6.500271454615624,-0.7752639684672404
FBgn0036449,6,7,6.081536789341358,6.500271454615624,-0.4187346652742656
FBgn0036449,8,8,5.8752949764287274,6.500271454615624,-0.6249764781868965
FBgn0036449,10,9,6.069046986625349,6.500271454615624,-0.43122446799027525
FBgn0036449,12,10,6.107766925647226,6.500271454615624,-0.3925045289683977
FBgn0036449,14,11,6.361221866739703,6.500271454615624,-0.13904958787592125
FBgn0036449,16,12,6.377640061147393,6.500271454615624,-0.1226313934682306
FBgn0036449,20,13,6.735763816087638,6.500271454615624,0.2354923614720139
FBgn0036449,24,14,6.47324221925785,6.500271454615624,-0.027029235357773906
FBgn0036449,30,15,6.726901659469261,6.500271454615624,0.22663020485363727
FBgn0036449,36,16,6.747518176144922,6.500271454615624,0.24724672152929816
FBgn0036449,42,17,6.827758316804162,6.500271454615624,0.32748686218853784
FBgn0036449,48,18,7.322380677682139,6.500271454615624,0.8221092230665148
FBgn0036449,72,19,7.536805198998535,6.500271454615624,1.0365337443829112
FBgn0036449,96,20,7.61960477615051,6.500271454615624,1.119333321534886
FBgn0036449,120,21,7.4579706863411594,6.500271454615624,0.9576992317255355
FBgn0036587,1,2,3.1417556026879865,3.3327397595864694,-0.19098415689848292
FBgn0036587,2,3,2.39059144806091,3.3327397595864694,-0.9421483115255596
FBgn0036587,3,4,1.4688338928033762,3.3327397595864694,-1.8639058667830932
FBgn0036587,4,5,1.9263326865984718,3.3327397595864694,-1.4064070729879976
FBgn0036587,5,6,2.483162706907149,3.3327397595864694,-0.8495770526793205
FBgn0036587,6,7,2.3101189302923393,3.3327397595864694,-1.0226208292941301
FBgn0036587,8,8,2.986764525464614,3.3327397595864694,-0.3459752341218554
FBgn0036587,10,9,3.469929412152427,3.3327397595864694,0.1371896525659575
FBgn0036587,12,10,3.4415875641107703,3.3327397595864694,0.10884780452430087
FBgn0036587,14,11,3.917173294652893,3.3327397595864694,0.5844335350664238
FBgn0036587,16,12,3.693918003529384,3.3327397595864694,0.36117824394291453
FBgn0036587,20,13,3.5942867665225027,3.3327397595864694,0.2615470069360333
FBgn0036587,24,14,4.243600343513943,3.3327397595864694,0.9108605839274739
FBgn0036587,30,15,4.103394080805785,3.3327397595864694,0.7706543212193155
FBgn0036587,36,16,4.069218300698012,3.3327397595864694,0.7364785411115422
FBgn0036587,42,17,3.7202879087244107,3.3327397595864694,0.38754814913794133
FBgn0036587,48,18,3.7230309206452277,3.3327397595864694,0.3902911610587583
FBgn0036587,72,19,3.704250170731756,3.3327397595864694,0.3715104111452865
FBgn0036587,96,20,3.362103766605432,3.3327397595864694,0.029364007018962468
FBgn0036587,120,21,4.084411850952764,3.3327397595864694,0.7516720913662942
FBgn0036619,1,2,2.7837978637803102,2.955655796782807,-0.17185793300249674
FBgn0036619,2,3,2.566626192532346,2.955655796782807,-0.38902960425046107
FBgn0036619,3,4,2.788708044008244,2.955655796782807,-0.16694775277456309
FBgn0036619,4,5,2.4517652776031844,2.955655796782807,-0.5038905191796226
FBgn0036619,5,6,2.1652110970431746,2.955655796782807,-0.7904446997396324
FBgn0036619,6,7,2.2932554371838227,2.955655796782807,-0.6624003595989842
FBgn0036619,8,8,1.7665831609699683,2.955655796782807,-1.1890726358128387
FBgn0036619,10,9,1.6434861507408351,2.955655796782807,-1.3121696460419718
FBgn0036619,12,10,1.9835540937432972,2.955655796782807,-0.9721017030395098
FBgn0036619,14,11,1.6117905800762018,2.955655796782807,-1.3438652167066052
FBgn0036619,16,12,1.8243064746516762,2.955655796782807,-1.1313493221311308
FBgn0036619,20,13,2.142633253319679,2.955655796782807,-0.813022543463128
FBgn0036619,24,14,3.012197425319087,2.955655796782807,0.056541628536280086
FBgn0036619,30,15,2.745462265901133,2.955655796782807,-0.21019353088167403
FBgn0036619,36,16,1.6162753892277661,2.955655796782807,-1.3393804075550408
FBgn0036619,42,17,1.9853477411468377,2.955655796782807,-0.9703080556359693
FBgn0036619,48,18,3.1576062033863224,2.955655796782807,0.20195040660351538
FBgn0036619,72,19,3.043864064289582,2.955655796782807,0.0882082675067748
FBgn0036619,96,20,3.2402182551320537,2.955655796782807,0.28456245834924676
FBgn0036619,120,21,2.86208121412094,2.955655796782807,-0.09357458266186702
FBgn0036738,1,2,2.8018342977383788,2.85496475659724,-0.05313045885886103
FBgn0036738,2,3,3.691255579411905,2.85496475659724,0.8362908228146653
FBgn0036738,3,4,3.9397814175974926,2.85496475659724,1.0848166610002528
FBgn0036738,4,5,5.430160756772418,2.85496475659724,2.575196000175178
FBgn0036738,5,6,5.699560751628388,2.85496475659724,2.844595995031148
FBgn0036738,6,7,5.500900538786123,2.85496475659724,2.645935782188883
FBgn0036738,8,8,5.927057151008407,2.85496475659724,3.0720923944111673
FBgn0036738,10,9,6.279944029428445,2.85496475659724,3.424979272831205
FBgn0036738,12,10,6.471976862667957,2.85496475659724,3.6170121060707174
FBgn0036738,14,11,7.186890053928847,2.85496475659724,4.331925297331607
FBgn0036738,16,12,6.673520806505337,2.85496475659724,3.8185560499080973
FBgn0036738,20,13,5.74584279400152,2.85496475659724,2.8908780374042804
FBgn0036738,24,14,6.298722458022428,2.85496475659724,3.443757701425188
FBgn0036738,30,15,6.3820324039200695,2.85496475659724,3.5270676473228297
FBgn0036738,36,16,6.969034581045433,2.85496475659724,4.114069824448193
FBgn0036738,42,17,6.413660700250469,2.85496475659724,3.5586959436532295
FBgn0036738,48,18,5.705617078354589,2.85496475659724,2.850652321757349
FBgn0036738,72,19,6.0013272199363445,2.85496475659724,3.1463624633391047
FBgn0036738,96,20,5.9255299918802855,2.85496475659724,3.0705652352830457
FBgn0036738,120,21,6.440765438609217,2.85496475659724,3.5858006820119774
FBgn0036767,1,2,5.086162234727364,2.4094739315045586,2.676688303222805
FBgn0036767,2,3,5.218773547759285,2.4094739315045586,2.809299616254726
FBgn0036767,3,4,4.42004771267709,2.4094739315045586,2.0105737811725315
FBgn0036767,4,5,3.812021480742384,2.4094739315045586,1.4025475492378252
FBgn0036767,5,6,3.6569562839571885,2.4094739315045586,1.24748235245263
FBgn0036767,6,7,3.725836185839214,2.4094739315045586,1.3163622543346554
FBgn0036767,8,8,3.2646692371691337,2.4094739315045586,0.8551953056645751
FBgn0036767,10,9,3.141535184193412,2.4094739315045586,0.7320612526888532
FBgn0036767,12,10,3.602417603352478,2.4094739315045586,1.1929436718479196
FBgn0036767,14,11,3.688607447268828,2.4094739315045586,1.2791335157642694
FBgn0036767,16,12,2.95803918431724,2.4094739315045586,0.5485652528126814
FBgn0036767,20,13,3.195671718266457,2.4094739315045586,0.7861977867618983
FBgn0036767,24,14,3.2827606231675235,2.4094739315045586,0.8732866916629649
FBgn0036767,30,15,3.6293337152352994,2.4094739315045586,1.2198597837307408
FBgn0036767,36,16,3.874689052066505,2.4094739315045586,1.4652151205619464
FBgn0036767,42,17,3.4699333459687094,2.4094739315045586,1.0604594144641508
FBgn0036767,48,18,4.118852961942999,2.4094739315045586,1.7093790304384409
FBgn0036767,72,19,3.813939206051395,2.4094739315045586,1.4044652745468365
FBgn0036767,96,20,4.594862915653259,2.4094739315045586,2.1853889841487004
FBgn0036767,120,21,3.927903925800226,2.4094739315045586,1.5184299942956674
FBgn0036780,1,2,2.9426736113894822,3.139967359638753,-0.1972937482492707
FBgn0036780,2,3,2.387011937439879,3.139967359638753,-0.7529554221988741
FBgn0036780,3,4,2.132386081964094,3.139967359638753,-1.0075812776746589
FBgn0036780,4,5,1.7066240531380528,3.139967359638753,-1.4333433065007002
FBgn0036780,5,6,2.4207673121573716,3.139967359638753,-0.7192000474813813
FBgn0036780,6,7,2.3087301832618428,3.139967359638753,-0.8312371763769102
FBgn0036780,8,8,2.906762695720738,3.139967359638753,-0.23320466391801498
FBgn0036780,10,9,3.3812016051213156,3.139967359638753,0.24123424548256267
FBgn0036780,12,10,3.4710734935538192,3.139967359638753,0.33110613391506627
FBgn0036780,14,11,2.8168773475456064,3.139967359638753,-0.3230900120931466
FBgn0036780,16,12,2.760445337983057,3.139967359638753,-0.37952202165569604
FBgn0036780,20,13,2.8793523300274497,3.139967359638753,-0.26061502961130323
FBgn0036780,24,14,3.7744553716722775,3.139967359638753,0.6344880120335246
FBgn0036780,30,15,3.296253293434786,3.139967359638753,0.15628593379603295
FBgn0036780,36,16,3.3689668719418298,3.139967359638753,0.2289995123030768
FBgn0036780,42,17,3.2327442510502333,3.139967359638753,0.09277689141148038
FBgn0036780,48,18,2.961704133372836,3.139967359638753,-0.17826322626591695
FBgn0036780,72,19,2.990560552934523,3.139967359638753,-0.14940680670423
FBgn0036780,96,20,2.707725220497341,3.139967359638753,-0.43224213914141174
FBgn0036780,120,21,2.9895609053985064,3.139967359638753,-0.15040645424024657
FBgn0036831,1,2,3.6433034615958215,2.721814645206271,0.9214888163895507
FBgn0036831,2,3,3.0815465044010244,2.721814645206271,0.3597318591947536
FBgn0036831,3,4,2.5851692105896693,2.721814645206271,-0.1366454346166015
FBgn0036831,4,5,2.236979504926415,2.721814645206271,-0.48483514027985564
FBgn0036831,5,6,2.8719477076558446,2.721814645206271,0.1501330624495738
FBgn0036831,6,7,2.8197208757466177,2.721814645206271,0.09790623054034686
FBgn0036831,8,8,2.7805674404832255,2.721814645206271,0.05875279527695465
FBgn0036831,10,9,3.284543372583068,2.721814645206271,0.5627287273767974
FBgn0036831,12,10,3.4284136263497866,2.721814645206271,0.7065989811435158
FBgn0036831,14,11,2.69361634141772,2.721814645206271,-0.028198303788550927
FBgn0036831,16,12,2.5730657504158216,2.721814645206271,-0.14874889479044917
FBgn0036831,20,13,2.525331242289109,2.721814645206271,-0.1964834029171616
FBgn0036831,24,14,3.141170420396147,2.721814645206271,0.4193557751898762
FBgn0036831,30,15,2.7625693030078597,2.721814645206271,0.040754657801588934
FBgn0036831,36,16,2.738200404732562,2.721814645206271,0.016385759526291288
FBgn0036831,42,17,2.6425514483205994,2.721814645206271,-0.0792631968856714
FBgn0036831,48,18,2.9343994702524783,2.721814645206271,0.21258482504620746
FBgn0036831,72,19,3.6115727299900806,2.721814645206271,0.8897580847838098
FBgn0036831,96,20,4.186048311623635,2.721814645206271,1.464233666417364
FBgn0036831,120,21,4.39132947965496,2.721814645206271,1.6695148344486892
FBgn0036833,1,2,6.215945374898107,5.350431238430113,0.8655141364679935
FBgn0036833,2,3,5.670880366642818,5.350431238430113,0.32044912821270444
FBgn0036833,3,4,5.21205592497254,5.350431238430113,-0.1383753134575736
FBgn0036833,4,5,4.585845587318178,5.350431238430113,-0.7645856511119353
FBgn0036833,5,6,5.558388059537256,5.350431238430113,0.20795682110714253
FBgn0036833,6,7,5.411919700815536,5.350431238430113,0.06148846238542305
FBgn0036833,8,8,5.496977451822309,5.350431238430113,0.1465462133921953
FBgn0036833,10,9,6.231603594190874,5.350431238430113,0.8811723557607607
FBgn0036833,12,10,6.187487243817187,5.350431238430113,0.8370560053870735
FBgn0036833,14,11,5.44053110127734,5.350431238430113,0.09009986284722693
FBgn0036833,16,12,5.298668694841602,5.350431238430113,-0.05176254358851118
FBgn0036833,20,13,5.340898069257431,5.350431238430113,-0.009533169172682321
FBgn0036833,24,14,5.717867203610382,5.350431238430113,0.36743596518026855
FBgn0036833,30,15,5.421454412017505,5.350431238430113,0.07102317358739185
FBgn0036833,36,16,5.350057073426701,5.350431238430113,-0.0003741650034125854
FBgn0036833,42,17,5.11319147939189,5.350431238430113,-0.23723975903822314
FBgn0036833,48,18,5.569373945241292,5.350431238430113,0.21894270681117867
FBgn0036833,72,19,5.905282757273059,5.350431238430113,0.5548515188429457
FBgn0036833,96,20,6.321083131130264,5.350431238430113,0.9706518927001504
FBgn0036833,120,21,6.57575259699521,5.350431238430113,1.2253213585650968
FBgn0036876,1,2,5.595659198605222,5.724018276757506,-0.12835907815228342
FBgn0036876,2,3,5.5897892665892375,5.724018276757506,-0.13422901016826838
FBgn0036876,3,4,5.764009136877579,5.724018276757506,0.03999086012007336
FBgn0036876,4,5,7.544116179101424,5.724018276757506,1.8200979023439183
FBgn0036876,5,6,7.524856411979206,5.724018276757506,1.8008381352217002
FBgn0036876,6,7,7.263295085971109,5.724018276757506,1.5392768092136029
FBgn0036876,8,8,6.390766500311586,5.724018276757506,0.6667482235540803
FBgn0036876,10,9,6.282362221017305,5.724018276757506,0.558343944259799
FBgn0036876,12,10,5.864698182153218,5.724018276757506,0.14067990539571174
FBgn0036876,14,11,5.694108362484681,5.724018276757506,-0.029909914272824523
FBgn0036876,16,12,5.627501228104816,5.724018276757506,-0.09651704865269028
FBgn0036876,20,13,5.561852881888978,5.724018276757506,-0.162165394868528
FBgn0036876,24,14,5.791163798407704,5.724018276757506,0.06714552165019771
FBgn0036876,30,15,6.300352734294311,5.724018276757506,0.576334457536805
FBgn0036876,36,16,5.601196472613875,5.724018276757506,-0.12282180414363086
FBgn0036876,42,17,5.566553094911185,5.724018276757506,-0.1574651818463204
FBgn0036876,48,18,5.6479478352691,5.724018276757506,-0.07607044148840547
FBgn0036876,72,19,5.444071238910411,5.724018276757506,-0.2799470378470952
FBgn0036876,96,20,5.510769794354765,5.724018276757506,-0.21324848240274097
FBgn0036876,120,21,5.600696601308876,5.724018276757506,-0.12332167544863015
FBgn0036948,1,2,2.189810695100079,1.753493670592193,0.4363170245078858
FBgn0036948,2,3,2.4478714645269486,1.753493670592193,0.6943777939347555
FBgn0036948,3,4,2.4845892710687876,1.753493670592193,0.7310956004765945
FBgn0036948,4,5,3.494980567685695,1.753493670592193,1.7414868970935018
FBgn0036948,5,6,2.8003778897677223,1.753493670592193,1.0468842191755292
FBgn0036948,6,7,3.389089483147756,1.753493670592193,1.6355958125555627
FBgn0036948,8,8,1.9584261151800941,1.753493670592193,0.20493244458790105
FBgn0036948,10,9,1.8016315437865567,1.753493670592193,0.04813787319436358
FBgn0036948,12,10,2.789491771622691,1.753493670592193,1.035998101030498
FBgn0036948,14,11,2.686840035837479,1.753493670592193,0.9333463652452858
FBgn0036948,16,12,1.7833759052738338,1.753493670592193,0.02988223468164075
FBgn0036948,20,13,2.75248242036297,1.753493670592193,0.9989887497707768
FBgn0036948,24,14,2.2563396501478534,1.753493670592193,0.5028459795556603
FBgn0036948,30,15,3.4598858379491326,1.753493670592193,1.7063921673569395
FBgn0036948,36,16,2.2859885237721764,1.753493670592193,0.5324948531799834
FBgn0036948,42,17,1.8583378557533408,1.753493670592193,0.10484418516114768
FBgn0036948,48,18,1.6924265275824673,1.753493670592193,-0.06106714300972582
FBgn0036948,72,19,1.5130060529222136,1.753493670592193,-0.2404876176699795
FBgn0036948,96,20,4.258637793006258,1.753493670592193,2.505144122414065
FBgn0036948,120,21,3.2081895117937993,1.753493670592193,1.4546958412016062
FBgn0036951,1,2,0.9854617560716368,0.7396028654459379,0.24585889062569888
FBgn0036951,2,3,0.8985399834520694,0.7396028654459379,0.15893711800613153
FBgn0036951,3,4,1.0073926531759783,0.7396028654459379,0.26778978773004036
FBgn0036951,4,5,0.6231590015193753,0.7396028654459379,-0.11644386392656259
FBgn0036951,5,6,0.8066330895914893,0.7396028654459379,0.06703022414555138
FBgn0036951,6,7,1.3764305658961324,0.7396028654459379,0.6368277004501945
FBgn0036951,8,8,1.048902973184464,0.7396028654459379,0.309300107738526
FBgn0036951,10,9,1.09221382853906,0.7396028654459379,0.352610963093122
FBgn0036951,12,10,0.9384014874176247,0.7396028654459379,0.19879862197168685
FBgn0036951,14,11,1.3087873717237648,0.7396028654459379,0.5691845062778269
FBgn0036951,16,12,0.5769156233536897,0.7396028654459379,-0.16268724209224816
FBgn0036951,20,13,1.561919773790349,0.7396028654459379,0.8223169083444111
FBgn0036951,24,14,0.6851634878765154,0.7396028654459379,-0.05443937756942252
FBgn0036951,30,15,1.2312623629269337,0.7396028654459379,0.4916594974809958
FBgn0036951,36,16,1.2124131935649631,0.7396028654459379,0.47281032811902524
FBgn0036951,42,17,0.7065266418450276,0.7396028654459379,-0.03307622360091034
FBgn0036951,48,18,1.2970264618333522,0.7396028654459379,0.5574235963874143
FBgn0036951,72,19,0.49690683361953825,0.7396028654459379,-0.24269603182639965
FBgn0036951,96,20,1.9559256634090958,0.7396028654459379,1.216322797963158
FBgn0036951,120,21,1.3526107735502506,0.7396028654459379,0.6130079081043127
FBgn0036992,1,2,7.932224343110365,7.919370332340122,0.012854010770242397
FBgn0036992,2,3,7.651620509656473,7.919370332340122,-0.26774982268364944
FBgn0036992,3,4,7.192065788010173,7.919370332340122,-0.7273045443299493
FBgn0036992,4,5,7.162030685674043,7.919370332340122,-0.7573396466660789
FBgn0036992,5,6,7.295466953737382,7.919370332340122,-0.6239033786027406
FBgn0036992,6,7,7.279412124404411,7.919370332340122,-0.6399582079357113
FBgn0036992,8,8,6.961475389971492,7.919370332340122,-0.9578949423686307
FBgn0036992,10,9,7.358680718516925,7.919370332340122,-0.5606896138231976
FBgn0036992,12,10,6.968215958995522,7.919370332340122,-0.9511543733446004
FBgn0036992,14,11,6.6221657154942655,7.919370332340122,-1.2972046168458569
FBgn0036992,16,12,6.750741535299463,7.919370332340122,-1.1686287970406593
FBgn0036992,20,13,7.279767629370534,7.919370332340122,-0.6396027029695883
FBgn0036992,24,14,7.9544383212793965,7.919370332340122,0.03506798893927421
FBgn0036992,30,15,8.009564516393425,7.919370332340122,0.0901941840533027
FBgn0036992,36,16,7.368469000089383,7.919370332340122,-0.5509013322507395
FBgn0036992,42,17,7.699177549616209,7.919370332340122,-0.22019278272391318
FBgn0036992,48,18,8.356308829022716,7.919370332340122,0.4369384966825933
FBgn0036992,72,19,8.41624572846091,7.919370332340122,0.496875396120787
FBgn0036992,96,20,8.575613199813723,7.919370332340122,0.6562428674736012
FBgn0036992,120,21,8.679222628780854,7.919370332340122,0.7598522964407319
FBgn0037386,1,2,4.5074828575881485,4.446239734247975,0.06124312334017379
FBgn0037386,2,3,4.759698889142938,4.446239734247975,0.31345915489496345
FBgn0037386,3,4,4.91149559384675,4.446239734247975,0.46525585959877525
FBgn0037386,4,5,4.974964445863613,4.446239734247975,0.5287247116156379
FBgn0037386,5,6,4.876244445457456,4.446239734247975,0.4300047112094809
FBgn0037386,6,7,4.821917885798267,4.446239734247975,0.37567815155029205
FBgn0037386,8,8,4.677237860342495,4.446239734247975,0.2309981260945202
FBgn0037386,10,9,4.832878689315944,4.446239734247975,0.3866389550679692
FBgn0037386,12,10,4.592095552381619,4.446239734247975,0.14585581813364445
FBgn0037386,14,11,5.512076708277318,4.446239734247975,1.0658369740293434
FBgn0037386,16,12,5.58919640676894,4.446239734247975,1.142956672520965
FBgn0037386,20,13,6.272688138530796,4.446239734247975,1.8264484042828215
FBgn0037386,24,14,5.661150137715659,4.446239734247975,1.2149104034676839
FBgn0037386,30,15,5.8092982419953945,4.446239734247975,1.3630585077474198
FBgn0037386,36,16,5.558333543095729,4.446239734247975,1.1120938088477539
FBgn0037386,42,17,6.5228755598812596,4.446239734247975,2.076635825633285
FBgn0037386,48,18,6.087137579448665,4.446239734247975,1.6408978452006906
FBgn0037386,72,19,6.514966835819551,4.446239734247975,2.068727101571576
FBgn0037386,96,20,6.325040916634656,4.446239734247975,1.878801182386681
FBgn0037386,120,21,6.5251207878399065,4.446239734247975,2.0788810535919318
FBgn0037387,1,2,7.972373783842854,8.134689458983097,-0.1623156751402428
FBgn0037387,2,3,7.92806318402795,8.134689458983097,-0.20662627495514663
FBgn0037387,3,4,7.574238129519688,8.134689458983097,-0.560451329463409
FBgn0037387,4,5,7.573599536925942,8.134689458983097,-0.561089922057155
FBgn0037387,5,6,7.6090538899550415,8.134689458983097,-0.5256355690280552
FBgn0037387,6,7,7.7466240968007,8.134689458983097,-0.38806536218239707
FBgn0037387,8,8,7.567092503266501,8.134689458983097,-0.5675969557165956
FBgn0037387,10,9,7.8120838907283865,8.134689458983097,-0.3226055682547102
FBgn0037387,12,10,7.61308637502178,8.134689458983097,-0.5216030839613168
FBgn0037387,14,11,8.200826159343631,8.134689458983097,0.0661367003605342
FBgn0037387,16,12,8.295809887173295,8.134689458983097,0.16112042819019834
FBgn0037387,20,13,8.95208982653227,8.134689458983097,0.8174003675491726
FBgn0037387,24,14,8.47407223831848,8.134689458983097,0.3393827793353825
FBgn0037387,30,15,8.634561349425901,8.134689458983097,0.49987189044280456
FBgn0037387,36,16,8.002908300556463,8.134689458983097,-0.13178115842663374
FBgn0037387,42,17,9.126500920384888,8.134689458983097,0.9918114614017917
FBgn0037387,48,18,8.611563297443048,8.134689458983097,0.47687383845995157
FBgn0037387,72,19,8.731641420173556,8.134689458983097,0.5969519611904595
FBgn0037387,96,20,9.297975483958805,8.134689458983097,1.163286024975708
FBgn0037387,120,21,9.268228084645616,8.134689458983097,1.1335386256625188
FBgn0037396,1,2,2.6469386114878715,2.931781072257031,-0.28484246076915953
FBgn0037396,2,3,3.612623527224226,2.931781072257031,0.6808424549671952
FBgn0037396,3,4,4.473512150731464,2.931781072257031,1.5417310784744331
FBgn0037396,4,5,6.580616500684105,2.931781072257031,3.648835428427074
FBgn0037396,5,6,7.572830247297961,2.931781072257031,4.64104917504093
FBgn0037396,6,7,7.795994232423757,2.931781072257031,4.864213160166726
FBgn0037396,8,8,8.127386631631602,2.931781072257031,5.19560555937457
FBgn0037396,10,9,8.222963739181157,2.931781072257031,5.291182666924126
FBgn0037396,12,10,7.90454371005267,2.931781072257031,4.97276263779564
FBgn0037396,14,11,6.851431906467676,2.931781072257031,3.919650834210645
FBgn0037396,16,12,6.0345928225706125,2.931781072257031,3.1028117503135815
FBgn0037396,20,13,5.231589833782219,2.931781072257031,2.299808761525188
FBgn0037396,24,14,4.184984886254523,2.931781072257031,1.2532038139974921
FBgn0037396,30,15,5.7688356796232245,2.931781072257031,2.8370546073661935
FBgn0037396,36,16,3.9969014339995557,2.931781072257031,1.0651203617425247
FBgn0037396,42,17,4.516259273403078,2.931781072257031,1.5844782011460468
FBgn0037396,48,18,3.4535787674890224,2.931781072257031,0.5217976952319914
FBgn0037396,72,19,3.390341134594632,2.931781072257031,0.45856006233760116
FBgn0037396,96,20,2.848802807763981,2.931781072257031,-0.0829782644930499
FBgn0037396,120,21,2.82102925037582,2.931781072257031,-0.11075182188121113
FBgn0037562,1,2,1.765456410857607,1.3335946694414482,0.43186174141615874
FBgn0037562,2,3,2.30494765288748,1.3335946694414482,0.9713529834460317
FBgn0037562,3,4,1.9368806768786289,1.3335946694414482,0.6032860074371806
FBgn0037562,4,5,1.6677656881204586,1.3335946694414482,0.33417101867901033
FBgn0037562,5,6,2.0525536867451066,1.3335946694414482,0.7189590173036584
FBgn0037562,6,7,2.7607872287476973,1.3335946694414482,1.427192559306249
FBgn0037562,8,8,2.4744132710646216,1.3335946694414482,1.1408186016231734
FBgn0037562,10,9,1.752704016279696,1.3335946694414482,0.41910934683824785
FBgn0037562,12,10,2.242121518939599,1.3335946694414482,0.9085268494981507
FBgn0037562,14,11,2.761926216425403,1.3335946694414482,1.4283315469839546
FBgn0037562,16,12,1.8147915685485856,1.3335946694414482,0.48119689910713737
FBgn0037562,20,13,2.8141812823892676,1.3335946694414482,1.4805866129478193
FBgn0037562,24,14,2.3539671146392074,1.3335946694414482,1.0203724451977592
FBgn0037562,30,15,2.5351567557184262,1.3335946694414482,1.201562086276978
FBgn0037562,36,16,3.3631983201195923,1.3335946694414482,2.029603650678144
FBgn0037562,42,17,2.935292740511948,1.3335946694414482,1.6016980710705
FBgn0037562,48,18,1.6517079217192512,1.3335946694414482,0.31811325227780296
FBgn0037562,72,19,2.1750510338840114,1.3335946694414482,0.8414563644425632
FBgn0037562,96,20,5.505587039404927,1.3335946694414482,4.171992369963478
FBgn0037562,120,21,4.597738255283141,1.3335946694414482,3.2641435858416927
FBgn0037635,1,2,4.124985645568072,4.249982441538922,-0.12499679597085045
FBgn0037635,2,3,3.4761540418476384,4.249982441538922,-0.7738283996912836
FBgn0037635,3,4,2.5851692105896693,4.249982441538922,-1.6648132309492527
FBgn0037635,4,5,2.2214087773815634,4.249982441538922,-2.0285736641573586
FBgn0037635,5,6,2.329768519524472,4.249982441538922,-1.92021392201445
FBgn0037635,6,7,2.8480466900180614,4.249982441538922,-1.4019357515208606
FBgn0037635,8,8,3.3293460139474718,4.249982441538922,-0.9206364275914503
FBgn0037635,10,9,4.224022054836728,4.249982441538922,-0.02596038670219425
FBgn0037635,12,10,4.38595612634904,4.249982441538922,0.13597368481011785
FBgn0037635,14,11,3.758349181462809,4.249982441538922,-0.49163326007611285
FBgn0037635,16,12,3.971442751996671,4.249982441538922,-0.27853968954225117
FBgn0037635,20,13,3.772958166709018,4.249982441538922,-0.47702427482990384
FBgn0037635,24,14,4.2380168096007385,4.249982441538922,-0.011965631938183563
FBgn0037635,30,15,3.6525539408773335,4.249982441538922,-0.5974285006615885
FBgn0037635,36,16,5.120369324050807,4.249982441538922,0.8703868825118848
FBgn0037635,42,17,4.16007328319196,4.249982441538922,-0.08990915834696178
FBgn0037635,48,18,4.1797854820468,4.249982441538922,-0.07019695949212235
FBgn0037635,72,19,4.182440597161651,4.249982441538922,-0.06754184437727062
FBgn0037635,96,20,4.96843477508863,4.249982441538922,0.7184523335497079
FBgn0037635,120,21,4.709604739587598,4.249982441538922,0.45962229804867594
FBgn0037684,1,2,6.891848384999467,6.661179681593071,0.23066870340639678
FBgn0037684,2,3,6.512075618624172,6.661179681593071,-0.1491040629688989
FBgn0037684,3,4,4.440329769500266,6.661179681593071,-2.2208499120928042
FBgn0037684,4,5,5.0564605137322465,6.661179681593071,-1.6047191678608241
FBgn0037684,5,6,4.958410861313106,6.661179681593071,-1.7027688202799647
FBgn0037684,6,7,4.794174600607643,6.661179681593071,-1.867005080985428
FBgn0037684,8,8,5.030311895778669,6.661179681593071,-1.6308677858144014
FBgn0037684,10,9,6.19806736157167,6.661179681593071,-0.46311232002140024
FBgn0037684,12,10,6.678098435551545,6.661179681593071,0.016918753958474753
FBgn0037684,14,11,6.5113902603023135,6.661179681593071,-0.14978942129075712
FBgn0037684,16,12,6.321315397202678,6.661179681593071,-0.3398642843903925
FBgn0037684,20,13,6.528775429784352,6.661179681593071,-0.13240425180871895
FBgn0037684,24,14,6.699802237303807,6.661179681593071,0.03862255571073625
FBgn0037684,30,15,6.53125251429751,6.661179681593071,-0.12992716729556086
FBgn0037684,36,16,6.726434635408224,6.661179681593071,0.06525495381515345
FBgn0037684,42,17,6.482426672835839,6.661179681593071,-0.17875300875723177
FBgn0037684,48,18,6.927802273360157,6.661179681593071,0.2666225917670868
FBgn0037684,72,19,6.803761524131973,6.661179681593071,0.1425818425389025
FBgn0037684,96,20,6.454517177540554,6.661179681593071,-0.20666250405251674
FBgn0037684,120,21,6.506184839290823,6.661179681593071,-0.1549948423022478
FBgn0037697,1,2,5.035946071526881,5.261338808654839,-0.22539273712795804
FBgn0037697,2,3,4.508948744763179,5.261338808654839,-0.7523900638916601
FBgn0037697,3,4,4.2919758526861616,5.261338808654839,-0.9693629559686778
FBgn0037697,4,5,4.287233191006646,5.261338808654839,-0.9741056176481937
FBgn0037697,5,6,4.520710367283454,5.261338808654839,-0.7406284413713857
FBgn0037697,6,7,4.418525466823734,5.261338808654839,-0.8428133418311052
FBgn0037697,8,8,3.889622810506767,5.261338808654839,-1.3717159981480722
FBgn0037697,10,9,3.915087058498921,5.261338808654839,-1.3462517501559184
FBgn0037697,12,10,3.8907445553580153,5.261338808654839,-1.370594253296824
FBgn0037697,14,11,3.7914264875206793,5.261338808654839,-1.46991232113416
FBgn0037697,16,12,4.1019519049441895,5.261338808654839,-1.15938690371065
FBgn0037697,20,13,4.830832886387437,5.261338808654839,-0.43050592226740214
FBgn0037697,24,14,5.245218453715211,5.261338808654839,-0.01612035493962871
FBgn0037697,30,15,5.238686078301074,5.261338808654839,-0.022652730353765804
FBgn0037697,36,16,4.101137593831352,5.261338808654839,-1.1602012148234877
FBgn0037697,42,17,5.035905847262098,5.261338808654839,-0.22543296139274105
FBgn0037697,48,18,5.543016993825473,5.261338808654839,0.2816781851706338
FBgn0037697,72,19,5.5255431863209115,5.261338808654839,0.2642043776660721
FBgn0037697,96,20,5.689878602311198,5.261338808654839,0.4285397936563582
FBgn0037697,120,21,5.9376350359233605,5.261338808654839,0.6762962272685211
FBgn0037724,1,2,6.609840267469443,4.44968096100499,2.160159306464453
FBgn0037724,2,3,7.595585481615226,4.44968096100499,3.1459045206102356
FBgn0037724,3,4,7.734751240326275,4.44968096100499,3.2850702793212845
FBgn0037724,4,5,6.53252752686532,4.44968096100499,2.08284656586033
FBgn0037724,5,6,6.500107106232612,4.44968096100499,2.050426145227622
FBgn0037724,6,7,7.7042506303026705,4.44968096100499,3.2545696692976804
FBgn0037724,8,8,7.450689050348748,4.44968096100499,3.001008089343758
FBgn0037724,10,9,6.407137136369959,4.44968096100499,1.9574561753649693
FBgn0037724,12,10,5.426271288018461,4.44968096100499,0.9765903270134713
FBgn0037724,14,11,6.756397615900635,4.44968096100499,2.306716654895645
FBgn0037724,16,12,6.1760114666015475,4.44968096100499,1.7263305055965574
FBgn0037724,20,13,5.877374985207658,4.44968096100499,1.427694024202668
FBgn0037724,24,14,5.505601403982194,4.44968096100499,1.0559204429772038
FBgn0037724,30,15,6.529972908068656,4.44968096100499,2.0802919470636656
FBgn0037724,36,16,6.05487012862632,4.44968096100499,1.6051891676213295
FBgn0037724,42,17,4.798327018911557,4.44968096100499,0.3486460579065671
FBgn0037724,48,18,4.914525369026668,4.44968096100499,0.46484440802167803
FBgn0037724,72,19,5.3491134627157795,4.44968096100499,0.8994325017107894
FBgn0037724,96,20,6.659066593606836,4.44968096100499,2.2093856326018457
FBgn0037724,120,21,6.29778237277641,4.44968096100499,1.8481014117714203
FBgn0037782,1,2,3.603406096368477,3.1717481641333185,0.43165793223515836
FBgn0037782,2,3,3.927307230437797,3.1717481641333185,0.7555590663044787
FBgn0037782,3,4,4.19980775680335,3.1717481641333185,1.028059592670031
FBgn0037782,4,5,3.902696164710107,3.1717481641333185,0.7309480005767885
FBgn0037782,5,6,4.1735221949900625,3.1717481641333185,1.001774030856744
FBgn0037782,6,7,4.135587312099405,3.1717481641333185,0.9638391479660866
FBgn0037782,8,8,4.381162911389048,3.1717481641333185,1.209414747255729
FBgn0037782,10,9,4.680497889474484,3.1717481641333185,1.5087497253411657
FBgn0037782,12,10,4.388407521725954,3.1717481641333185,1.2166593575926354
FBgn0037782,14,11,3.772663389360424,3.1717481641333185,0.6009152252271055
FBgn0037782,16,12,3.4745279177996395,3.1717481641333185,0.30277975366632104
FBgn0037782,20,13,3.2461190118132497,3.1717481641333185,0.07437084767993118
FBgn0037782,24,14,4.358180053809069,3.1717481641333185,1.1864318896757506
FBgn0037782,30,15,4.272733083992989,3.1717481641333185,1.1009849198596706
FBgn0037782,36,16,3.835854246649413,3.1717481641333185,0.6641060825160947
FBgn0037782,42,17,3.328454136692241,3.1717481641333185,0.15670597255892238
FBgn0037782,48,18,4.024225755933849,3.1717481641333185,0.8524775918005307
FBgn0037782,72,19,3.828762639268027,3.1717481641333185,0.6570144751347087
FBgn0037782,96,20,2.6486737218048444,3.1717481641333185,-0.5230744423284741
FBgn0037782,120,21,3.8983452225908097,3.1717481641333185,0.7265970584574912
FBgn0037801,1,2,3.3401363696361566,3.2147724287816306,0.12536394085452596
FBgn0037801,2,3,3.124098694006168,3.2147724287816306,-0.09067373477546248
FBgn0037801,3,4,2.8302881676323812,3.2147724287816306,-0.3844842611492494
FBgn0037801,4,5,2.969096377328931,3.2147724287816306,-0.24567605145269944
FBgn0037801,5,6,3.298176687793319,3.2147724287816306,0.08340425901168835
FBgn0037801,6,7,3.559644936512993,3.2147724287816306,0.34487250773136235
FBgn0037801,8,8,3.476987963507523,3.2147724287816306,0.2622155347258923
FBgn0037801,10,9,4.4299391564575945,3.2147724287816306,1.215166727675964
FBgn0037801,12,10,4.066160405228265,3.2147724287816306,0.8513879764466346
FBgn0037801,14,11,4.00892602431871,3.2147724287816306,0.7941535955370798
FBgn0037801,16,12,3.8679950083332764,3.2147724287816306,0.6532225795516458
FBgn0037801,20,13,3.5195242184810356,3.2147724287816306,0.304751789699405
FBgn0037801,24,14,3.6690928264290052,3.2147724287816306,0.45432039764737464
FBgn0037801,30,15,4.218076006563934,3.2147724287816306,1.0033035777823036
FBgn0037801,36,16,4.292275778284321,3.2147724287816306,1.07750334950269
FBgn0037801,42,17,3.9884191644795024,3.2147724287816306,0.7736467356978718
FBgn0037801,48,18,4.137878841718546,3.2147724287816306,0.9231064129369155
FBgn0037801,72,19,4.604060680306663,3.2147724287816306,1.3892882515250324
FBgn0037801,96,20,5.390998369267086,3.2147724287816306,2.1762259404854554
FBgn0037801,120,21,5.524248217733932,3.2147724287816306,2.3094757889523017
FBgn0037870,1,2,1.5113703754771324,1.552424556190652,-0.04105418071351963
FBgn0037870,2,3,1.7355899868110067,1.552424556190652,0.18316543062035473
FBgn0037870,3,4,2.046788424034322,1.552424556190652,0.49436386784367015
FBgn0037870,4,5,1.622647004290057,1.552424556190652,0.07022244809940492
FBgn0037870,5,6,1.9218395319595019,1.552424556190652,0.36941497576884985
FBgn0037870,6,7,1.7128612950805735,1.552424556190652,0.1604367388899215
FBgn0037870,8,8,1.556043058213644,1.552424556190652,0.003618502022991965
FBgn0037870,10,9,1.9277888109601267,1.552424556190652,0.37536425476947466
FBgn0037870,12,10,1.9972949819560037,1.552424556190652,0.44487042576535174
FBgn0037870,14,11,2.5695614167315988,1.552424556190652,1.0171368605409468
FBgn0037870,16,12,2.2745989154368456,1.552424556190652,0.7221743592461936
FBgn0037870,20,13,2.658278281032226,1.552424556190652,1.105853724841574
FBgn0037870,24,14,2.5438200977910777,1.552424556190652,0.9913955416004256
FBgn0037870,30,15,2.4857511988221432,1.552424556190652,0.9333266426314912
FBgn0037870,36,16,2.4245428050178344,1.552424556190652,0.8721182488271824
FBgn0037870,42,17,2.840404175095446,1.552424556190652,1.287979618904794
FBgn0037870,48,18,2.8851060651116174,1.552424556190652,1.3326815089209654
FBgn0037870,72,19,3.229723979967447,1.552424556190652,1.677299423776795
FBgn0037870,96,20,2.797603894610308,1.552424556190652,1.2451793384196561
FBgn0037870,120,21,3.2395276850443375,1.552424556190652,1.6871031288536855
FBgn0037906,1,2,7.461575093041315,4.581272291565599,2.8803028014757164
FBgn0037906,2,3,6.882604314888571,4.581272291565599,2.3013320233229724
FBgn0037906,3,4,6.054540293318749,4.581272291565599,1.4732680017531505
FBgn0037906,4,5,5.605679400226316,4.581272291565599,1.0244071086607178
FBgn0037906,5,6,5.257639364236519,4.581272291565599,0.6763670726709208
FBgn0037906,6,7,5.265200096694253,4.581272291565599,0.6839278051286541
FBgn0037906,8,8,6.127246984345444,4.581272291565599,1.5459746927798452
FBgn0037906,10,9,6.062389410684727,4.581272291565599,1.4811171191191281
FBgn0037906,12,10,5.799033083875813,4.581272291565599,1.217760792310214
FBgn0037906,14,11,5.017428629187453,4.581272291565599,0.43615633762185446
FBgn0037906,16,12,4.874313763567916,4.581272291565599,0.2930414720023178
FBgn0037906,20,13,5.866497468684422,4.581272291565599,1.2852251771188232
FBgn0037906,24,14,5.558097987083746,4.581272291565599,0.9768256955181478
FBgn0037906,30,15,6.364775358107054,4.581272291565599,1.7835030665414555
FBgn0037906,36,16,5.948118214871318,4.581272291565599,1.3668459233057195
FBgn0037906,42,17,6.286359339202122,4.581272291565599,1.7050870476365239
FBgn0037906,48,18,6.107361856162935,4.581272291565599,1.5260895645973367
FBgn0037906,72,19,6.063464572939743,4.581272291565599,1.4821922813741448
FBgn0037906,96,20,6.0871542322767755,4.581272291565599,1.505881940711177
FBgn0037906,120,21,6.067126133056165,4.581272291565599,1.4858538414905667
FBgn0037973,1,2,6.015267833537402,5.593734467326483,0.4215333662109195
FBgn0037973,2,3,6.045957805998066,5.593734467326483,0.45222333867158326
FBgn0037973,3,4,6.0223878324639,5.593734467326483,0.4286533651374169
FBgn0037973,4,5,5.969934331213457,5.593734467326483,0.37619986388697413
FBgn0037973,5,6,6.105588519506547,5.593734467326483,0.5118540521800643
FBgn0037973,6,7,5.497132180109876,5.593734467326483,-0.0966022872166068
FBgn0037973,8,8,5.438401393519108,5.593734467326483,-0.15533307380737504
FBgn0037973,10,9,5.9632112998366935,5.593734467326483,0.3694768325102107
FBgn0037973,12,10,5.863935509762253,5.593734467326483,0.2702010424357706
FBgn0037973,14,11,5.992999394125828,5.593734467326483,0.39926492679934533
FBgn0037973,16,12,6.003415647340221,5.593734467326483,0.4096811800137381
FBgn0037973,20,13,6.494829927400239,5.593734467326483,0.9010954600737557
FBgn0037973,24,14,6.759510810309619,5.593734467326483,1.1657763429831363
FBgn0037973,30,15,6.858995447609287,5.593734467326483,1.2652609802828039
FBgn0037973,36,16,6.743774143036902,5.593734467326483,1.1500396757104188
FBgn0037973,42,17,6.725471527133099,5.593734467326483,1.1317370598066159
FBgn0037973,48,18,6.987432937624313,5.593734467326483,1.3936984702978306
FBgn0037973,72,19,7.539236316875186,5.593734467326483,1.9455018495487035
FBgn0037973,96,20,7.498672528576481,5.593734467326483,1.9049380612499984
FBgn0037973,120,21,7.803037906735528,5.593734467326483,2.2093034394090454
FBgn0037974,1,2,5.5803970471845235,5.128510324059519,0.45188672312500433
FBgn0037974,2,3,5.862057911668358,5.128510324059519,0.7335475876088386
FBgn0037974,3,4,6.050147844260124,5.128510324059519,0.9216375202006049
FBgn0037974,4,5,6.544555699641566,5.128510324059519,1.4160453755820468
FBgn0037974,5,6,6.013025626035291,5.128510324059519,0.8845153019757719
FBgn0037974,6,7,6.034487926597139,5.128510324059519,0.9059776025376198
FBgn0037974,8,8,5.0511826327533615,5.128510324059519,-0.07732769130615758
FBgn0037974,10,9,5.742631395293101,5.128510324059519,0.6141210712335816
FBgn0037974,12,10,5.635353007593065,5.128510324059519,0.506842683533546
FBgn0037974,14,11,6.247119346639962,5.128510324059519,1.1186090225804426
FBgn0037974,16,12,5.813886941439685,5.128510324059519,0.6853766173801663
FBgn0037974,20,13,5.902674346574969,5.128510324059519,0.7741640225154498
FBgn0037974,24,14,5.850279438691586,5.128510324059519,0.7217691146320666
FBgn0037974,30,15,6.031886887410409,5.128510324059519,0.9033765633508901
FBgn0037974,36,16,6.488085068641794,5.128510324059519,1.3595747445822752
FBgn0037974,42,17,6.303696357033317,5.128510324059519,1.175186032973798
FBgn0037974,48,18,6.262341311041842,5.128510324059519,1.133830986982323
FBgn0037974,72,19,6.840586813352083,5.128510324059519,1.7120764892925635
FBgn0037974,96,20,6.746212194616444,5.128510324059519,1.6177018705569246
FBgn0037974,120,21,7.195917427626421,5.128510324059519,2.067407103566902
FBgn0038082,1,2,4.581891562305868,2.2010351213986272,2.380856440907241
FBgn0038082,2,3,3.901748707321855,2.2010351213986272,1.7007135859232276
FBgn0038082,3,4,3.1173771638840457,2.2010351213986272,0.9163420424854185
FBgn0038082,4,5,3.12754143338388,2.2010351213986272,0.9265063119852526
FBgn0038082,5,6,3.251845821399031,2.2010351213986272,1.0508107000004037
FBgn0038082,6,7,3.050583476157004,2.2010351213986272,0.8495483547583769
FBgn0038082,8,8,2.5926807159850673,2.2010351213986272,0.3916455945864401
FBgn0038082,10,9,3.201073941506287,2.2010351213986272,1.00003882010766
FBgn0038082,12,10,3.578583439117156,2.2010351213986272,1.3775483177185288
FBgn0038082,14,11,4.09466429162662,2.2010351213986272,1.8936291702279924
FBgn0038082,16,12,3.8044498447074853,2.2010351213986272,1.603414723308858
FBgn0038082,20,13,3.3339344216190616,2.2010351213986272,1.1328993002204344
FBgn0038082,24,14,3.79103432173344,2.2010351213986272,1.589999200334813
FBgn0038082,30,15,3.386571979002208,2.2010351213986272,1.185536857603581
FBgn0038082,36,16,3.5799505426878655,2.2010351213986272,1.3789154212892383
FBgn0038082,42,17,3.930590109557122,2.2010351213986272,1.7295549881584948
FBgn0038082,48,18,3.6554796806181273,2.2010351213986272,1.4544445592195
FBgn0038082,72,19,4.0452393797207575,2.2010351213986272,1.8442042583221303
FBgn0038082,96,20,2.907114177422383,2.2010351213986272,0.7060790560237558
FBgn0038082,120,21,3.1769773249172113,2.2010351213986272,0.9759422035185841
FBgn0038095,1,2,1.258346369042473,1.0183229654098769,0.2400234036325961
FBgn0038095,2,3,1.0846062109822512,1.0183229654098769,0.0662832455723743
FBgn0038095,3,4,0.6375185141855932,1.0183229654098769,-0.38080445122428364
FBgn0038095,4,5,1.128419867937646,1.0183229654098769,0.11009690252776916
FBgn0038095,5,6,1.1355579877460191,1.0183229654098769,0.11723502233614225
FBgn0038095,6,7,0.8558956481762428,1.0183229654098769,-0.16242731723363413
FBgn0038095,8,8,1.0235132850049546,1.0183229654098769,0.005190319595077764
FBgn0038095,10,9,0.9497527410622557,1.0183229654098769,-0.06857022434762117
FBgn0038095,12,10,0.910144944706452,1.0183229654098769,-0.10817802070342486
FBgn0038095,14,11,1.1635310185490995,1.0183229654098769,0.14520805313922258
FBgn0038095,16,12,1.1010572324090415,1.0183229654098769,0.08273426699916464
FBgn0038095,20,13,0.9876297450998841,1.0183229654098769,-0.030693220309992775
FBgn0038095,24,14,1.1098007842270374,1.0183229654098769,0.09147781881716055
FBgn0038095,30,15,1.185447137377229,1.0183229654098769,0.1671241719673522
FBgn0038095,36,16,1.3737927406426091,1.0183229654098769,0.35546977523273227
FBgn0038095,42,17,1.0189738066320957,1.0183229654098769,0.000650841222218812
FBgn0038095,48,18,1.086799162384823,1.0183229654098769,0.06847619697494611
FBgn0038095,72,19,1.473214406254343,1.0183229654098769,0.4548914408444662
FBgn0038095,96,20,3.813701737555788,1.0183229654098769,2.795378772145911
FBgn0038095,120,21,2.7062695743575738,1.0183229654098769,1.6879466089476969
FBgn0038098,1,2,4.780962187155268,4.4061428655400885,0.3748193216151794
FBgn0038098,2,3,4.794860731442537,4.4061428655400885,0.38871786590244817
FBgn0038098,3,4,4.413223165153375,4.4061428655400885,0.007080299613286378
FBgn0038098,4,5,3.9062855966871526,4.4061428655400885,-0.4998572688529359
FBgn0038098,5,6,4.202636070900711,4.4061428655400885,-0.20350679463937738
FBgn0038098,6,7,4.531623718588024,4.4061428655400885,0.12548085304793588
FBgn0038098,8,8,4.841694932258497,4.4061428655400885,0.43555206671840807
FBgn0038098,10,9,5.439574857605098,4.4061428655400885,1.03343199206501
FBgn0038098,12,10,5.610971760756066,4.4061428655400885,1.2048288952159778
FBgn0038098,14,11,4.824255500167464,4.4061428655400885,0.41811263462737536
FBgn0038098,16,12,4.376541580391708,4.4061428655400885,-0.029601285148380896
FBgn0038098,20,13,5.015458255615179,4.4061428655400885,0.609315390075091
FBgn0038098,24,14,5.329024306782587,4.4061428655400885,0.9228814412424988
FBgn0038098,30,15,5.667027463908879,4.4061428655400885,1.2608845983687909
FBgn0038098,36,16,5.7474993296342625,4.4061428655400885,1.341356464094174
FBgn0038098,42,17,5.487688235008733,4.4061428655400885,1.0815453694686443
FBgn0038098,48,18,5.504307464687795,4.4061428655400885,1.0981645991477063
FBgn0038098,72,19,6.039827814034281,4.4061428655400885,1.6336849484941922
FBgn0038098,96,20,6.236870091706805,4.4061428655400885,1.830727226166717
FBgn0038098,120,21,6.1631030093179415,4.4061428655400885,1.756960143777853
FBgn0038135,1,2,4.23985569368862,4.424183542709203,-0.1843278490205833
FBgn0038135,2,3,4.5283155867625755,4.424183542709203,0.1041320440533724
FBgn0038135,3,4,4.258099079168197,4.424183542709203,-0.16608446354100614
FBgn0038135,4,5,4.384860529347309,4.424183542709203,-0.039323013361894255
FBgn0038135,5,6,4.440814166950814,4.424183542709203,0.016630624241610548
FBgn0038135,6,7,4.845046490340376,4.424183542709203,0.42086294763117316
FBgn0038135,8,8,4.8373757211384065,4.424183542709203,0.4131921784292034
FBgn0038135,10,9,5.3701189544568795,4.424183542709203,0.9459354117476764
FBgn0038135,12,10,5.135641305122267,4.424183542709203,0.7114577624130636
FBgn0038135,14,11,4.7761952297214005,4.424183542709203,0.3520116870121974
FBgn0038135,16,12,4.687346104483782,4.424183542709203,0.2631625617745792
FBgn0038135,20,13,5.187172596591031,4.424183542709203,0.762989053881828
FBgn0038135,24,14,5.689210484544525,4.424183542709203,1.2650269418353215
FBgn0038135,30,15,5.423175712732588,4.424183542709203,0.998992170023385
FBgn0038135,36,16,5.338953009122845,4.424183542709203,0.9147694664136417
FBgn0038135,42,17,5.206761691680988,4.424183542709203,0.7825781489717851
FBgn0038135,48,18,5.603676827364303,4.424183542709203,1.1794932846551003
FBgn0038135,72,19,5.743643293474133,4.424183542709203,1.3194597507649295
FBgn0038135,96,20,5.433173177931107,4.424183542709203,1.008989635221904
FBgn0038135,120,21,5.659225996701583,4.424183542709203,1.2350424539923797
FBgn0038160,1,2,1.6479080107483663,1.8959789399766418,-0.24807092922827545
FBgn0038160,2,3,1.948129017872739,1.8959789399766418,0.05215007789609727
FBgn0038160,3,4,1.9744546492700437,1.8959789399766418,0.07847570929340186
FBgn0038160,4,5,2.2811649976601895,1.8959789399766418,0.38518605768354774
FBgn0038160,5,6,2.506181954467753,1.8959789399766418,0.6102030144911113
FBgn0038160,6,7,2.3002394466151532,1.8959789399766418,0.40426050663851143
FBgn0038160,8,8,2.3049729424731256,1.8959789399766418,0.40899400249648377
FBgn0038160,10,9,2.6643276621936773,1.8959789399766418,0.7683487222170355
FBgn0038160,12,10,2.033585400652724,1.8959789399766418,0.13760646067608207
FBgn0038160,14,11,2.3915773952100707,1.8959789399766418,0.49559845523342894
FBgn0038160,16,12,2.3148552547826915,1.8959789399766418,0.4188763148060497
FBgn0038160,20,13,3.165090265894113,1.8959789399766418,1.2691113259174713
FBgn0038160,24,14,2.3240143291042257,1.8959789399766418,0.4280353891275839
FBgn0038160,30,15,3.1719688669428514,1.8959789399766418,1.2759899269662096
FBgn0038160,36,16,2.633379678834369,1.8959789399766418,0.7374007388577271
FBgn0038160,42,17,2.868448269311009,1.8959789399766418,0.9724693293343671
FBgn0038160,48,18,3.007773583598511,1.8959789399766418,1.1117946436218693
FBgn0038160,72,19,3.305295473189781,1.8959789399766418,1.409316533213139
FBgn0038160,96,20,3.9046973363106634,1.8959789399766418,2.0087183963340216
FBgn0038160,120,21,4.334758209188754,1.8959789399766418,2.4387792692121124
FBgn0038172,1,2,5.609303293657348,5.3970709830651575,0.2122323105921904
FBgn0038172,2,3,5.411498436951025,5.3970709830651575,0.014427453885867081
FBgn0038172,3,4,4.8189989452343935,5.3970709830651575,-0.578072037830764
FBgn0038172,4,5,4.926844005067942,5.3970709830651575,-0.4702269779972159
FBgn0038172,5,6,4.9954204891975245,5.3970709830651575,-0.4016504938676331
FBgn0038172,6,7,4.820576776174558,5.3970709830651575,-0.5764942068905992
FBgn0038172,8,8,4.87927643280706,5.3970709830651575,-0.5177945502580972
FBgn0038172,10,9,5.460134857784913,5.3970709830651575,0.06306387471975583
FBgn0038172,12,10,5.4140547378664845,5.3970709830651575,0.016983754801326967
FBgn0038172,14,11,5.570988291161349,5.3970709830651575,0.17391730809619155
FBgn0038172,16,12,5.82802475941083,5.3970709830651575,0.4309537763456728
FBgn0038172,20,13,6.085699273920706,5.3970709830651575,0.6886282908555481
FBgn0038172,24,14,5.8595509046913055,5.3970709830651575,0.4624799216261479
FBgn0038172,30,15,6.003188971319721,5.3970709830651575,0.6061179882545638
FBgn0038172,36,16,5.772903530589217,5.3970709830651575,0.3758325475240598
FBgn0038172,42,17,6.0150907303654595,5.3970709830651575,0.618019747300302
FBgn0038172,48,18,6.210290338447241,5.3970709830651575,0.8132193553820839
FBgn0038172,72,19,6.2306649691558516,5.3970709830651575,0.833593986090694
FBgn0038172,96,20,6.49831450425774,5.3970709830651575,1.1012435211925826
FBgn0038172,120,21,6.403108954539347,5.3970709830651575,1.0060379714741892
FBgn0038214,1,2,1.823049642252959,1.704823092555488,0.11822654969747104
FBgn0038214,2,3,2.180044779703462,1.704823092555488,0.47522168714797397
FBgn0038214,3,4,2.9576992851675445,1.704823092555488,1.2528761926120566
FBgn0038214,4,5,2.8645537319019825,1.704823092555488,1.1597306393464946
FBgn0038214,5,6,3.4235588050929926,1.704823092555488,1.7187357125375047
FBgn0038214,6,7,3.405033094543942,1.704823092555488,1.700210001988454
FBgn0038214,8,8,3.4117432777570373,1.704823092555488,1.7069201852015494
FBgn0038214,10,9,3.165660611212169,1.704823092555488,1.4608375186566809
FBgn0038214,12,10,2.6377091642953605,1.704823092555488,0.9328860717398726
FBgn0038214,14,11,2.633950965649573,1.704823092555488,0.9291278730940853
FBgn0038214,16,12,2.378238831693803,1.704823092555488,0.6734157391383149
FBgn0038214,20,13,2.3618194290830785,1.704823092555488,0.6569963365275906
FBgn0038214,24,14,1.8042792501448295,1.704823092555488,0.09945615758934157
FBgn0038214,30,15,2.9121657703834716,1.704823092555488,1.2073426778279837
FBgn0038214,36,16,1.7603952910853895,1.704823092555488,0.055572198529901584
FBgn0038214,42,17,2.5473611494314015,1.704823092555488,0.8425380568759135
FBgn0038214,48,18,1.8903580117516472,1.704823092555488,0.18553491919615928
FBgn0038214,72,19,2.146836633855844,1.704823092555488,0.44201354130035586
FBgn0038214,96,20,2.1308565336006087,1.704823092555488,0.42603344104512075
FBgn0038214,120,21,2.1930037677294703,1.704823092555488,0.48818067517398234
FBgn0038236,1,2,6.179239242713985,6.065343491999808,0.11389575071417646
FBgn0038236,2,3,6.1596679229302165,6.065343491999808,0.0943244309304081
FBgn0038236,3,4,6.296257263246824,6.065343491999808,0.23091377124701573
FBgn0038236,4,5,6.659418881206744,6.065343491999808,0.5940753892069353
FBgn0038236,5,6,7.058427861781188,6.065343491999808,0.9930843697813794
FBgn0038236,6,7,7.064299118697216,6.065343491999808,0.9989556266974073
FBgn0038236,8,8,7.249958370416437,6.065343491999808,1.184614878416629
FBgn0038236,10,9,7.668900592559449,6.065343491999808,1.603557100559641
FBgn0038236,12,10,7.606603457053685,6.065343491999808,1.541259965053877
FBgn0038236,14,11,7.619717891899844,6.065343491999808,1.554374399900036
FBgn0038236,16,12,7.606088052659994,6.065343491999808,1.540744560660186
FBgn0038236,20,13,7.117885263053882,6.065343491999808,1.0525417710540736
FBgn0038236,24,14,6.456498875917992,6.065343491999808,0.39115538391818383
FBgn0038236,30,15,7.299635245498685,6.065343491999808,1.2342917534988764
FBgn0038236,36,16,7.409421345445908,6.065343491999808,1.3440778534461
FBgn0038236,42,17,7.355213430611593,6.065343491999808,1.2898699386117842
FBgn0038236,48,18,6.023543394700088,6.065343491999808,-0.04180009729972056
FBgn0038236,72,19,6.463999860056226,6.065343491999808,0.39865636805641724
FBgn0038236,96,20,6.047664876717677,6.065343491999808,-0.017678615282131105
FBgn0038236,120,21,6.392090066921158,6.065343491999808,0.3267465749213496
FBgn0038257,1,2,8.419851400094487,8.445065053940326,-0.025213653845838735
FBgn0038257,2,3,8.029657090329568,8.445065053940326,-0.4154079636107575
FBgn0038257,3,4,7.726516650568302,8.445065053940326,-0.718548403372024
FBgn0038257,4,5,7.721048117480381,8.445065053940326,-0.7240169364599449
FBgn0038257,5,6,7.942074603206439,8.445065053940326,-0.5029904507338863
FBgn0038257,6,7,7.033910096213408,8.445065053940326,-1.411154957726918
FBgn0038257,8,8,7.406418780549941,8.445065053940326,-1.038646273390385
FBgn0038257,10,9,8.163664523149054,8.445065053940326,-0.2814005307912719
FBgn0038257,12,10,8.166181574018253,8.445065053940326,-0.2788834799220723
FBgn0038257,14,11,8.060800122948056,8.445065053940326,-0.3842649309922699
FBgn0038257,16,12,7.99117710924402,8.445065053940326,-0.453887944696306
FBgn0038257,20,13,8.52072646364934,8.445065053940326,0.07566140970901358
FBgn0038257,24,14,9.312918253380914,8.445065053940326,0.8678531994405887
FBgn0038257,30,15,9.196376217409915,8.445065053940326,0.7513111634695893
FBgn0038257,36,16,9.078974280003958,8.445065053940326,0.6339092260636328
FBgn0038257,42,17,9.089084499521697,8.445065053940326,0.644019445581371
FBgn0038257,48,18,9.386067768091035,8.445065053940326,0.9410027141507094
FBgn0038257,72,19,9.949763201829397,8.445065053940326,1.504698147889071
FBgn0038257,96,20,9.499171685004592,8.445065053940326,1.0541066310642666
FBgn0038257,120,21,10.143232991111608,8.445065053940326,1.6981679371712826
FBgn0038290,1,2,2.2852790631547304,2.7460445695071853,-0.46076550635245495
FBgn0038290,2,3,2.1719529603898007,2.7460445695071853,-0.5740916091173847
FBgn0038290,3,4,1.5457321439527822,2.7460445695071853,-1.200312425554403
FBgn0038290,4,5,1.2990480119970247,2.7460445695071853,-1.4469965575101607
FBgn0038290,5,6,1.6950843245039255,2.7460445695071853,-1.0509602450032598
FBgn0038290,6,7,1.570551884332719,2.7460445695071853,-1.1754926851744663
FBgn0038290,8,8,2.0680779221082815,2.7460445695071853,-0.6779666473989039
FBgn0038290,10,9,2.7164117208938006,2.7460445695071853,-0.029632848613384777
FBgn0038290,12,10,2.9802515648047945,2.7460445695071853,0.23420699529760913
FBgn0038290,14,11,3.21711309563457,2.7460445695071853,0.4710685261273846
FBgn0038290,16,12,3.2398960609158696,2.7460445695071853,0.49385149140868423
FBgn0038290,20,13,3.2160930916879593,2.7460445695071853,0.470048522180774
FBgn0038290,24,14,3.0118528023844444,2.7460445695071853,0.2658082328772591
FBgn0038290,30,15,3.3866607510763687,2.7460445695071853,0.6406161815691833
FBgn0038290,36,16,3.2044621135538174,2.7460445695071853,0.45841754404663204
FBgn0038290,42,17,3.4683766979610016,2.7460445695071853,0.7223321284538162
FBgn0038290,48,18,2.727183068625374,2.7460445695071853,-0.018861500881811377
FBgn0038290,72,19,2.533071040624174,2.7460445695071853,-0.21297352888301146
FBgn0038290,96,20,3.7515579608199636,2.7460445695071853,1.0055133913127783
FBgn0038290,120,21,3.493633348117792,2.7460445695071853,0.7475887786106066
FBgn0038292,1,2,4.5827589611474355,4.093654990750014,0.48910397039742115
FBgn0038292,2,3,4.807832837759207,4.093654990750014,0.7141778470091928
FBgn0038292,3,4,4.314126353426847,4.093654990750014,0.22047136267683243
FBgn0038292,4,5,4.349868100191516,4.093654990750014,0.2562131094415019
FBgn0038292,5,6,4.277654796319349,4.093654990750014,0.18399980556933482
FBgn0038292,6,7,4.658204659370649,4.093654990750014,0.5645496686206348
FBgn0038292,8,8,4.17279633036547,4.093654990750014,0.07914133961545566
FBgn0038292,10,9,4.415309211973685,4.093654990750014,0.32165422122367104
FBgn0038292,12,10,4.7424034384121185,4.093654990750014,0.6487484476621042
FBgn0038292,14,11,4.639963587630913,4.093654990750014,0.5463085968808983
FBgn0038292,16,12,4.225541040155871,4.093654990750014,0.1318860494058569
FBgn0038292,20,13,5.031577989820182,4.093654990750014,0.9379229990701674
FBgn0038292,24,14,4.962061903734036,4.093654990750014,0.868406912984022
FBgn0038292,30,15,4.897518672372215,4.093654990750014,0.8038636816222002
FBgn0038292,36,16,5.170236036656597,4.093654990750014,1.0765810459065825
FBgn0038292,42,17,5.107362671439933,4.093654990750014,1.0137076806899188
FBgn0038292,48,18,5.02217454765053,4.093654990750014,0.9285195569005156
FBgn0038292,72,19,5.166916989796798,4.093654990750014,1.0732619990467835
FBgn0038292,96,20,6.85775154150349,4.093654990750014,2.764096550753476
FBgn0038292,120,21,6.469371774184351,4.093654990750014,2.3757167834343367
FBgn0038299,1,2,4.933707915714228,4.026952056528615,0.9067558591856129
FBgn0038299,2,3,5.596479019525201,4.026952056528615,1.5695269629965862
FBgn0038299,3,4,5.823128287000222,4.026952056528615,1.7961762304716071
FBgn0038299,4,5,6.229055565214215,4.026952056528615,2.2021035086855996
FBgn0038299,5,6,6.183435762739842,4.026952056528615,2.156483706211227
FBgn0038299,6,7,6.722029516605113,4.026952056528615,2.695077460076498
FBgn0038299,8,8,6.499625321854836,4.026952056528615,2.472673265326221
FBgn0038299,10,9,6.171996143216187,4.026952056528615,2.145044086687572
FBgn0038299,12,10,5.7099388108757,4.026952056528615,1.682986754347085
FBgn0038299,14,11,5.679670906699901,4.026952056528615,1.6527188501712855
FBgn0038299,16,12,5.74818657629343,4.026952056528615,1.7212345197648151
FBgn0038299,20,13,5.775275885402042,4.026952056528615,1.7483238288734269
FBgn0038299,24,14,4.807256430250533,4.026952056528615,0.7803043737219175
FBgn0038299,30,15,6.323974511860278,4.026952056528615,2.297022455331663
FBgn0038299,36,16,5.194291222870333,4.026952056528615,1.1673391663417174
FBgn0038299,42,17,5.856004574439691,4.026952056528615,1.8290525179110757
FBgn0038299,48,18,5.026649945293945,4.026952056528615,0.9996978887653301
FBgn0038299,72,19,5.604155507874102,4.026952056528615,1.5772034513454871
FBgn0038299,96,20,6.278918486493496,4.026952056528615,2.251966429964881
FBgn0038299,120,21,5.591479065170542,4.026952056528615,1.5645270086419272
FBgn0038449,1,2,5.740622553996321,5.8365520715336885,-0.09592951753736756
FBgn0038449,2,3,5.954576580615301,5.8365520715336885,0.11802450908161255
FBgn0038449,3,4,5.695348496759601,5.8365520715336885,-0.14120357477408785
FBgn0038449,4,5,5.807496825205702,5.8365520715336885,-0.029055246327986062
FBgn0038449,5,6,5.898067875357883,5.8365520715336885,0.06151580382419475
FBgn0038449,6,7,6.187585401494488,5.8365520715336885,0.3510333299607993
FBgn0038449,8,8,6.023485662480865,5.8365520715336885,0.18693359094717632
FBgn0038449,10,9,5.527312582510407,5.8365520715336885,-0.30923948902328124
FBgn0038449,12,10,4.801422457548666,5.8365520715336885,-1.0351296139850223
FBgn0038449,14,11,4.191761366936209,5.8365520715336885,-1.6447907045974794
FBgn0038449,16,12,4.009953832573103,5.8365520715336885,-1.8265982389605853
FBgn0038449,20,13,4.5620614393643395,5.8365520715336885,-1.274490632169349
FBgn0038449,24,14,6.4285162412250925,5.8365520715336885,0.591964169691404
FBgn0038449,30,15,6.13884403153382,5.8365520715336885,0.30229196000013125
FBgn0038449,36,16,4.3528030272221905,5.8365520715336885,-1.483749044311498
FBgn0038449,42,17,4.2303262306596245,5.8365520715336885,-1.606225840874064
FBgn0038449,48,18,6.311908182121814,5.8365520715336885,0.4753561105881259
FBgn0038449,72,19,6.316705375419531,5.8365520715336885,0.4801533038858423
FBgn0038449,96,20,6.162918931167605,5.8365520715336885,0.3263668596339162
FBgn0038449,120,21,6.450398146532388,5.8365520715336885,0.6138460749986994
FBgn0038450,1,2,7.3477077171973,7.403751375115691,-0.05604365791839072
FBgn0038450,2,3,7.485276868347016,7.403751375115691,0.08152549323132519
FBgn0038450,3,4,7.665367367645976,7.403751375115691,0.26161599253028456
FBgn0038450,4,5,7.709510403172921,7.403751375115691,0.30575902805722954
FBgn0038450,5,6,7.884838335780847,7.403751375115691,0.48108696066515577
FBgn0038450,6,7,7.913033888361978,7.403751375115691,0.509282513246287
FBgn0038450,8,8,7.529631523123003,7.403751375115691,0.12588014800731173
FBgn0038450,10,9,6.776705003397161,7.403751375115691,-0.6270463717185297
FBgn0038450,12,10,6.066844242843953,7.403751375115691,-1.3369071322717385
FBgn0038450,14,11,5.814623365364073,7.403751375115691,-1.5891280097516178
FBgn0038450,16,12,5.5672083990554695,7.403751375115691,-1.8365429760602217
FBgn0038450,20,13,6.161402035038591,7.403751375115691,-1.2423493400770997
FBgn0038450,24,14,8.133762320115224,7.403751375115691,0.7300109449995329
FBgn0038450,30,15,8.200579901452732,7.403751375115691,0.7968285263370412
FBgn0038450,36,16,6.0906223324663165,7.403751375115691,-1.3131290426493747
FBgn0038450,42,17,5.897723036930907,7.403751375115691,-1.5060283381847839
FBgn0038450,48,18,7.626350988310856,7.403751375115691,0.22259961319516464
FBgn0038450,72,19,8.046433163894182,7.403751375115691,0.642681788778491
FBgn0038450,96,20,7.837871328906713,7.403751375115691,0.4341199537910221
FBgn0038450,120,21,8.19369191450156,7.403751375115691,0.789940539385869
FBgn0038451,1,2,3.5386977240875286,3.117313871886237,0.4213838522012914
FBgn0038451,2,3,4.166671437451161,3.117313871886237,1.0493575655649234
FBgn0038451,3,4,5.327261406615394,3.117313871886237,2.2099475347291566
FBgn0038451,4,5,4.883995444997174,3.117313871886237,1.7666815731109367
FBgn0038451,5,6,3.905202158588714,3.117313871886237,0.7878882867024766
FBgn0038451,6,7,3.58529521861309,3.117313871886237,0.467981346726853
FBgn0038451,8,8,2.8605710068413477,3.117313871886237,-0.2567428650448895
FBgn0038451,10,9,3.626410057425284,3.117313871886237,0.5090961855390468
FBgn0038451,12,10,6.061156326735455,3.117313871886237,2.943842454849218
FBgn0038451,14,11,5.671021666769724,3.117313871886237,2.553707794883487
FBgn0038451,16,12,3.90346483204511,3.117313871886237,0.786150960158873
FBgn0038451,20,13,2.972120300979579,3.117313871886237,-0.1451935709066583
FBgn0038451,24,14,3.4219488922956725,3.117313871886237,0.30463502040943524
FBgn0038451,30,15,3.2588363807506933,3.117313871886237,0.14152250886445605
FBgn0038451,36,16,6.072195248686528,3.117313871886237,2.954881376800291
FBgn0038451,42,17,3.2448614790359063,3.117313871886237,0.12754760714966906
FBgn0038451,48,18,3.4307203059232965,3.117313871886237,0.31340643403705926
FBgn0038451,72,19,3.364003978861006,3.117313871886237,0.24669010697476867
FBgn0038451,96,20,3.090801812455374,3.117313871886237,-0.02651205943086321
FBgn0038451,120,21,3.1300789268369726,3.117313871886237,0.012765054950735433
FBgn0038463,1,2,5.676199012785338,5.862051480172045,-0.1858524673867077
FBgn0038463,2,3,5.258464207866672,5.862051480172045,-0.603587272305373
FBgn0038463,3,4,4.966140973414366,5.862051480172045,-0.8959105067576791
FBgn0038463,4,5,4.956356807104174,5.862051480172045,-0.9056946730678712
FBgn0038463,5,6,4.8802357564476,5.862051480172045,-0.9818157237244449
FBgn0038463,6,7,4.860653093262844,5.862051480172045,-1.0013983869092016
FBgn0038463,8,8,4.933394136362862,5.862051480172045,-0.9286573438091832
FBgn0038463,10,9,5.299851198579478,5.862051480172045,-0.5622002815925677
FBgn0038463,12,10,5.3260731693346095,5.862051480172045,-0.5359783108374359
FBgn0038463,14,11,5.240454227006637,5.862051480172045,-0.6215972531654081
FBgn0038463,16,12,5.211556272908924,5.862051480172045,-0.6504952072631216
FBgn0038463,20,13,5.537969543295217,5.862051480172045,-0.3240819368768282
FBgn0038463,24,14,5.942625457810735,5.862051480172045,0.08057397763868934
FBgn0038463,30,15,6.079923482812752,5.862051480172045,0.21787200264070705
FBgn0038463,36,16,5.805022933383751,5.862051480172045,-0.0570285467882945
FBgn0038463,42,17,6.016080403368919,5.862051480172045,0.1540289231968739
FBgn0038463,48,18,6.056429244252884,5.862051480172045,0.19437776408083884
FBgn0038463,72,19,6.476789632825745,5.862051480172045,0.6147381526536995
FBgn0038463,96,20,6.430909310760713,5.862051480172045,0.5688578305886676
FBgn0038463,120,21,6.686686570501026,5.862051480172045,0.8246350903289805
FBgn0038530,1,2,3.2584750370749607,1.09705336606096,2.1614216710140006
FBgn0038530,2,3,3.6938627784756854,1.09705336606096,2.5968094124147254
FBgn0038530,3,4,4.018334546184946,1.09705336606096,2.9212811801239855
FBgn0038530,4,5,4.136214703174423,1.09705336606096,3.0391613371134634
FBgn0038530,5,6,3.871981296786895,1.09705336606096,2.774927930725935
FBgn0038530,6,7,3.811110648987076,1.09705336606096,2.714057282926116
FBgn0038530,8,8,3.478781412872231,1.09705336606096,2.381728046811271
FBgn0038530,10,9,4.89627000825745,1.09705336606096,3.79921664219649
FBgn0038530,12,10,3.832646567294837,1.09705336606096,2.735593201233877
FBgn0038530,14,11,5.127243564046256,1.09705336606096,4.030190197985296
FBgn0038530,16,12,4.159091433269298,1.09705336606096,3.062038067208338
FBgn0038530,20,13,4.4577659047830736,1.09705336606096,3.3607125387221135
FBgn0038530,24,14,1.9562570278487832,1.09705336606096,0.8592036617878231
FBgn0038530,30,15,5.163999100427871,1.09705336606096,4.066945734366911
FBgn0038530,36,16,3.6220057860108623,1.09705336606096,2.5249524199499023
FBgn0038530,42,17,4.172910689332833,1.09705336606096,3.0758573232718733
FBgn0038530,48,18,3.9876300236393414,1.09705336606096,2.8905766575783813
FBgn0038530,72,19,3.6556563708263257,1.09705336606096,2.5586030047653656
FBgn0038530,96,20,4.7579044284155945,1.09705336606096,3.6608510623546344
FBgn0038530,120,21,3.7767826568590657,1.09705336606096,2.6797292907981056
FBgn0038701,1,2,7.4947257754985905,8.361896089609502,-0.8671703141109113
FBgn0038701,2,3,7.269112894098221,8.361896089609502,-1.0927831955112808
FBgn0038701,3,4,6.920313088533538,8.361896089609502,-1.4415830010759638
FBgn0038701,4,5,6.575401155238452,8.361896089609502,-1.7864949343710501
FBgn0038701,5,6,6.760254241448557,8.361896089609502,-1.601641848160945
FBgn0038701,6,7,6.527169076552731,8.361896089609502,-1.8347270130567708
FBgn0038701,8,8,6.75638998817719,8.361896089609502,-1.6055061014323115
FBgn0038701,10,9,7.062782717943445,8.361896089609502,-1.2991133716660572
FBgn0038701,12,10,6.80212865417621,8.361896089609502,-1.559767435433292
FBgn0038701,14,11,6.1218120802937985,8.361896089609502,-2.2400840093157033
FBgn0038701,16,12,6.2801360840667,8.361896089609502,-2.081760005542802
FBgn0038701,20,13,8.056820926672835,8.361896089609502,-0.30507516293666725
FBgn0038701,24,14,8.129309634863542,8.361896089609502,-0.23258645474595951
FBgn0038701,30,15,6.994807714166109,8.361896089609502,-1.3670883754433927
FBgn0038701,36,16,6.8361229626508955,8.361896089609502,-1.5257731269586063
FBgn0038701,42,17,7.939659141097311,8.361896089609502,-0.4222369485121904
FBgn0038701,48,18,8.208668156074221,8.361896089609502,-0.15322793353528041
FBgn0038701,72,19,7.93856837876026,8.361896089609502,-0.42332771084924214
FBgn0038701,96,20,8.315071238918573,8.361896089609502,-0.046824850690928344
FBgn0038701,120,21,8.311186620494253,8.361896089609502,-0.050709469115249206
FBgn0038702,1,2,7.236869331933326,8.863946375036875,-1.627077043103549
FBgn0038702,2,3,6.929817271283682,8.863946375036875,-1.9341291037531931
FBgn0038702,3,4,6.245293234582622,8.863946375036875,-2.618653140454253
FBgn0038702,4,5,6.5439069610750185,8.863946375036875,-2.3200394139618563
FBgn0038702,5,6,7.2097905940950415,8.863946375036875,-1.6541557809418332
FBgn0038702,6,7,7.280629687603726,8.863946375036875,-1.5833166874331486
FBgn0038702,8,8,8.137340903913092,8.863946375036875,-0.7266054711237828
FBgn0038702,10,9,8.480240576961794,8.863946375036875,-0.38370579807508065
FBgn0038702,12,10,7.711533964331226,8.863946375036875,-1.152412410705649
FBgn0038702,14,11,8.07564862610861,8.863946375036875,-0.7882977489282652
FBgn0038702,16,12,9.006799711991496,8.863946375036875,0.1428533369546212
FBgn0038702,20,13,10.267192703662538,8.863946375036875,1.403246328625663
FBgn0038702,24,14,8.316584365902672,8.863946375036875,-0.5473620091342024
FBgn0038702,30,15,8.14103180974589,8.863946375036875,-0.722914565290985
FBgn0038702,36,16,8.410537517101002,8.863946375036875,-0.45340885793587304
FBgn0038702,42,17,10.48045950403667,8.863946375036875,1.6165131289997952
FBgn0038702,48,18,9.317369398671744,8.863946375036875,0.4534230236348691
FBgn0038702,72,19,9.001588507547913,8.863946375036875,0.13764213251103818
FBgn0038702,96,20,8.296829865313182,8.863946375036875,-0.567116509723693
FBgn0038702,120,21,8.691532010195345,8.863946375036875,-0.17241436484152928
FBgn0038717,1,2,4.131912823031721,3.508759463108527,0.6231533599231938
FBgn0038717,2,3,4.685622618378034,3.508759463108527,1.1768631552695066
FBgn0038717,3,4,4.7955736874752075,3.508759463108527,1.2868142243666805
FBgn0038717,4,5,4.513510486736436,3.508759463108527,1.0047510236279091
FBgn0038717,5,6,4.508574931986894,3.508759463108527,0.9998154688783671
FBgn0038717,6,7,4.44984137174438,3.508759463108527,0.9410819086358533
FBgn0038717,8,8,4.286652144284347,3.508759463108527,0.7778926811758202
FBgn0038717,10,9,4.387087664817315,3.508759463108527,0.8783282017087881
FBgn0038717,12,10,4.538612359305345,3.508759463108527,1.029852896196818
FBgn0038717,14,11,4.270832861806141,3.508759463108527,0.7620733986976136
FBgn0038717,16,12,3.4938454226943136,3.508759463108527,-0.014914040414213403
FBgn0038717,20,13,2.544730289368191,3.508759463108527,-0.9640291737403359
FBgn0038717,24,14,3.897014440324046,3.508759463108527,0.38825497721551905
FBgn0038717,30,15,4.080563393743431,3.508759463108527,0.5718039306349043
FBgn0038717,36,16,4.059913658344593,3.508759463108527,0.5511541952360659
FBgn0038717,42,17,2.667953804066001,3.508759463108527,-0.8408056590425259
FBgn0038717,48,18,3.4708582587203605,3.508759463108527,-0.037901204388166576
FBgn0038717,72,19,3.6430072676893426,3.508759463108527,0.13424780458081553
FBgn0038717,96,20,3.065642939620738,3.508759463108527,-0.44311652348778896
FBgn0038717,120,21,3.620199929559319,3.508759463108527,0.11144046645079175
FBgn0038718,1,2,6.812245130188247,5.856764210555283,0.9554809196329641
FBgn0038718,2,3,7.1955930047966685,5.856764210555283,1.338828794241386
FBgn0038718,3,4,7.385346366494945,5.856764210555283,1.5285821559396622
FBgn0038718,4,5,7.046094365307074,5.856764210555283,1.189330154751791
FBgn0038718,5,6,6.949146507555682,5.856764210555283,1.0923822970003991
FBgn0038718,6,7,7.174173390950819,5.856764210555283,1.3174091803955363
FBgn0038718,8,8,6.700624143960853,5.856764210555283,0.8438599334055708
FBgn0038718,10,9,6.867079428557279,5.856764210555283,1.0103152180019963
FBgn0038718,12,10,6.950468471282452,5.856764210555283,1.0937042607271694
FBgn0038718,14,11,6.728202205432249,5.856764210555283,0.8714379948769659
FBgn0038718,16,12,5.486330498511229,5.856764210555283,-0.3704337120440533
FBgn0038718,20,13,3.84604151374036,5.856764210555283,-2.0107226968149225
FBgn0038718,24,14,6.339772053996835,5.856764210555283,0.4830078434415528
FBgn0038718,30,15,6.628760235333497,5.856764210555283,0.7719960247782147
FBgn0038718,36,16,6.7495050424419265,5.856764210555283,0.8927408318866439
FBgn0038718,42,17,4.4021927523564095,5.856764210555283,-1.4545714581988731
FBgn0038718,48,18,5.957472148776546,5.856764210555283,0.10070793822126323
FBgn0038718,72,19,6.292882745585139,5.856764210555283,0.4361185350298564
FBgn0038718,96,20,5.566333149631948,5.856764210555283,-0.2904310609233347
FBgn0038718,120,21,6.271178064797333,5.856764210555283,0.41441385424205013
FBgn0038719,1,2,7.313242500570865,6.7906029632404525,0.522639537330412
FBgn0038719,2,3,7.360847017703557,6.7906029632404525,0.5702440544631049
FBgn0038719,3,4,7.787489936976976,6.7906029632404525,0.9968869737365234
FBgn0038719,4,5,6.793563776834722,6.7906029632404525,0.0029608135942691405
FBgn0038719,5,6,6.51049954309191,6.7906029632404525,-0.28010342014854217
FBgn0038719,6,7,6.638359416953978,6.7906029632404525,-0.15224354628647419
FBgn0038719,8,8,6.416024376175473,6.7906029632404525,-0.3745785870649794
FBgn0038719,10,9,6.503553393089536,6.7906029632404525,-0.28704957015091637
FBgn0038719,12,10,6.706969039649043,6.7906029632404525,-0.08363392359140942
FBgn0038719,14,11,6.1327700680732296,6.7906029632404525,-0.657832895167223
FBgn0038719,16,12,4.987412008358953,6.7906029632404525,-1.8031909548815
FBgn0038719,20,13,4.137967560963776,6.7906029632404525,-2.652635402276677
FBgn0038719,24,14,7.465795399158145,6.7906029632404525,0.6751924359176922
FBgn0038719,30,15,7.300022965640446,6.7906029632404525,0.5094200023999935
FBgn0038719,36,16,7.566830327930039,6.7906029632404525,0.7762273646895865
FBgn0038719,42,17,4.748390057366883,6.7906029632404525,-2.042212905873569
FBgn0038719,48,18,7.781298234363371,6.7906029632404525,0.9906952711229184
FBgn0038719,72,19,7.9359798001088,6.7906029632404525,1.1453768368683477
FBgn0038719,96,20,7.451775290958798,6.7906029632404525,0.6611723277183454
FBgn0038719,120,21,8.077106234269575,6.7906029632404525,1.2865032710291224
FBgn0038733,1,2,5.388151763501537,5.970948183193324,-0.5827964196917872
FBgn0038733,2,3,5.224802578109218,5.970948183193324,-0.7461456050841067
FBgn0038733,3,4,5.147728662967954,5.970948183193324,-0.8232195202253703
FBgn0038733,4,5,5.253663452422596,5.970948183193324,-0.7172847307707286
FBgn0038733,5,6,5.424495232802466,5.970948183193324,-0.5464529503908588
FBgn0038733,6,7,5.153172654681201,5.970948183193324,-0.8177755285121231
FBgn0038733,8,8,4.866049910198854,5.970948183193324,-1.10489827299447
FBgn0038733,10,9,4.640532282816988,5.970948183193324,-1.3304159003763365
FBgn0038733,12,10,4.338370326977436,5.970948183193324,-1.6325778562158888
FBgn0038733,14,11,4.24943212417941,5.970948183193324,-1.721516059013914
FBgn0038733,16,12,5.649757040849077,5.970948183193324,-0.3211911423442473
FBgn0038733,20,13,7.1856904535920485,5.970948183193324,1.214742270398724
FBgn0038733,24,14,6.021133136311023,5.970948183193324,0.05018495311769833
FBgn0038733,30,15,5.7906999323783195,5.970948183193324,-0.18024825081500495
FBgn0038733,36,16,4.517924377982007,5.970948183193324,-1.4530238052113171
FBgn0038733,42,17,7.5442986536076635,5.970948183193324,1.573350470414339
FBgn0038733,48,18,6.017857961736102,5.970948183193324,0.046909778542777225
FBgn0038733,72,19,6.088129126989868,5.970948183193324,0.11718094379654342
FBgn0038733,96,20,5.957038918864859,5.970948183193324,-0.013909264328465731
FBgn0038733,120,21,6.125922498185032,5.970948183193324,0.15497431499170755
FBgn0038790,1,2,5.920365460429016,5.32595398940475,0.5944114710242658
FBgn0038790,2,3,6.188218256660999,5.32595398940475,0.8622642672562488
FBgn0038790,3,4,6.463315432597485,5.32595398940475,1.1373614431927344
FBgn0038790,4,5,6.71383984477448,5.32595398940475,1.3878858553697295
FBgn0038790,5,6,7.110574012002342,5.32595398940475,1.7846200225975917
FBgn0038790,6,7,6.421271576500162,5.32595398940475,1.095317587095412
FBgn0038790,8,8,6.338214247617843,5.32595398940475,1.012260258213093
FBgn0038790,10,9,6.491713151762614,5.32595398940475,1.1657591623578636
FBgn0038790,12,10,6.648234375609869,5.32595398940475,1.3222803862051187
FBgn0038790,14,11,7.145136994647947,5.32595398940475,1.8191830052431968
FBgn0038790,16,12,6.863599156350567,5.32595398940475,1.5376451669458167
FBgn0038790,20,13,6.216413795340457,5.32595398940475,0.8904598059357065
FBgn0038790,24,14,6.820838809601012,5.32595398940475,1.494884820196262
FBgn0038790,30,15,6.774504522948947,5.32595398940475,1.4485505335441964
FBgn0038790,36,16,7.186811521556571,5.32595398940475,1.8608575321518206
FBgn0038790,42,17,6.834757406524314,5.32595398940475,1.5088034171195641
FBgn0038790,48,18,6.796534527601676,5.32595398940475,1.4705805381969261
FBgn0038790,72,19,7.314337575939694,5.32595398940475,1.988383586534944
FBgn0038790,96,20,5.772895499195364,5.32595398940475,0.446941509790614
FBgn0038790,120,21,6.95802731980169,5.32595398940475,1.6320733303969401
FBgn0038838,1,2,0.3949550881680626,0.49983232933019467,-0.1048772411621321
FBgn0038838,2,3,0.7657210850620126,0.49983232933019467,0.26588875573181797
FBgn0038838,3,4,1.178136727040899,0.49983232933019467,0.6783043977107042
FBgn0038838,4,5,1.8829258883366946,0.49983232933019467,1.3830935590064999
FBgn0038838,5,6,2.4431566042566084,0.49983232933019467,1.9433242749264137
FBgn0038838,6,7,2.355300446834357,0.49983232933019467,1.855468117504162
FBgn0038838,8,8,2.7226184590542664,0.49983232933019467,2.2227861297240716
FBgn0038838,10,9,2.583426619534319,0.49983232933019467,2.0835942902041245
FBgn0038838,12,10,2.5947151919444122,0.49983232933019467,2.0948828626142175
FBgn0038838,14,11,1.9236843243286172,0.49983232933019467,1.4238519949984225
FBgn0038838,16,12,1.5507945797971336,0.49983232933019467,1.050962250466939
FBgn0038838,20,13,1.2775773513841888,0.49983232933019467,0.7777450220539941
FBgn0038838,24,14,0.6402849110454347,0.49983232933019467,0.14045258171524005
FBgn0038838,30,15,1.2790746944815787,0.49983232933019467,0.779242365151384
FBgn0038838,36,16,0.46519997495595417,0.49983232933019467,-0.034632354374240504
FBgn0038838,42,17,0.9043784984143648,0.49983232933019467,0.4045461690841701
FBgn0038838,48,18,0.4848542644500482,0.49983232933019467,-0.014978064880146469
FBgn0038838,72,19,0.4353961463773587,0.49983232933019467,-0.06443618295283599
FBgn0038838,96,20,0.4204510598080362,0.49983232933019467,-0.07938126952215846
FBgn0038838,120,21,0.21046610044600852,0.49983232933019467,-0.28936622888418617
FBgn0038840,1,2,4.667601313046408,5.203688250762874,-0.5360869377164663
FBgn0038840,2,3,5.257771266201285,5.203688250762874,0.054083015438410875
FBgn0038840,3,4,5.965212061450641,5.203688250762874,0.7615238106877671
FBgn0038840,4,5,6.929082243186551,5.203688250762874,1.725393992423677
FBgn0038840,5,6,7.568392846645468,5.203688250762874,2.3647045958825936
FBgn0038840,6,7,7.488764696727644,5.203688250762874,2.28507644596477
FBgn0038840,8,8,7.523972127945102,5.203688250762874,2.320283877182228
FBgn0038840,10,9,7.443372115252767,5.203688250762874,2.2396838644898933
FBgn0038840,12,10,7.096350708843237,5.203688250762874,1.8926624580803626
FBgn0038840,14,11,6.859323682483911,5.203688250762874,1.6556354317210369
FBgn0038840,16,12,6.594003515957665,5.203688250762874,1.3903152651947908
FBgn0038840,20,13,6.593339408982905,5.203688250762874,1.3896511582200306
FBgn0038840,24,14,5.497414375938005,5.203688250762874,0.2937261251751311
FBgn0038840,30,15,5.76098263221497,5.203688250762874,0.5572943814520963
FBgn0038840,36,16,4.911730989374131,5.203688250762874,-0.2919572613887427
FBgn0038840,42,17,5.9241623494815805,5.203688250762874,0.7204740987187064
FBgn0038840,48,18,5.081213317338485,5.203688250762874,-0.12247493342438887
FBgn0038840,72,19,4.805483147822072,5.203688250762874,-0.39820510294080247
FBgn0038840,96,20,4.87284268326391,5.203688250762874,-0.3308455674989643
FBgn0038840,120,21,4.765851013999839,5.203688250762874,-0.437837236763035
FBgn0038865,1,2,5.921087911311407,5.656564586714933,0.26452332459647376
FBgn0038865,2,3,5.970351725124198,5.656564586714933,0.313787138409265
FBgn0038865,3,4,5.5963950211293945,5.656564586714933,-0.06016956558553854
FBgn0038865,4,5,5.644681601174868,5.656564586714933,-0.011882985540064617
FBgn0038865,5,6,5.511896150878732,5.656564586714933,-0.14466843583620115
FBgn0038865,6,7,5.278680320653966,5.656564586714933,-0.3778842660609669
FBgn0038865,8,8,4.740296962648271,5.656564586714933,-0.9162676240666618
FBgn0038865,10,9,4.757768689637327,5.656564586714933,-0.8987958970776058
FBgn0038865,12,10,4.902468143554687,5.656564586714933,-0.7540964431602459
FBgn0038865,14,11,4.9591530709541285,5.656564586714933,-0.6974115157608045
FBgn0038865,16,12,5.426007229455973,5.656564586714933,-0.23055735725896032
FBgn0038865,20,13,5.681128026147395,5.656564586714933,0.024563439432461642
FBgn0038865,24,14,5.71780399187665,5.656564586714933,0.06123940516171711
FBgn0038865,30,15,5.808131615738381,5.656564586714933,0.15156702902344765
FBgn0038865,36,16,5.9036827843319495,5.656564586714933,0.24711819761701648
FBgn0038865,42,17,6.287043373526485,5.656564586714933,0.630478786811552
FBgn0038865,48,18,6.509525056382673,5.656564586714933,0.8529604696677398
FBgn0038865,72,19,6.743607348790631,5.656564586714933,1.087042762075698
FBgn0038865,96,20,6.902364687922607,5.656564586714933,1.2458001012076743
FBgn0038865,120,21,6.976905417827886,5.656564586714933,1.3203408311129534
FBgn0038914,1,2,4.900863842961555,4.898111549137367,0.002752293824188179
FBgn0038914,2,3,3.770451322755317,4.898111549137367,-1.1276602263820497
FBgn0038914,3,4,2.0816392576877623,4.898111549137367,-2.8164722914496045
FBgn0038914,4,5,1.8982698988483222,4.898111549137367,-2.999841650289045
FBgn0038914,5,6,1.9647629603940768,4.898111549137367,-2.93334858874329
FBgn0038914,6,7,1.8211394802791578,4.898111549137367,-3.076972068858209
FBgn0038914,8,8,2.74056472828543,4.898111549137367,-2.1575468208519366
FBgn0038914,10,9,3.6165946008975975,4.898111549137367,-1.2815169482397692
FBgn0038914,12,10,3.71168519360919,4.898111549137367,-1.1864263555281767
FBgn0038914,14,11,3.8981244681665697,4.898111549137367,-0.9999870809707971
FBgn0038914,16,12,4.692584272863082,4.898111549137367,-0.20552727627428435
FBgn0038914,20,13,4.451533649961574,4.898111549137367,-0.44657789917579294
FBgn0038914,24,14,5.0447442654503485,4.898111549137367,0.1466327163129817
FBgn0038914,30,15,4.553199545568653,4.898111549137367,-0.3449120035687141
FBgn0038914,36,16,5.0981899257780325,4.898111549137367,0.20007837664066574
FBgn0038914,42,17,5.285707640450992,4.898111549137367,0.3875960913136254
FBgn0038914,48,18,5.423921192545514,4.898111549137367,0.525809643408147
FBgn0038914,72,19,5.644058153863331,4.898111549137367,0.7459466047259644
FBgn0038914,96,20,5.16041335801478,4.898111549137367,0.26230180887741295
FBgn0038914,120,21,5.719740293058844,4.898111549137367,0.8216287439214769
FBgn0038973,1,2,6.010062833984261,6.233956622499335,-0.22389378851507402
FBgn0038973,2,3,5.944070967577332,6.233956622499335,-0.2898856549220028
FBgn0038973,3,4,5.633568573681999,6.233956622499335,-0.6003880488173357
FBgn0038973,4,5,5.235647218613836,6.233956622499335,-0.9983094038854992
FBgn0038973,5,6,5.700976769136059,6.233956622499335,-0.5329798533632761
FBgn0038973,6,7,5.759260177660294,6.233956622499335,-0.47469644483904094
FBgn0038973,8,8,6.356225879541635,6.233956622499335,0.12226925704230052
FBgn0038973,10,9,6.762363099474152,6.233956622499335,0.5284064769748174
FBgn0038973,12,10,6.842477028374706,6.233956622499335,0.608520405875371
FBgn0038973,14,11,5.961963999046392,6.233956622499335,-0.2719926234529426
FBgn0038973,16,12,5.467926032978544,6.233956622499335,-0.7660305895207911
FBgn0038973,20,13,5.7348152079168475,6.233956622499335,-0.4991414145824873
FBgn0038973,24,14,7.0740361372341605,6.233956622499335,0.8400795147348257
FBgn0038973,30,15,6.563255995645781,6.233956622499335,0.329299373146446
FBgn0038973,36,16,6.861945529807695,6.233956622499335,0.6279889073083602
FBgn0038973,42,17,6.093947833998239,6.233956622499335,-0.14000878850109544
FBgn0038973,48,18,6.519209530930237,6.233956622499335,0.2852529084309019
FBgn0038973,72,19,6.709697044043652,6.233956622499335,0.47574042154431684
FBgn0038973,96,20,6.99663754975118,6.233956622499335,0.7626809272518456
FBgn0038973,120,21,7.2033622382532165,6.233956622499335,0.9694056157538817
FBgn0039073,1,2,3.152810381074943,3.1922112656439836,-0.039400884569040784
FBgn0039073,2,3,2.6346906908528345,3.1922112656439836,-0.5575205747911491
FBgn0039073,3,4,1.7970848012914893,3.1922112656439836,-1.3951264643524943
FBgn0039073,4,5,2.159302709614636,3.1922112656439836,-1.0329085560293474
FBgn0039073,5,6,2.017282898810964,3.1922112656439836,-1.1749283668330195
FBgn0039073,6,7,2.254167834541885,3.1922112656439836,-0.9380434311020984
FBgn0039073,8,8,2.513333231093174,3.1922112656439836,-0.6788780345508094
FBgn0039073,10,9,3.5071691162489342,3.1922112656439836,0.31495785060495063
FBgn0039073,12,10,3.5052105360925614,3.1922112656439836,0.3129992704485778
FBgn0039073,14,11,3.2726004514790117,3.1922112656439836,0.08038918583502808
FBgn0039073,16,12,3.1256162281329978,3.1922112656439836,-0.06659503751098583
FBgn0039073,20,13,3.446507917527516,3.1922112656439836,0.25429665188353257
FBgn0039073,24,14,3.6469700789036503,3.1922112656439836,0.4547588132596667
FBgn0039073,30,15,3.6728219048226114,3.1922112656439836,0.4806106391786278
FBgn0039073,36,16,3.8685817066281394,3.1922112656439836,0.6763704409841558
FBgn0039073,42,17,3.6868184867265157,3.1922112656439836,0.4946072210825321
FBgn0039073,48,18,3.6060341652313785,3.1922112656439836,0.41382289958739493
FBgn0039073,72,19,3.836926105322134,3.1922112656439836,0.6447148396781506
FBgn0039073,96,20,3.866075649918062,3.1922112656439836,0.6738643842740784
FBgn0039073,120,21,4.124912760784215,3.1922112656439836,0.9327014951402317
FBgn0039091,1,2,4.062044800417398,0.937833689894254,3.1242111105231443
FBgn0039091,2,3,4.411785103436225,0.937833689894254,3.473951413541971
FBgn0039091,3,4,3.686021716655302,0.937833689894254,2.748188026761048
FBgn0039091,4,5,3.9240678635923962,0.937833689894254,2.986234173698142
FBgn0039091,5,6,2.2264118764845136,0.937833689894254,1.2885781865902595
FBgn0039091,6,7,4.425035858293105,0.937833689894254,3.487202168398851
FBgn0039091,8,8,2.4139704451156705,0.937833689894254,1.4761367552214164
FBgn0039091,10,9,2.521224052898205,0.937833689894254,1.583390363003951
FBgn0039091,12,10,3.2394722757036796,0.937833689894254,2.3016385858094255
FBgn0039091,14,11,3.027455084295595,0.937833689894254,2.089621394401341
FBgn0039091,16,12,1.1823758434615677,0.937833689894254,0.24454215356731368
FBgn0039091,20,13,2.69376771219894,0.937833689894254,1.755934022304686
FBgn0039091,24,14,1.9952481863628533,0.937833689894254,1.0574144964685992
FBgn0039091,30,15,2.4719646497047068,0.937833689894254,1.5341309598104527
FBgn0039091,36,16,2.4757962073849216,0.937833689894254,1.5379625174906675
FBgn0039091,42,17,1.7906201079196316,0.937833689894254,0.8527864180253776
FBgn0039091,48,18,1.8146681561843483,0.937833689894254,0.8768344662900943
FBgn0039091,72,19,3.0294203717332664,0.937833689894254,2.0915866818390123
FBgn0039091,96,20,3.6882816346866587,0.937833689894254,2.7504479447924046
FBgn0039091,120,21,2.2614761987748637,0.937833689894254,1.3236425088806096
FBgn0039151,1,2,6.053450969438412,7.175928954693768,-1.1224779852553564
FBgn0039151,2,3,5.803259460757993,7.175928954693768,-1.372669493935775
FBgn0039151,3,4,5.5142692145425585,7.175928954693768,-1.6616597401512099
FBgn0039151,4,5,6.224575647043488,7.175928954693768,-0.9513533076502805
FBgn0039151,5,6,6.113890954990001,7.175928954693768,-1.062037999703767
FBgn0039151,6,7,6.469961435164683,7.175928954693768,-0.7059675195290858
FBgn0039151,8,8,6.782024623330622,7.175928954693768,-0.39390433136314673
FBgn0039151,10,9,7.255375875295217,7.175928954693768,0.07944692060144831
FBgn0039151,12,10,7.353178926624471,7.175928954693768,0.1772499719307028
FBgn0039151,14,11,6.79773473455745,7.175928954693768,-0.37819422013631865
FBgn0039151,16,12,6.676443891571685,7.175928954693768,-0.4994850631220835
FBgn0039151,20,13,6.902707248671261,7.175928954693768,-0.2732217060225075
FBgn0039151,24,14,7.127369319226533,7.175928954693768,-0.048559635467235296
FBgn0039151,30,15,6.959020334260637,7.175928954693768,-0.21690862043313164
FBgn0039151,36,16,6.801571653848367,7.175928954693768,-0.37435730084540175
FBgn0039151,42,17,6.638783357379041,7.175928954693768,-0.5371455973147272
FBgn0039151,48,18,7.106159033404289,7.175928954693768,-0.06976992128947934
FBgn0039151,72,19,6.661169082734784,7.175928954693768,-0.5147598719589848
FBgn0039151,96,20,6.2993295400283635,7.175928954693768,-0.8765994146654048
FBgn0039151,120,21,6.355355768130115,7.175928954693768,-0.820573186563653
FBgn0039203,1,2,6.65548964942625,6.2216206386247075,0.4338690108015424
FBgn0039203,2,3,7.323015754429771,6.2216206386247075,1.1013951158050634
FBgn0039203,3,4,7.569642087580281,6.2216206386247075,1.3480214489555733
FBgn0039203,4,5,7.137516306155598,6.2216206386247075,0.9158956675308909
FBgn0039203,5,6,7.7327047008324765,6.2216206386247075,1.511084062207769
FBgn0039203,6,7,7.1583687307761075,6.2216206386247075,0.9367480921514
FBgn0039203,8,8,6.728063044598542,6.2216206386247075,0.5064424059738348
FBgn0039203,10,9,7.188844756424106,6.2216206386247075,0.9672241177993985
FBgn0039203,12,10,7.207404726102361,6.2216206386247075,0.9857840874776533
FBgn0039203,14,11,7.332671203749291,6.2216206386247075,1.1110505651245832
FBgn0039203,16,12,6.970678819252605,6.2216206386247075,0.7490581806278973
FBgn0039203,20,13,6.640818707702918,6.2216206386247075,0.41919806907821044
FBgn0039203,24,14,6.031724231675975,6.2216206386247075,-0.18989640694873255
FBgn0039203,30,15,6.625940644810328,6.2216206386247075,0.40432000618562025
FBgn0039203,36,16,7.142951467549009,6.2216206386247075,0.9213308289243018
FBgn0039203,42,17,6.225349922234677,6.2216206386247075,0.0037292836099691584
FBgn0039203,48,18,6.506986032936053,6.2216206386247075,0.2853653943113459
FBgn0039203,72,19,6.484921020251729,6.2216206386247075,0.26330038162702163
FBgn0039203,96,20,7.111896320214561,6.2216206386247075,0.8902756815898538
FBgn0039203,120,21,6.973517914108624,6.2216206386247075,0.7518972754839162
FBgn0039239,1,2,2.514427649484292,1.446568513659857,1.0678591358244351
FBgn0039239,2,3,1.9156085338349365,1.446568513659857,0.4690400201750795
FBgn0039239,3,4,0.7282937014620026,1.446568513659857,-0.7182748121978544
FBgn0039239,4,5,0.8675281052765356,1.446568513659857,-0.5790404083833214
FBgn0039239,5,6,0.6697726505543321,1.446568513659857,-0.7767958631055248
FBgn0039239,6,7,1.1913752074633175,1.446568513659857,-0.25519330619653946
FBgn0039239,8,8,1.7898722583854982,1.446568513659857,0.3433037447256413
FBgn0039239,10,9,1.9221510826230892,1.446568513659857,0.47558256896323226
FBgn0039239,12,10,1.473252058137656,1.446568513659857,0.02668354447779908
FBgn0039239,14,11,1.5228556245239164,1.446568513659857,0.07628711086405948
FBgn0039239,16,12,1.4801600758327556,1.446568513659857,0.033591562172898604
FBgn0039239,20,13,2.2131890976774597,1.446568513659857,0.7666205840176028
FBgn0039239,24,14,1.1395897357330624,1.446568513659857,-0.3069787779267945
FBgn0039239,30,15,1.8449849926804007,1.446568513659857,0.3984164790205438
FBgn0039239,36,16,1.6464406085403844,1.446568513659857,0.19987209488052748
FBgn0039239,42,17,1.7798962312211057,1.446568513659857,0.3333277175612488
FBgn0039239,48,18,1.831743756355885,1.446568513659857,0.385175242696028
FBgn0039239,72,19,2.8342915420709716,1.446568513659857,1.3877230284111146
FBgn0039239,96,20,4.224558808250049,1.446568513659857,2.777990294590192
FBgn0039239,120,21,3.167109700484533,1.446568513659857,1.720541186824676
FBgn0039241,1,2,6.865715662707011,6.1558475414905764,0.7098681212164344
FBgn0039241,2,3,6.990530849903422,6.1558475414905764,0.8346833084128455
FBgn0039241,3,4,6.480556094465067,6.1558475414905764,0.3247085529744904
FBgn0039241,4,5,6.490351567396733,6.1558475414905764,0.33450402590615624
FBgn0039241,5,6,6.189731075391205,6.1558475414905764,0.033883533900628926
FBgn0039241,6,7,6.5930477460576835,6.1558475414905764,0.43720020456710706
FBgn0039241,8,8,6.640900368883763,6.1558475414905764,0.48505282739318645
FBgn0039241,10,9,6.683953047803019,6.1558475414905764,0.5281055063124427
FBgn0039241,12,10,6.331668415945117,6.1558475414905764,0.17582087445454064
FBgn0039241,14,11,6.291054161166542,6.1558475414905764,0.1352066196759658
FBgn0039241,16,12,6.349476262177022,6.1558475414905764,0.193628720686446
FBgn0039241,20,13,6.690479538501615,6.1558475414905764,0.5346319970110383
FBgn0039241,24,14,6.714792636950442,6.1558475414905764,0.5589450954598654
FBgn0039241,30,15,7.134207818983894,6.1558475414905764,0.9783602774933176
FBgn0039241,36,16,7.261487590669898,6.1558475414905764,1.1056400491793212
FBgn0039241,42,17,7.049070251285877,6.1558475414905764,0.8932227097953005
FBgn0039241,48,18,7.946298007236681,6.1558475414905764,1.7904504657461047
FBgn0039241,72,19,8.55761411854218,6.1558475414905764,2.4017665770516032
FBgn0039241,96,20,8.666606399021559,6.1558475414905764,2.5107588575309823
FBgn0039241,120,21,8.82602667532213,6.1558475414905764,2.670179133831553
FBgn0039298,1,2,8.31162051827176,8.779854230483759,-0.4682337122119993
FBgn0039298,2,3,7.277618103616246,8.779854230483759,-1.5022361268675128
FBgn0039298,3,4,6.284151675703379,8.779854230483759,-2.4957025547803795
FBgn0039298,4,5,6.172392127318913,8.779854230483759,-2.6074621031648455
FBgn0039298,5,6,6.042228920798417,8.779854230483759,-2.737625309685342
FBgn0039298,6,7,5.7410305009419265,8.779854230483759,-3.038823729541832
FBgn0039298,8,8,5.5478258005348575,8.779854230483759,-3.232028429948901
FBgn0039298,10,9,6.0066696832496405,8.779854230483759,-2.773184547234118
FBgn0039298,12,10,6.584976967620079,8.779854230483759,-2.1948772628636792
FBgn0039298,14,11,7.714916649139328,8.779854230483759,-1.0649375813444308
FBgn0039298,16,12,8.73497227245962,8.779854230483759,-0.04488195802413841
FBgn0039298,20,13,9.105520158952004,8.779854230483759,0.32566592846824527
FBgn0039298,24,14,8.582658100493559,8.779854230483759,-0.19719612999019986
FBgn0039298,30,15,6.613252742780919,8.779854230483759,-2.16660148770284
FBgn0039298,36,16,7.742691991912892,8.779854230483759,-1.0371622385708665
FBgn0039298,42,17,9.501380924762717,8.779854230483759,0.7215266942789587
FBgn0039298,48,18,8.943954748381984,8.779854230483759,0.1641005178982251
FBgn0039298,72,19,8.578883832961978,8.779854230483759,-0.2009703975217807
FBgn0039298,96,20,7.860944547282603,8.779854230483759,-0.9189096832011554
FBgn0039298,120,21,8.103355443448958,8.779854230483759,-0.6764987870348005
FBgn0039299,1,2,3.6937464122734887,4.355943529889215,-0.6621971176157264
FBgn0039299,2,3,3.1894799589525964,4.355943529889215,-1.1664635709366187
FBgn0039299,3,4,2.9576992851675445,4.355943529889215,-1.3982442447216705
FBgn0039299,4,5,2.7811028163175653,4.355943529889215,-1.5748407135716498
FBgn0039299,5,6,2.8849093727759683,4.355943529889215,-1.4710341571132468
FBgn0039299,6,7,3.040810756366219,4.355943529889215,-1.315132773522996
FBgn0039299,8,8,2.642765626186689,4.355943529889215,-1.713177903702526
FBgn0039299,10,9,2.2601178191006577,4.355943529889215,-2.0958257107885574
FBgn0039299,12,10,2.399885525076127,4.355943529889215,-1.9560580048130882
FBgn0039299,14,11,3.271371195509169,4.355943529889215,-1.084572334380046
FBgn0039299,16,12,3.8854360917387343,4.355943529889215,-0.4705074381504808
FBgn0039299,20,13,4.270559227686693,4.355943529889215,-0.08538430220252202
FBgn0039299,24,14,3.7016779251011545,4.355943529889215,-0.6542656047880606
FBgn0039299,30,15,2.6529756995702782,4.355943529889215,-1.7029678303189368
FBgn0039299,36,16,3.4307505694918774,4.355943529889215,-0.9251929603973377
FBgn0039299,42,17,4.742944539645249,4.355943529889215,0.3870010097560339
FBgn0039299,48,18,4.509699022140929,4.355943529889215,0.15375549225171437
FBgn0039299,72,19,3.908044065529172,4.355943529889215,-0.4478994643600429
FBgn0039299,96,20,3.621555641818081,4.355943529889215,-0.7343878880711339
FBgn0039299,120,21,3.8313872918847345,4.355943529889215,-0.5245562380044806
FBgn0039313,1,2,8.342732488850409,8.574923221639942,-0.23219073278953317
FBgn0039313,2,3,7.814053009706289,8.574923221639942,-0.7608702119336535
FBgn0039313,3,4,7.926378266272089,8.574923221639942,-0.6485449553678526
FBgn0039313,4,5,8.023056783797168,8.574923221639942,-0.551866437842774
FBgn0039313,5,6,8.515032227111176,8.574923221639942,-0.05989099452876623
FBgn0039313,6,7,8.499310309830005,8.574923221639942,-0.07561291180993734
FBgn0039313,8,8,8.550553500287894,8.574923221639942,-0.0243697213520484
FBgn0039313,10,9,8.939436356571289,8.574923221639942,0.3645131349313466
FBgn0039313,12,10,9.033373067574543,8.574923221639942,0.4584498459346005
FBgn0039313,14,11,8.687164207754211,8.574923221639942,0.11224098611426925
FBgn0039313,16,12,8.237181875334134,8.574923221639942,-0.3377413463058083
FBgn0039313,20,13,7.007966533294903,8.574923221639942,-1.566956688345039
FBgn0039313,24,14,8.582626068129183,8.574923221639942,0.007702846489241466
FBgn0039313,30,15,8.332314877941052,8.574923221639942,-0.2426083436988904
FBgn0039313,36,16,8.83402142576805,8.574923221639942,0.259098204128108
FBgn0039313,42,17,7.74086147699008,8.574923221639942,-0.8340617446498619
FBgn0039313,48,18,8.005365186353867,8.574923221639942,-0.5695580352860752
FBgn0039313,72,19,8.226221738010217,8.574923221639942,-0.34870148362972486
FBgn0039313,96,20,7.319043421834707,8.574923221639942,-1.2558797998052347
FBgn0039313,120,21,8.0774608765697,8.574923221639942,-0.49746234507024134
FBgn0039316,1,2,4.839180336066402,3.827870790409622,1.01130954565678
FBgn0039316,2,3,4.972880035655839,3.827870790409622,1.145009245246217
FBgn0039316,3,4,5.135341333843683,3.827870790409622,1.3074705434340608
FBgn0039316,4,5,6.026855847066246,3.827870790409622,2.198985056656624
FBgn0039316,5,6,5.300847056707363,3.827870790409622,1.4729762662977413
FBgn0039316,6,7,5.739667495485886,3.827870790409622,1.9117967050762639
FBgn0039316,8,8,4.0411581051032295,3.827870790409622,0.2132873146936074
FBgn0039316,10,9,4.682507521507527,3.827870790409622,0.8546367310979051
FBgn0039316,12,10,4.6121406931048465,3.827870790409622,0.7842699026952245
FBgn0039316,14,11,5.833315761849471,3.827870790409622,2.0054449714398492
FBgn0039316,16,12,4.935316938064443,3.827870790409622,1.1074461476548212
FBgn0039316,20,13,4.718152070388287,3.827870790409622,0.890281279978665
FBgn0039316,24,14,4.474424611530134,3.827870790409622,0.646553821120512
FBgn0039316,30,15,4.673967079190698,3.827870790409622,0.8460962887810757
FBgn0039316,36,16,5.164531788799232,3.827870790409622,1.3366609983896103
FBgn0039316,42,17,4.903096555516131,3.827870790409622,1.0752257651065094
FBgn0039316,48,18,4.465943203523741,3.827870790409622,0.6380724131141191
FBgn0039316,72,19,4.781377660907257,3.827870790409622,0.9535068704976348
FBgn0039316,96,20,4.357089514460431,3.827870790409622,0.5292187240508088
FBgn0039316,120,21,4.862920033113561,3.827870790409622,1.0350492427039386
FBgn0039319,1,2,4.217899008469302,3.2556216253418198,0.962277383127482
FBgn0039319,2,3,4.158179747835537,3.2556216253418198,0.9025581224937174
FBgn0039319,3,4,4.203767980320771,3.2556216253418198,0.9481463549789515
FBgn0039319,4,5,5.2095101122846135,3.2556216253418198,1.9538884869427937
FBgn0039319,5,6,4.445147194734114,3.2556216253418198,1.189525569392294
FBgn0039319,6,7,4.814728105274654,3.2556216253418198,1.5591064799328338
FBgn0039319,8,8,3.5457012883597003,3.2556216253418198,0.2900796630178806
FBgn0039319,10,9,3.9015511178744586,3.2556216253418198,0.6459294925326389
FBgn0039319,12,10,3.937385886241394,3.2556216253418198,0.6817642608995742
FBgn0039319,14,11,4.904993451452828,3.2556216253418198,1.6493718261110084
FBgn0039319,16,12,4.214704343318795,3.2556216253418198,0.9590827179769752
FBgn0039319,20,13,3.991838579858,3.2556216253418198,0.7362169545161801
FBgn0039319,24,14,3.861416962437424,3.2556216253418198,0.6057953370956044
FBgn0039319,30,15,3.853566995413264,3.2556216253418198,0.5979453700714443
FBgn0039319,36,16,4.321837296041425,3.2556216253418198,1.0662156706996049
FBgn0039319,42,17,3.837472725297501,3.2556216253418198,0.5818510999556814
FBgn0039319,48,18,3.831515219809315,3.2556216253418198,0.5758935944674954
FBgn0039319,72,19,3.96063845673679,3.2556216253418198,0.7050168313949703
FBgn0039319,96,20,3.879240855237388,3.2556216253418198,0.6236192298955681
FBgn0039319,120,21,4.186297409378575,3.2556216253418198,0.9306757840367554
FBgn0039323,1,2,2.7655811199374676,2.5092331396632925,0.25634798027417505
FBgn0039323,2,3,2.8164360947871163,2.5092331396632925,0.3072029551238238
FBgn0039323,3,4,2.6677685969293528,2.5092331396632925,0.15853545726606022
FBgn0039323,4,5,2.690155691971024,2.5092331396632925,0.18092255230773135
FBgn0039323,5,6,2.828234673465348,2.5092331396632925,0.31900153380205554
FBgn0039323,6,7,2.535783889219556,2.5092331396632925,0.026550749556263575
FBgn0039323,8,8,2.40973607768822,2.5092331396632925,-0.09949706197507258
FBgn0039323,10,9,2.5999280504877023,2.5092331396632925,0.09069491082440972
FBgn0039323,12,10,2.5129292648979566,2.5092331396632925,0.003696125234664116
FBgn0039323,14,11,2.6824740929672775,2.5092331396632925,0.17324095330398492
FBgn0039323,16,12,2.5379514558204366,2.5092331396632925,0.02871831615714404
FBgn0039323,20,13,3.140604310669122,2.5092331396632925,0.6313711710058296
FBgn0039323,24,14,3.3187239978533802,2.5092331396632925,0.8094908581900877
FBgn0039323,30,15,3.1111610912562666,2.5092331396632925,0.6019279515929741
FBgn0039323,36,16,3.2656017950026968,2.5092331396632925,0.7563686553394042
FBgn0039323,42,17,3.5235985496675983,2.5092331396632925,1.0143654100043058
FBgn0039323,48,18,3.275938942881,2.5092331396632925,0.7667058032177074
FBgn0039323,72,19,3.5560486730065195,2.5092331396632925,1.046815533343227
FBgn0039323,96,20,4.2399308131104325,2.5092331396632925,1.73069767344714
FBgn0039323,120,21,4.296115384600111,2.5092331396632925,1.7868822449368187
FBgn0039324,1,2,7.354297644926415,7.665491223129656,-0.3111935782032411
FBgn0039324,2,3,6.930243209447774,7.665491223129656,-0.7352480136818826
FBgn0039324,3,4,6.846875964025168,7.665491223129656,-0.8186152591044884
FBgn0039324,4,5,6.485415522684757,7.665491223129656,-1.180075700444899
FBgn0039324,5,6,6.545619487513571,7.665491223129656,-1.1198717356160852
FBgn0039324,6,7,6.330927338870071,7.665491223129656,-1.3345638842595857
FBgn0039324,8,8,6.5489895018402615,7.665491223129656,-1.1165017212893948
FBgn0039324,10,9,6.409618441687314,7.665491223129656,-1.255872781442342
FBgn0039324,12,10,6.145361472344828,7.665491223129656,-1.520129750784828
FBgn0039324,14,11,6.038046489634486,7.665491223129656,-1.62744473349517
FBgn0039324,16,12,7.041583895564806,7.665491223129656,-0.6239073275648508
FBgn0039324,20,13,8.05448705156242,7.665491223129656,0.3889958284327637
FBgn0039324,24,14,7.5230413793447095,7.665491223129656,-0.14244984378494685
FBgn0039324,30,15,6.888119344673825,7.665491223129656,-0.7773718784558312
FBgn0039324,36,16,6.136587285035979,7.665491223129656,-1.528903938093677
FBgn0039324,42,17,8.137638980251513,7.665491223129656,0.4721477571218564
FBgn0039324,48,18,7.584350292790317,7.665491223129656,-0.08114093033933933
FBgn0039324,72,19,7.5656154328018195,7.665491223129656,-0.09987579032783689
FBgn0039324,96,20,7.51217720259513,7.665491223129656,-0.15331402053452603
FBgn0039324,120,21,7.535731761830558,7.665491223129656,-0.12975946129909843
FBgn0039325,1,2,7.197130461258988,7.4125993814266895,-0.21546892016770158
FBgn0039325,2,3,6.791197803523257,7.4125993814266895,-0.6214015779034323
FBgn0039325,3,4,6.895431059513492,7.4125993814266895,-0.5171683219131973
FBgn0039325,4,5,6.956480862994822,7.4125993814266895,-0.45611851843186724
FBgn0039325,5,6,6.8973899706049675,7.4125993814266895,-0.515209410821722
FBgn0039325,6,7,6.789562258504313,7.4125993814266895,-0.6230371229223763
FBgn0039325,8,8,6.576063810076623,7.4125993814266895,-0.8365355713500664
FBgn0039325,10,9,6.258258146312668,7.4125993814266895,-1.1543412351140212
FBgn0039325,12,10,5.913916943307027,7.4125993814266895,-1.4986824381196628
FBgn0039325,14,11,5.275775711606299,7.4125993814266895,-2.136823669820391
FBgn0039325,16,12,5.3642676209982065,7.4125993814266895,-2.048331760428483
FBgn0039325,20,13,7.003555861407827,7.4125993814266895,-0.40904352001886224
FBgn0039325,24,14,7.4026918448355445,7.4125993814266895,-0.009907536591144961
FBgn0039325,30,15,6.7742475458094145,7.4125993814266895,-0.638351835617275
FBgn0039325,36,16,5.727698484391967,7.4125993814266895,-1.6849008970347228
FBgn0039325,42,17,6.649871176619937,7.4125993814266895,-0.7627282048067521
FBgn0039325,48,18,7.298549240513692,7.4125993814266895,-0.11405014091299748
FBgn0039325,72,19,7.287686645584012,7.4125993814266895,-0.12491273584267759
FBgn0039325,96,20,6.830439852207422,7.4125993814266895,-0.5821595292192674
FBgn0039325,120,21,7.203031537367625,7.4125993814266895,-0.20956784405906426
FBgn0039342,1,2,7.396600677310547,6.851802412004467,0.5447982653060794
FBgn0039342,2,3,7.324536182201939,6.851802412004467,0.47273377019747187
FBgn0039342,3,4,7.517697376588098,6.851802412004467,0.6658949645836305
FBgn0039342,4,5,7.803984155025967,6.851802412004467,0.9521817430214998
FBgn0039342,5,6,8.514718803528396,6.851802412004467,1.662916391523929
FBgn0039342,6,7,7.821204440073234,6.851802412004467,0.9694020280687665
FBgn0039342,8,8,7.996722414752303,6.851802412004467,1.1449200027478357
FBgn0039342,10,9,8.230609507902463,6.851802412004467,1.3788070958979954
FBgn0039342,12,10,8.41156650555877,6.851802412004467,1.5597640935543033
FBgn0039342,14,11,8.81922290919281,6.851802412004467,1.9674204971883427
FBgn0039342,16,12,8.611873163483908,6.851802412004467,1.7600707514794411
FBgn0039342,20,13,8.241562051127328,6.851802412004467,1.389759639122861
FBgn0039342,24,14,8.967552626462345,6.851802412004467,2.1157502144578775
FBgn0039342,30,15,8.800925915601749,6.851802412004467,1.9491235035972814
FBgn0039342,36,16,8.768034870784936,6.851802412004467,1.9162324587804687
FBgn0039342,42,17,8.666083302602631,6.851802412004467,1.8142808905981642
FBgn0039342,48,18,8.399134362164144,6.851802412004467,1.547331950159677
FBgn0039342,72,19,8.952232947253206,6.851802412004467,2.100430535248739
FBgn0039342,96,20,7.994098722251081,6.851802412004467,1.1422963102466142
FBgn0039342,120,21,8.79159706606789,6.851802412004467,1.939794654063423
FBgn0039452,1,2,6.536405634628938,6.1815696116044165,0.35483602302452155
FBgn0039452,2,3,6.615204141860671,6.1815696116044165,0.43363453025625454
FBgn0039452,3,4,6.880045754641105,6.1815696116044165,0.6984761430366886
FBgn0039452,4,5,6.7494253471435055,6.1815696116044165,0.567855735539089
FBgn0039452,5,6,6.884380284047098,6.1815696116044165,0.7028106724426815
FBgn0039452,6,7,6.4854511248102895,6.1815696116044165,0.303881513205873
FBgn0039452,8,8,6.317954965220087,6.1815696116044165,0.13638535361567072
FBgn0039452,10,9,5.9332950321642475,6.1815696116044165,-0.24827457944016906
FBgn0039452,12,10,5.908415300624036,6.1815696116044165,-0.2731543109803809
FBgn0039452,14,11,5.933455913063465,6.1815696116044165,-0.24811369854095133
FBgn0039452,16,12,6.123610623534805,6.1815696116044165,-0.057958988069611195
FBgn0039452,20,13,5.9436905386221675,6.1815696116044165,-0.23787907298224908
FBgn0039452,24,14,6.3519477060115115,6.1815696116044165,0.17037809440709495
FBgn0039452,30,15,6.472259871968194,6.1815696116044165,0.2906902603637773
FBgn0039452,36,16,7.134026049744744,6.1815696116044165,0.9524564381403273
FBgn0039452,42,17,7.099475809776145,6.1815696116044165,0.9179061981717282
FBgn0039452,48,18,7.045056914738215,6.1815696116044165,0.8634873031337982
FBgn0039452,72,19,7.867707739918492,6.1815696116044165,1.6861381283140755
FBgn0039452,96,20,8.089969533633244,6.1815696116044165,1.9083999220288277
FBgn0039452,120,21,8.525695124174439,6.1815696116044165,2.344125512570022
FBgn0039471,1,2,7.485735937405758,6.7069741083909875,0.7787618290147709
FBgn0039471,2,3,7.247306374765456,6.7069741083909875,0.5403322663744685
FBgn0039471,3,4,7.454286234072219,6.7069741083909875,0.7473121256812316
FBgn0039471,4,5,7.2942068913947145,6.7069741083909875,0.5872327830037269
FBgn0039471,5,6,7.871893154011758,6.7069741083909875,1.1649190456207705
FBgn0039471,6,7,7.5231941577931245,6.7069741083909875,0.816220049402137
FBgn0039471,8,8,7.938136663057998,6.7069741083909875,1.2311625546670104
FBgn0039471,10,9,8.223530876239202,6.7069741083909875,1.5165567678482148
FBgn0039471,12,10,8.173629895875528,6.7069741083909875,1.466655787484541
FBgn0039471,14,11,7.827155263607656,6.7069741083909875,1.1201811552166685
FBgn0039471,16,12,7.614775371657039,6.7069741083909875,0.9078012632660517
FBgn0039471,20,13,7.519396138265359,6.7069741083909875,0.8124220298743712
FBgn0039471,24,14,8.322896891295132,6.7069741083909875,1.6159227829041445
FBgn0039471,30,15,7.940634953096536,6.7069741083909875,1.2336608447055486
FBgn0039471,36,16,8.392455998566252,6.7069741083909875,1.6854818901752644
FBgn0039471,42,17,7.508387703887978,6.7069741083909875,0.8014135954969905
FBgn0039471,48,18,7.763957619827682,6.7069741083909875,1.0569835114366946
FBgn0039471,72,19,7.857193389053002,6.7069741083909875,1.1502192806620144
FBgn0039471,96,20,6.7174472842730015,6.7069741083909875,0.010473175882014019
FBgn0039471,120,21,7.408464112476628,6.7069741083909875,0.7014900040856409
FBgn0039472,1,2,4.077490799435881,3.5220927344614665,0.5553980649744146
FBgn0039472,2,3,3.9501715760849168,3.5220927344614665,0.4280788416234502
FBgn0039472,3,4,4.139061673404588,3.5220927344614665,0.6169689389431214
FBgn0039472,4,5,3.689839174108685,3.5220927344614665,0.16774643964721836
FBgn0039472,5,6,4.012152940971241,3.5220927344614665,0.49006020650977433
FBgn0039472,6,7,3.688261723042144,3.5220927344614665,0.16616898858067763
FBgn0039472,8,8,3.9991152452717245,3.5220927344614665,0.4770225108102579
FBgn0039472,10,9,4.651330633850108,3.5220927344614665,1.1292378993886416
FBgn0039472,12,10,4.76530722798231,3.5220927344614665,1.2432144935208438
FBgn0039472,14,11,3.745719437304559,3.5220927344614665,0.2236267028430925
FBgn0039472,16,12,3.3701770280781504,3.5220927344614665,-0.15191570638331608
FBgn0039472,20,13,3.11025358347156,3.5220927344614665,-0.4118391509899064
FBgn0039472,24,14,4.751329932330622,3.5220927344614665,1.2292371978691552
FBgn0039472,30,15,3.8057671879873753,3.5220927344614665,0.2836744535259088
FBgn0039472,36,16,4.5477656859438405,3.5220927344614665,1.025672951482374
FBgn0039472,42,17,3.2420330150771113,3.5220927344614665,-0.28005971938435525
FBgn0039472,48,18,3.8271326834710293,3.5220927344614665,0.30503994900956277
FBgn0039472,72,19,3.6039249541522334,3.5220927344614665,0.08183221969076682
FBgn0039472,96,20,2.2842193206361006,3.5220927344614665,-1.237873413825366
FBgn0039472,120,21,3.2290144834874694,3.5220927344614665,-0.2930782509739971
FBgn0039474,1,2,5.10729976897338,4.797206669990693,0.3100930989826871
FBgn0039474,2,3,5.20019577145205,4.797206669990693,0.40298910146135647
FBgn0039474,3,4,5.4606672834548,4.797206669990693,0.6634606134641068
FBgn0039474,4,5,5.18103946070948,4.797206669990693,0.3838327907187864
FBgn0039474,5,6,5.6053553341179825,4.797206669990693,0.8081486641272893
FBgn0039474,6,7,5.315660360196138,4.797206669990693,0.5184536902054449
FBgn0039474,8,8,5.18727667347211,4.797206669990693,0.3900700034814166
FBgn0039474,10,9,5.293094397797427,4.797206669990693,0.49588772780673374
FBgn0039474,12,10,4.951412663845358,4.797206669990693,0.1542059938546645
FBgn0039474,14,11,4.472328491488505,4.797206669990693,-0.32487817850218814
FBgn0039474,16,12,4.437513921020296,4.797206669990693,-0.3596927489703976
FBgn0039474,20,13,4.864195901651731,4.797206669990693,0.06698923166103743
FBgn0039474,24,14,5.59862409047355,4.797206669990693,0.8014174204828564
FBgn0039474,30,15,5.630989659216258,4.797206669990693,0.8337829892255648
FBgn0039474,36,16,5.371049488099935,4.797206669990693,0.5738428181092416
FBgn0039474,42,17,4.650536188550017,4.797206669990693,-0.14667048144067607
FBgn0039474,48,18,6.120302456759333,4.797206669990693,1.32309578676864
FBgn0039474,72,19,6.6341243664337775,4.797206669990693,1.8369176964430842
FBgn0039474,96,20,6.0844316730115935,4.797206669990693,1.2872250030209003
FBgn0039474,120,21,7.006824502317132,4.797206669990693,2.2096178323264386
FBgn0039475,1,2,5.0582215485493105,4.7789138017969215,0.279307746752389
FBgn0039475,2,3,4.962537651333447,4.7789138017969215,0.18362384953652544
FBgn0039475,3,4,3.5924579842770648,4.7789138017969215,-1.1864558175198567
FBgn0039475,4,5,4.938549218640401,4.7789138017969215,0.15963541684347948
FBgn0039475,5,6,5.42951746595337,4.7789138017969215,0.6506036641564483
FBgn0039475,6,7,4.633910944481451,4.7789138017969215,-0.1450028573154709
FBgn0039475,8,8,4.429029800524315,4.7789138017969215,-0.3498840012726063
FBgn0039475,10,9,5.036710394688038,4.7789138017969215,0.25779659289111656
FBgn0039475,12,10,4.71066384569799,4.7789138017969215,-0.06824995609893136
FBgn0039475,14,11,4.346597752837699,4.7789138017969215,-0.4323160489592226
FBgn0039475,16,12,4.35293637294345,4.7789138017969215,-0.42597742885347145
FBgn0039475,20,13,4.672204698420444,4.7789138017969215,-0.10670910337647754
FBgn0039475,24,14,5.340214934754272,4.7789138017969215,0.5613011329573503
FBgn0039475,30,15,4.743342638044874,4.7789138017969215,-0.0355711637520475
FBgn0039475,36,16,5.210596782640289,4.7789138017969215,0.43168298084336776
FBgn0039475,42,17,4.960327665031254,4.7789138017969215,0.18141386323433295
FBgn0039475,48,18,4.826848982883313,4.7789138017969215,0.04793518108639194
FBgn0039475,72,19,5.3958697112261955,4.7789138017969215,0.616955909429274
FBgn0039475,96,20,5.827446677118251,4.7789138017969215,1.0485328753213299
FBgn0039475,120,21,6.843285460535059,4.7789138017969215,2.0643716587381373
FBgn0039476,1,2,3.047619064321437,2.9571223748868984,0.0904966894345387
FBgn0039476,2,3,2.906945953447498,2.9571223748868984,-0.050176421439400265
FBgn0039476,3,4,2.011074822593197,2.9571223748868984,-0.9460475522937015
FBgn0039476,4,5,3.108469348087411,2.9571223748868984,0.15134697320051238
FBgn0039476,5,6,3.4117613832631752,2.9571223748868984,0.4546390083762768
FBgn0039476,6,7,2.834653957509211,2.9571223748868984,-0.12246841737768754
FBgn0039476,8,8,2.497856844398246,2.9571223748868984,-0.4592655304886524
FBgn0039476,10,9,3.1440266254824945,2.9571223748868984,0.186904250595596
FBgn0039476,12,10,2.8727611390926775,2.9571223748868984,-0.08436123579422095
FBgn0039476,14,11,2.3524842839320526,2.9571223748868984,-0.6046380909548459
FBgn0039476,16,12,2.6359375588283323,2.9571223748868984,-0.3211848160585662
FBgn0039476,20,13,2.776082487676123,2.9571223748868984,-0.18103988721077524
FBgn0039476,24,14,3.2894166320483293,2.9571223748868984,0.3322942571614309
FBgn0039476,30,15,2.9509665217964405,2.9571223748868984,-0.006155853090457963
FBgn0039476,36,16,3.363324666054563,2.9571223748868984,0.4062022911676646
FBgn0039476,42,17,3.0107504188860297,2.9571223748868984,0.053628043999131236
FBgn0039476,48,18,2.9453381024512444,2.9571223748868984,-0.011784272435654053
FBgn0039476,72,19,3.5377877375168185,2.9571223748868984,0.5806653626299201
FBgn0039476,96,20,4.005919617737563,2.9571223748868984,1.0487972428506644
FBgn0039476,120,21,4.8460672480976665,2.9571223748868984,1.888944873210768
FBgn0039593,1,2,3.021932569241689,1.30516416891399,1.716768400327699
FBgn0039593,2,3,3.586551156022767,1.30516416891399,2.2813869871087773
FBgn0039593,3,4,3.752415972477112,1.30516416891399,2.447251803563122
FBgn0039593,4,5,3.5708685617862512,1.30516416891399,2.2657043928722613
FBgn0039593,5,6,3.261497271753681,1.30516416891399,1.9563331028396913
FBgn0039593,6,7,3.1062751634347974,1.30516416891399,1.8011109945208075
FBgn0039593,8,8,2.9456682160948144,1.30516416891399,1.6405040471808245
FBgn0039593,10,9,2.9351510063340323,1.30516416891399,1.6299868374200424
FBgn0039593,12,10,3.1710940810116792,1.30516416891399,1.8659299120976893
FBgn0039593,14,11,3.374436790797228,1.30516416891399,2.069272621883238
FBgn0039593,16,12,2.905283656575252,1.30516416891399,1.6001194876612619
FBgn0039593,20,13,2.651530668811056,1.30516416891399,1.3463664998970661
FBgn0039593,24,14,2.1198208572590165,1.30516416891399,0.8146566883450266
FBgn0039593,30,15,3.3282155800612454,1.30516416891399,2.0230514111472555
FBgn0039593,36,16,2.637251635132642,1.30516416891399,1.3320874662186521
FBgn0039593,42,17,2.861929769309948,1.30516416891399,1.5567656003959582
FBgn0039593,48,18,1.9243693606303218,1.30516416891399,0.6192051917163319
FBgn0039593,72,19,2.472549959833328,1.30516416891399,1.167385790919338
FBgn0039593,96,20,2.878771459951788,1.30516416891399,1.5736072910377983
FBgn0039593,120,21,2.342648231734449,1.30516416891399,1.0374840628204591
FBgn0039611,1,2,5.198924606034387,5.2562951280426065,-0.05737052200821946
FBgn0039611,2,3,4.670019371368941,5.2562951280426065,-0.5862757566736656
FBgn0039611,3,4,4.036212225444252,5.2562951280426065,-1.2200829025983548
FBgn0039611,4,5,4.501445116751982,5.2562951280426065,-0.7548500112906247
FBgn0039611,5,6,4.42956451988857,5.2562951280426065,-0.8267306081540369
FBgn0039611,6,7,4.327617503438894,5.2562951280426065,-0.9286776246037123
FBgn0039611,8,8,4.636132331846676,5.2562951280426065,-0.6201627961959302
FBgn0039611,10,9,4.92046620638283,5.2562951280426065,-0.3358289216597763
FBgn0039611,12,10,5.168875174018982,5.2562951280426065,-0.08741995402362424
FBgn0039611,14,11,5.407412546113678,5.2562951280426065,0.15111741807107126
FBgn0039611,16,12,6.219203136952844,5.2562951280426065,0.9629080089102375
FBgn0039611,20,13,6.340911818730113,5.2562951280426065,1.0846166906875068
FBgn0039611,24,14,5.483563633988238,5.2562951280426065,0.22726850594563164
FBgn0039611,30,15,5.467674463979236,5.2562951280426065,0.2113793359366296
FBgn0039611,36,16,5.335154658989994,5.2562951280426065,0.07885953094738785
FBgn0039611,42,17,6.5174949325352705,5.2562951280426065,1.261199804492664
FBgn0039611,48,18,5.876308929835316,5.2562951280426065,0.6200138017927097
FBgn0039611,72,19,5.875616865058026,5.2562951280426065,0.6193217370154196
FBgn0039611,96,20,5.704175971558005,5.2562951280426065,0.4478808435153985
FBgn0039611,120,21,5.613679080646838,5.2562951280426065,0.3573839526042315
FBgn0039613,1,2,2.380799771692444,2.3723111964501147,0.008488575242329155
FBgn0039613,2,3,2.4389087301479577,2.3723111964501147,0.06659753369784305
FBgn0039613,3,4,2.0987539696529844,2.3723111964501147,-0.27355722679713024
FBgn0039613,4,5,2.868703863996964,2.3723111964501147,0.4963926675468495
FBgn0039613,5,6,3.450169282069168,2.3723111964501147,1.0778580856190532
FBgn0039613,6,7,3.3920113895967745,2.3723111964501147,1.0197001931466598
FBgn0039613,8,8,3.902570358312654,2.3723111964501147,1.5302591618625394
FBgn0039613,10,9,4.165794995379136,2.3723111964501147,1.7934837989290209
FBgn0039613,12,10,4.0414797943680565,2.3723111964501147,1.6691685979179418
FBgn0039613,14,11,3.4594560957900518,2.3723111964501147,1.087144899339937
FBgn0039613,16,12,3.425201051667348,2.3723111964501147,1.0528898552172334
FBgn0039613,20,13,3.241036749406276,2.3723111964501147,0.8687255529561613
FBgn0039613,24,14,2.7938409050015123,2.3723111964501147,0.4215297085513976
FBgn0039613,30,15,3.1766744904648707,2.3723111964501147,0.804363294014756
FBgn0039613,36,16,2.871285997318625,2.3723111964501147,0.4989748008685102
FBgn0039613,42,17,3.182859364332535,2.3723111964501147,0.8105481678824202
FBgn0039613,48,18,2.7740939235541546,2.3723111964501147,0.40178272710403995
FBgn0039613,72,19,2.836883136396307,2.3723111964501147,0.4645719399461923
FBgn0039613,96,20,2.6580988240030354,2.3723111964501147,0.28578762755292075
FBgn0039613,120,21,2.767623287639942,2.3723111964501147,0.39531209118982735
FBgn0039666,1,2,0.8224814146195927,1.7829832013733578,-0.9605017867537651
FBgn0039666,2,3,0.9264524579272713,1.7829832013733578,-0.8565307434460865
FBgn0039666,3,4,1.9368806768786289,1.7829832013733578,0.1538974755052711
FBgn0039666,4,5,6.355310796474022,1.7829832013733578,4.572327595100664
FBgn0039666,5,6,8.191685706633587,1.7829832013733578,6.408702505260229
FBgn0039666,6,7,8.202116016667683,1.7829832013733578,6.419132815294325
FBgn0039666,8,8,8.843764154987364,1.7829832013733578,7.060780953614006
FBgn0039666,10,9,9.142784266392825,1.7829832013733578,7.359801065019467
FBgn0039666,12,10,9.301669412641566,1.7829832013733578,7.518686211268208
FBgn0039666,14,11,7.918439259585677,1.7829832013733578,6.135456058212319
FBgn0039666,16,12,6.616033180371506,1.7829832013733578,4.833049978998148
FBgn0039666,20,13,5.9549910871885,1.7829832013733578,4.172007885815142
FBgn0039666,24,14,4.3070004824837955,1.7829832013733578,2.5240172811104378
FBgn0039666,30,15,5.916762465216857,1.7829832013733578,4.1337792638435
FBgn0039666,36,16,4.460338364657192,1.7829832013733578,2.677355163283834
FBgn0039666,42,17,3.8347767528707917,1.7829832013733578,2.051793551497434
FBgn0039666,48,18,2.2140341086502704,1.7829832013733578,0.43105090727691264
FBgn0039666,72,19,1.1319676811127823,1.7829832013733578,-0.6510155202605754
FBgn0039666,96,20,1.223615165685647,1.7829832013733578,-0.5593680356877107
FBgn0039666,120,21,0.8856389505132378,1.7829832013733578,-0.8973442508601199
FBgn0039685,1,2,6.533739820786229,6.751314376148198,-0.2175745553619688
FBgn0039685,2,3,6.385527049937239,6.751314376148198,-0.3657873262109588
FBgn0039685,3,4,5.700963214175329,6.751314376148198,-1.050351161972869
FBgn0039685,4,5,6.11704754697227,6.751314376148198,-0.6342668291759281
FBgn0039685,5,6,5.993398642982016,6.751314376148198,-0.7579157331661817
FBgn0039685,6,7,5.382892037199833,6.751314376148198,-1.3684223389483652
FBgn0039685,8,8,4.930184208138167,6.751314376148198,-1.821130168010031
FBgn0039685,10,9,5.1472708392338955,6.751314376148198,-1.6040435369143022
FBgn0039685,12,10,5.3923933972824,6.751314376148198,-1.3589209788657977
FBgn0039685,14,11,5.7059545409394,6.751314376148198,-1.0453598352087976
FBgn0039685,16,12,5.3447829896595085,6.751314376148198,-1.4065313864886893
FBgn0039685,20,13,4.738503520049477,6.751314376148198,-2.012810856098721
FBgn0039685,24,14,5.31389087609697,6.751314376148198,-1.4374235000512279
FBgn0039685,30,15,5.605866879982121,6.751314376148198,-1.145447496166077
FBgn0039685,36,16,7.4040413154924165,6.751314376148198,0.6527269393442188
FBgn0039685,42,17,6.933017359584785,6.751314376148198,0.18170298343658686
FBgn0039685,48,18,6.499291086120745,6.751314376148198,-0.25202329002745305
FBgn0039685,72,19,7.076326237665561,6.751314376148198,0.32501186151736317
FBgn0039685,96,20,7.300951942350062,6.751314376148198,0.5496375662018647
FBgn0039685,120,21,7.359610970885731,6.751314376148198,0.6082965947375332
FBgn0039759,1,2,4.91080930311049,2.043686246327896,2.867123056782594
FBgn0039759,2,3,4.846007345705254,2.043686246327896,2.802321099377358
FBgn0039759,3,4,3.4125272830073925,2.043686246327896,1.3688410366794965
FBgn0039759,4,5,3.3457028078404427,2.043686246327896,1.3020165615125467
FBgn0039759,5,6,2.980647855918292,2.043686246327896,0.9369616095903961
FBgn0039759,6,7,3.135356633907608,2.043686246327896,1.091670387579712
FBgn0039759,8,8,2.8204233110450847,2.043686246327896,0.7767370647171887
FBgn0039759,10,9,3.106830565132049,2.043686246327896,1.0631443188041532
FBgn0039759,12,10,2.9934993466477553,2.043686246327896,0.9498131003198593
FBgn0039759,14,11,2.58034096189513,2.043686246327896,0.5366547155672339
FBgn0039759,16,12,2.5752957995726478,2.043686246327896,0.5316095532447518
FBgn0039759,20,13,3.0707719144757712,2.043686246327896,1.0270856681478753
FBgn0039759,24,14,2.7800633152280363,2.043686246327896,0.7363770689001403
FBgn0039759,30,15,3.110177449159556,2.043686246327896,1.06649120283166
FBgn0039759,36,16,3.2143168892118235,2.043686246327896,1.1706306428839275
FBgn0039759,42,17,3.3133043149236387,2.043686246327896,1.2696180685957428
FBgn0039759,48,18,3.016151307278594,2.043686246327896,0.972465060950698
FBgn0039759,72,19,3.1996589180978394,2.043686246327896,1.1559726717699434
FBgn0039759,96,20,3.1878104555069937,2.043686246327896,1.1441242091790977
FBgn0039759,120,21,3.2089618635755786,2.043686246327896,1.1652756172476826
FBgn0039768,1,2,3.3170008373049127,2.481220242845926,0.8357805944589867
FBgn0039768,2,3,3.2028472620863004,2.481220242845926,0.7216270192403744
FBgn0039768,3,4,2.7458938791576295,2.481220242845926,0.2646736363117035
FBgn0039768,4,5,1.9534453384846246,2.481220242845926,-0.5277749043613014
FBgn0039768,5,6,3.3161943717727977,2.481220242845926,0.8349741289268717
FBgn0039768,6,7,3.2246285863348083,2.481220242845926,0.7434083434888823
FBgn0039768,8,8,4.072094075106893,2.481220242845926,1.590873832260967
FBgn0039768,10,9,4.633029425595392,2.481220242845926,2.1518091827494663
FBgn0039768,12,10,4.335202303230218,2.481220242845926,1.8539820603842916
FBgn0039768,14,11,4.485755950824874,2.481220242845926,2.004535707978948
FBgn0039768,16,12,4.050493520532314,2.481220242845926,1.5692732776863876
FBgn0039768,20,13,4.755979160860467,2.481220242845926,2.274758918014541
FBgn0039768,24,14,4.825069535722284,2.481220242845926,2.3438492928763583
FBgn0039768,30,15,5.251994425127286,2.481220242845926,2.77077418228136
FBgn0039768,36,16,4.979324895563038,2.481220242845926,2.498104652717112
FBgn0039768,42,17,5.373768723806408,2.481220242845926,2.892548480960482
FBgn0039768,48,18,5.738362080664039,2.481220242845926,3.2571418378181134
FBgn0039768,72,19,6.034549486877679,2.481220242845926,3.5533292440317528
FBgn0039768,96,20,5.716762580689171,2.481220242845926,3.2355423378432446
FBgn0039768,120,21,5.899968859920996,2.481220242845926,3.41874861707507
FBgn0039769,1,2,4.663148193802812,3.39525690151308,1.2678912922897316
FBgn0039769,2,3,4.74733487441412,3.39525690151308,1.3520779729010401
FBgn0039769,3,4,4.450364865101109,3.39525690151308,1.0551079635880294
FBgn0039769,4,5,3.454198156462904,3.39525690151308,0.05894125494982383
FBgn0039769,5,6,4.564684219981244,3.39525690151308,1.1694273184681636
FBgn0039769,6,7,4.548041170997102,3.39525690151308,1.1527842694840222
FBgn0039769,8,8,5.002734689961942,3.39525690151308,1.607477788448862
FBgn0039769,10,9,5.452877675970081,3.39525690151308,2.0576207744570008
FBgn0039769,12,10,5.267278016057128,3.39525690151308,1.8720211145440482
FBgn0039769,14,11,5.15367682976421,3.39525690151308,1.7584199282511301
FBgn0039769,16,12,4.399397363869074,3.39525690151308,1.004140462355994
FBgn0039769,20,13,5.214402379738079,3.39525690151308,1.819145478224999
FBgn0039769,24,14,5.524660242680699,3.39525690151308,2.1294033411676194
FBgn0039769,30,15,5.728567446694429,3.39525690151308,2.333310545181349
FBgn0039769,36,16,5.339832009278371,3.39525690151308,1.9445751077652913
FBgn0039769,42,17,5.589860313838891,3.39525690151308,2.1946034123258107
FBgn0039769,48,18,6.096315997225511,3.39525690151308,2.7010590957124307
FBgn0039769,72,19,6.218059145789624,3.39525690151308,2.822802244276544
FBgn0039769,96,20,5.632855110662547,3.39525690151308,2.237598209149467
FBgn0039769,120,21,5.452018821228831,3.39525690151308,2.0567619197157514
FBgn0039817,1,2,4.579816063041225,3.947039455399622,0.6327766076416026
FBgn0039817,2,3,4.809356104141089,3.947039455399622,0.8623166487414666
FBgn0039817,3,4,4.238929144029133,3.947039455399622,0.29188968862951103
FBgn0039817,4,5,3.7766686203745143,3.947039455399622,-0.17037083502510786
FBgn0039817,5,6,3.6786253825740776,3.947039455399622,-0.26841407282554464
FBgn0039817,6,7,3.4065050539040476,3.947039455399622,-0.5405344014955746
FBgn0039817,8,8,3.3254761663084365,3.947039455399622,-0.6215632890911857
FBgn0039817,10,9,3.7362609129540543,3.947039455399622,-0.21077854244556793
FBgn0039817,12,10,4.113341677709952,3.947039455399622,0.1663022223103301
FBgn0039817,14,11,4.236810105400089,3.947039455399622,0.28977065000046665
FBgn0039817,16,12,4.524215471503199,3.947039455399622,0.5771760161035768
FBgn0039817,20,13,4.55268990456363,3.947039455399622,0.605650449164008
FBgn0039817,24,14,4.3180109974373275,3.947039455399622,0.3709715420377053
FBgn0039817,30,15,4.503142742164277,3.947039455399622,0.5561032867646549
FBgn0039817,36,16,4.690263776731394,3.947039455399622,0.7432243213317715
FBgn0039817,42,17,4.954881360451898,3.947039455399622,1.0078419050522758
FBgn0039817,48,18,4.85869401353926,3.947039455399622,0.911654558139638
FBgn0039817,72,19,5.065913184470411,3.947039455399622,1.1188737290707884
FBgn0039817,96,20,4.9831845355916595,3.947039455399622,1.0361450801920373
FBgn0039817,120,21,5.234218385611159,3.947039455399622,1.287178930211537
FBgn0039873,1,2,7.254814189030764,7.971074295063998,-0.7162601060332339
FBgn0039873,2,3,6.693352100209034,7.971074295063998,-1.277722194854964
FBgn0039873,3,4,7.506919913748421,7.971074295063998,-0.46415438131557707
FBgn0039873,4,5,7.343036914212447,7.971074295063998,-0.6280373808515511
FBgn0039873,5,6,7.268660861503578,7.971074295063998,-0.7024134335604195
FBgn0039873,6,7,6.975874136516422,7.971074295063998,-0.9952001585475756
FBgn0039873,8,8,6.745571732209385,7.971074295063998,-1.2255025628546132
FBgn0039873,10,9,6.438122463170956,7.971074295063998,-1.5329518318930422
FBgn0039873,12,10,5.730437063952136,7.971074295063998,-2.2406372311118616
FBgn0039873,14,11,4.775452109045189,7.971074295063998,-3.1956221860188085
FBgn0039873,16,12,5.930605516565264,7.971074295063998,-2.0404687784987336
FBgn0039873,20,13,8.093673374431598,7.971074295063998,0.12259907936759973
FBgn0039873,24,14,7.875666352049351,7.971074295063998,-0.09540794301464661
FBgn0039873,30,15,7.00919476770994,7.971074295063998,-0.9618795273540579
FBgn0039873,36,16,5.546300998118886,7.971074295063998,-2.424773296945112
FBgn0039873,42,17,7.419346447260363,7.971074295063998,-0.5517278478036349
FBgn0039873,48,18,7.833366263454298,7.971074295063998,-0.1377080316096997
FBgn0039873,72,19,7.526569822120697,7.971074295063998,-0.44450447294330075
FBgn0039873,96,20,7.623860105021566,7.971074295063998,-0.3472141900424317
FBgn0039873,120,21,7.507064793774402,7.971074295063998,-0.4640095012895955
FBgn0040001,1,2,6.261768504743745,7.868385962646098,-1.6066174579023533
FBgn0040001,2,3,6.414431340347166,7.868385962646098,-1.453954622298932
FBgn0040001,3,4,7.145985499265743,7.868385962646098,-0.7224004633803549
FBgn0040001,4,5,7.674609161951668,7.868385962646098,-0.1937768006944296
FBgn0040001,5,6,7.906343114729437,7.868385962646098,0.037957152083339274
FBgn0040001,6,7,8.05111511514505,7.868385962646098,0.18272915249895227
FBgn0040001,8,8,8.211536059249585,7.868385962646098,0.3431500966034875
FBgn0040001,10,9,8.306071996764752,7.868385962646098,0.4376860341186539
FBgn0040001,12,10,8.078159383165975,7.868385962646098,0.2097734205198769
FBgn0040001,14,11,8.931990563677882,7.868385962646098,1.0636046010317841
FBgn0040001,16,12,8.377550485736315,7.868385962646098,0.5091645230902166
FBgn0040001,20,13,8.037712476453569,7.868385962646098,0.1693265138074711
FBgn0040001,24,14,7.925232478257341,7.868385962646098,0.056846515611242765
FBgn0040001,30,15,8.252813163728062,7.868385962646098,0.38442720108196404
FBgn0040001,36,16,8.306642335940113,7.868385962646098,0.43825637329401523
FBgn0040001,42,17,8.411045596091004,7.868385962646098,0.5426596334449059
FBgn0040001,48,18,7.536104019521066,7.868385962646098,-0.33228194312503234
FBgn0040001,72,19,7.740242462290128,7.868385962646098,-0.12814350035596966
FBgn0040001,96,20,8.03842554465023,7.868385962646098,0.17003958200413294
FBgn0040001,120,21,8.363780777702353,7.868385962646098,0.4953948150562546
FBgn0040096,1,2,1.5412233252902583,1.644259395462139,-0.10303607017188066
FBgn0040096,2,3,1.1810781100922483,1.644259395462139,-0.46318128536989067
FBgn0040096,3,4,1.14556636167384,1.644259395462139,-0.4986930337882989
FBgn0040096,4,5,1.347519306151018,1.644259395462139,-0.29674008931112095
FBgn0040096,5,6,1.595211150373564,1.644259395462139,-0.04904824508857497
FBgn0040096,6,7,1.017914750183317,1.644259395462139,-0.6263446452788219
FBgn0040096,8,8,1.3183181462979348,1.644259395462139,-0.3259412491642042
FBgn0040096,10,9,1.660034459252103,1.644259395462139,0.015775063789964072
FBgn0040096,12,10,1.8293962377659687,1.644259395462139,0.18513684230382976
FBgn0040096,14,11,1.6472464927448427,1.644259395462139,0.0029870972827037434
FBgn0040096,16,12,1.6600020465531165,1.644259395462139,0.0157426510909775
FBgn0040096,20,13,1.8187138886038854,1.644259395462139,0.17445449314174644
FBgn0040096,24,14,2.902330369670165,1.644259395462139,1.2580709742080258
FBgn0040096,30,15,2.9150409576923098,1.644259395462139,1.2707815622301708
FBgn0040096,36,16,2.274968131137041,1.644259395462139,0.6307087356749022
FBgn0040096,42,17,2.1186620102939635,1.644259395462139,0.47440261483182455
FBgn0040096,48,18,2.7747902546819896,1.644259395462139,1.1305308592198506
FBgn0040096,72,19,2.218479919198132,1.644259395462139,0.5742205237359932
FBgn0040096,96,20,2.01670586316174,1.644259395462139,0.3724464676996009
FBgn0040096,120,21,2.348602905443678,1.644259395462139,0.7043435099815389
FBgn0040099,1,2,5.951981620465552,6.4407215641672275,-0.4887399437016757
FBgn0040099,2,3,5.385315185674049,6.4407215641672275,-1.0554063784931786
FBgn0040099,3,4,4.587020663172162,6.4407215641672275,-1.8537009009950651
FBgn0040099,4,5,4.860558556184906,6.4407215641672275,-1.5801630079823212
FBgn0040099,5,6,5.916618182023845,6.4407215641672275,-0.5241033821433829
FBgn0040099,6,7,5.4229777839848925,6.4407215641672275,-1.017743780182335
FBgn0040099,8,8,5.181843687076595,6.4407215641672275,-1.2588778770906321
FBgn0040099,10,9,6.1963317555717845,6.4407215641672275,-0.24438980859544301
FBgn0040099,12,10,5.784127929544956,6.4407215641672275,-0.6565936346222712
FBgn0040099,14,11,6.551806887304409,6.4407215641672275,0.11108532313718111
FBgn0040099,16,12,6.684870620279664,6.4407215641672275,0.24414905611243665
FBgn0040099,20,13,6.843898136295658,6.4407215641672275,0.40317657212843017
FBgn0040099,24,14,6.5436715955662645,6.4407215641672275,0.10295003139903702
FBgn0040099,30,15,6.689488256548955,6.4407215641672275,0.24876669238172777
FBgn0040099,36,16,6.095434179036772,6.4407215641672275,-0.3452873851304554
FBgn0040099,42,17,6.8381747688846595,6.4407215641672275,0.39745320471743195
FBgn0040099,48,18,6.706574093901855,6.4407215641672275,0.2658525297346275
FBgn0040099,72,19,6.589615762605689,6.4407215641672275,0.14889419843846152
FBgn0040099,96,20,7.113589695221542,6.4407215641672275,0.6728681310543143
FBgn0040099,120,21,7.3829709975165,6.4407215641672275,0.9422494333492724
FBgn0040104,1,2,1.101462126991058,1.6341168481864745,-0.5326547211954165
FBgn0040104,2,3,1.3900175413446139,1.6341168481864745,-0.24409930684186065
FBgn0040104,3,4,1.917720232405662,1.6341168481864745,0.2836033842191874
FBgn0040104,4,5,5.793718054408183,1.6341168481864745,4.1596012062217085
FBgn0040104,5,6,6.467087105416484,1.6341168481864745,4.832970257230009
FBgn0040104,6,7,6.974711527598739,1.6341168481864745,5.3405946794122645
FBgn0040104,8,8,5.823467937280248,1.6341168481864745,4.1893510890937735
FBgn0040104,10,9,6.140160118510483,1.6341168481864745,4.5060432703240085
FBgn0040104,12,10,5.446554429134663,1.6341168481864745,3.8124375809481883
FBgn0040104,14,11,3.888536050777126,1.6341168481864745,2.2544192025906513
FBgn0040104,16,12,2.822809271284178,1.6341168481864745,1.1886924230977036
FBgn0040104,20,13,2.3868389896922566,1.6341168481864745,0.7527221415057821
FBgn0040104,24,14,1.7338746735907429,1.6341168481864745,0.09975782540426836
FBgn0040104,30,15,3.7751835002961345,1.6341168481864745,2.14106665210966
FBgn0040104,36,16,2.282605838343393,1.6341168481864745,0.6484889901569186
FBgn0040104,42,17,1.9460501071605614,1.6341168481864745,0.31193325897408686
FBgn0040104,48,18,0.8352217924046539,1.6341168481864745,-0.7988950557818206
FBgn0040104,72,19,0.7245778005065366,1.6341168481864745,-0.9095390476799379
FBgn0040104,96,20,0.9936308425150866,1.6341168481864745,-0.6404860056713879
FBgn0040104,120,21,1.1816616081441782,1.6341168481864745,-0.4524552400422963
FBgn0040211,1,2,5.248492711167616,5.520288005401815,-0.2717952942341988
FBgn0040211,2,3,4.923755459121107,5.520288005401815,-0.5965325462807076
FBgn0040211,3,4,4.619994792690986,5.520288005401815,-0.900293212710829
FBgn0040211,4,5,4.549011917989153,5.520288005401815,-0.9712760874126616
FBgn0040211,5,6,4.887707359732282,5.520288005401815,-0.6325806456695329
FBgn0040211,6,7,4.7781124523940335,5.520288005401815,-0.7421755530077814
FBgn0040211,8,8,4.640382581031754,5.520288005401815,-0.8799054243700608
FBgn0040211,10,9,4.993277767084516,5.520288005401815,-0.527010238317299
FBgn0040211,12,10,4.717888304544324,5.520288005401815,-0.8023997008574906
FBgn0040211,14,11,4.569348991276367,5.520288005401815,-0.9509390141254475
FBgn0040211,16,12,4.592717454360205,5.520288005401815,-0.9275705510416099
FBgn0040211,20,13,4.799287855146199,5.520288005401815,-0.721000150255616
FBgn0040211,24,14,5.458883323433596,5.520288005401815,-0.061404681968219244
FBgn0040211,30,15,5.660557267083714,5.520288005401815,0.14026926168189924
FBgn0040211,36,16,5.014500697672167,5.520288005401815,-0.5057873077296478
FBgn0040211,42,17,5.290436909384608,5.520288005401815,-0.22985109601720666
FBgn0040211,48,18,5.862330228743639,5.520288005401815,0.3420422233418243
FBgn0040211,72,19,6.064239884832529,5.520288005401815,0.5439518794307139
FBgn0040211,96,20,6.3344940952088535,5.520288005401815,0.8142060898070387
FBgn0040211,120,21,6.539508076725232,5.520288005401815,1.0192200713234172
FBgn0040251,1,2,1.5923357068719537,1.337855622939332,0.2544800839326218
FBgn0040251,2,3,2.1636792686376025,1.337855622939332,0.8258236456982706
FBgn0040251,3,4,2.148912623471669,1.337855622939332,0.8110570005323372
FBgn0040251,4,5,3.3324694478383003,1.337855622939332,1.9946138248989684
FBgn0040251,5,6,1.798545373991075,1.337855622939332,0.46068975105174315
FBgn0040251,6,7,3.21124221741777,1.337855622939332,1.873386594478438
FBgn0040251,8,8,1.7750083772443421,1.337855622939332,0.4371527543050102
FBgn0040251,10,9,1.4516362458296825,1.337855622939332,0.11378062289035062
FBgn0040251,12,10,1.7609310518155359,1.337855622939332,0.423075428876204
FBgn0040251,14,11,2.98318926242983,1.337855622939332,1.6453336394904983
FBgn0040251,16,12,1.5701557941524087,1.337855622939332,0.23230017121307678
FBgn0040251,20,13,1.3703295965152873,1.337855622939332,0.032473973575955384
FBgn0040251,24,14,1.5795054277836234,1.337855622939332,0.24164980484429144
FBgn0040251,30,15,1.6884162500287156,1.337855622939332,0.35056062708938374
FBgn0040251,36,16,1.7800273436694076,1.337855622939332,0.4421717207300757
FBgn0040251,42,17,1.369860353837932,1.337855622939332,0.03200473089860001
FBgn0040251,48,18,1.543452946382029,1.337855622939332,0.2055973234426971
FBgn0040251,72,19,1.6899557215683223,1.337855622939332,0.3521000986289904
FBgn0040251,96,20,2.392613885192169,1.337855622939332,1.0547582622528373
FBgn0040251,120,21,2.0304349626675116,1.337855622939332,0.6925793397281796
FBgn0040349,1,2,7.353991150762826,7.077625852906529,0.27636529785629715
FBgn0040349,2,3,7.166459277083012,7.077625852906529,0.08883342417648343
FBgn0040349,3,4,7.0839538567328715,7.077625852906529,0.006328003826342687
FBgn0040349,4,5,7.140855337409429,7.077625852906529,0.06322948450289978
FBgn0040349,5,6,7.1584159468380735,7.077625852906529,0.08079009393154468
FBgn0040349,6,7,6.321485546063419,7.077625852906529,-0.7561403068431094
FBgn0040349,8,8,6.284738053541959,7.077625852906529,-0.7928877993645695
FBgn0040349,10,9,6.783168119461763,7.077625852906529,-0.2944577334447658
FBgn0040349,12,10,7.078047733852044,7.077625852906529,0.00042188094551498523
FBgn0040349,14,11,6.924349874012062,7.077625852906529,-0.15327597889446665
FBgn0040349,16,12,6.835873470272583,7.077625852906529,-0.24175238263394583
FBgn0040349,20,13,7.107148531675116,7.077625852906529,0.029522678768587163
FBgn0040349,24,14,7.791618907995481,7.077625852906529,0.7139930550889524
FBgn0040349,30,15,7.920789281889312,7.077625852906529,0.8431634289827832
FBgn0040349,36,16,8.066392136488345,7.077625852906529,0.9887662835818158
FBgn0040349,42,17,7.821369963400534,7.077625852906529,0.7437441104940055
FBgn0040349,48,18,7.957609970922983,7.077625852906529,0.8799841180164538
FBgn0040349,72,19,8.612149546160698,7.077625852906529,1.5345236932541688
FBgn0040349,96,20,8.535715235936822,7.077625852906529,1.458089383030293
FBgn0040349,120,21,8.776056534625173,7.077625852906529,1.6984306817186443
FBgn0040582,1,2,7.158710456095258,6.881087268796302,0.2776231872989561
FBgn0040582,2,3,7.756362258064451,6.881087268796302,0.8752749892681493
FBgn0040582,3,4,7.936230542602559,6.881087268796302,1.055143273806257
FBgn0040582,4,5,8.093835527490253,6.881087268796302,1.212748258693951
FBgn0040582,5,6,8.465033842340986,6.881087268796302,1.5839465735446847
FBgn0040582,6,7,8.301063662257043,6.881087268796302,1.4199763934607414
FBgn0040582,8,8,8.428108179679,6.881087268796302,1.5470209108826989
FBgn0040582,10,9,8.425909612105318,6.881087268796302,1.5448223433090167
FBgn0040582,12,10,7.904938784140678,6.881087268796302,1.0238515153443766
FBgn0040582,14,11,8.076681540508654,6.881087268796302,1.195594271712352
FBgn0040582,16,12,8.198039741267408,6.881087268796302,1.3169524724711064
FBgn0040582,20,13,8.403582733953835,6.881087268796302,1.522495465157533
FBgn0040582,24,14,7.664949324402889,6.881087268796302,0.783862055606587
FBgn0040582,30,15,8.450611329654151,6.881087268796302,1.5695240608578498
FBgn0040582,36,16,7.696924227086857,6.881087268796302,0.8158369582905554
FBgn0040582,42,17,8.561274895781276,6.881087268796302,1.6801876269849743
FBgn0040582,48,18,7.510180869033802,6.881087268796302,0.6290936002375007
FBgn0040582,72,19,7.723809210808406,6.881087268796302,0.8427219420121048
FBgn0040582,96,20,6.646753343395698,6.881087268796302,-0.2343339254006036
FBgn0040582,120,21,6.8214002801248625,6.881087268796302,-0.05968698867143907
FBgn0040609,1,2,5.969413463456805,6.0090992771639415,-0.03968581370713675
FBgn0040609,2,3,5.176306341690546,6.0090992771639415,-0.8327929354733952
FBgn0040609,3,4,4.242783562996482,6.0090992771639415,-1.76631571416746
FBgn0040609,4,5,4.450147097520963,6.0090992771639415,-1.5589521796429784
FBgn0040609,5,6,3.9939093683590086,6.0090992771639415,-2.015189908804933
FBgn0040609,6,7,4.039270195596564,6.0090992771639415,-1.9698290815673776
FBgn0040609,8,8,4.684708587424012,6.0090992771639415,-1.3243906897399293
FBgn0040609,10,9,5.242425394468661,6.0090992771639415,-0.7666738826952804
FBgn0040609,12,10,5.407976727714278,6.0090992771639415,-0.6011225494496637
FBgn0040609,14,11,4.126777796305532,6.0090992771639415,-1.8823214808584092
FBgn0040609,16,12,3.820427340911232,6.0090992771639415,-2.1886719362527094
FBgn0040609,20,13,3.6823570434798585,6.0090992771639415,-2.326742233684083
FBgn0040609,24,14,4.800201105957941,6.0090992771639415,-1.208898171206001
FBgn0040609,30,15,4.2248507206656285,6.0090992771639415,-1.784248556498313
FBgn0040609,36,16,4.709597695987123,6.0090992771639415,-1.299501581176819
FBgn0040609,42,17,3.6861962458733997,6.0090992771639415,-2.322903031290542
FBgn0040609,48,18,4.948591550998278,6.0090992771639415,-1.060507726165664
FBgn0040609,72,19,3.819024546188123,6.0090992771639415,-2.1900747309758186
FBgn0040609,96,20,4.049748322865295,6.0090992771639415,-1.959350954298647
FBgn0040609,120,21,4.046620331055017,6.0090992771639415,-1.9624789461089245
FBgn0040653,1,2,8.075957241609498,7.243832513433285,0.832124728176213
FBgn0040653,2,3,9.048530541428875,7.243832513433285,1.80469802799559
FBgn0040653,3,4,9.516763546304952,7.243832513433285,2.272931032871668
FBgn0040653,4,5,9.734694277989185,7.243832513433285,2.4908617645559
FBgn0040653,5,6,9.940095614342937,7.243832513433285,2.6962631009096523
FBgn0040653,6,7,9.909643792659491,7.243832513433285,2.6658112792262063
FBgn0040653,8,8,10.200441259459838,7.243832513433285,2.9566087460265535
FBgn0040653,10,9,9.830827768108563,7.243832513433285,2.586995254675278
FBgn0040653,12,10,9.281262837285727,7.243832513433285,2.0374303238524423
FBgn0040653,14,11,9.272990112395934,7.243832513433285,2.02915759896265
FBgn0040653,16,12,9.483921752110737,7.243832513433285,2.2400892386774522
FBgn0040653,20,13,9.703761137926644,7.243832513433285,2.45992862449336
FBgn0040653,24,14,8.553016739290332,7.243832513433285,1.309184225857047
FBgn0040653,30,15,10.016068209893028,7.243832513433285,2.7722356964597434
FBgn0040653,36,16,8.907796639246946,7.243832513433285,1.6639641258136617
FBgn0040653,42,17,9.534017387857947,7.243832513433285,2.2901848744246625
FBgn0040653,48,18,8.226508257802305,7.243832513433285,0.9826757443690202
FBgn0040653,72,19,8.69129431445236,7.243832513433285,1.4474618010190756
FBgn0040653,96,20,8.080494675812226,7.243832513433285,0.836662162378941
FBgn0040653,120,21,7.857664839652733,7.243832513433285,0.6138323262194483
FBgn0040729,1,2,3.0689542817030944,2.3694850523928555,0.6994692293102389
FBgn0040729,2,3,3.454770111263123,2.3694850523928555,1.0852850588702676
FBgn0040729,3,4,3.432914595989977,2.3694850523928555,1.0634295435971217
FBgn0040729,4,5,2.570089258473655,2.3694850523928555,0.20060420608079976
FBgn0040729,5,6,2.7158423216287098,2.3694850523928555,0.3463572692358543
FBgn0040729,6,7,2.8821471607576963,2.3694850523928555,0.5126621083648408
FBgn0040729,8,8,2.3167523809545965,2.3694850523928555,-0.05273267143825899
FBgn0040729,10,9,2.23262514842932,2.3694850523928555,-0.13685990396353542
FBgn0040729,12,10,2.6546555759357613,2.3694850523928555,0.28517052354290584
FBgn0040729,14,11,2.6340632094591934,2.3694850523928555,0.2645781570663379
FBgn0040729,16,12,2.7070338100257825,2.3694850523928555,0.337548757632927
FBgn0040729,20,13,3.21624267302235,2.3694850523928555,0.8467576206294947
FBgn0040729,24,14,3.019113607630474,2.3694850523928555,0.6496285552376184
FBgn0040729,30,15,3.2090802944796457,2.3694850523928555,0.8395952420867903
FBgn0040729,36,16,3.2072523289841044,2.3694850523928555,0.8377672765912489
FBgn0040729,42,17,3.437272376207976,2.3694850523928555,1.0677873238151205
FBgn0040729,48,18,3.4973235419340662,2.3694850523928555,1.1278384895412108
FBgn0040729,72,19,3.6606332849896552,2.3694850523928555,1.2911482325967998
FBgn0040729,96,20,4.186051899071336,2.3694850523928555,1.8165668466784801
FBgn0040729,120,21,4.270546274369877,2.3694850523928555,1.901061221977022
FBgn0040734,1,2,5.522785395694525,4.929948754275717,0.592836641418808
FBgn0040734,2,3,6.315219366729087,4.929948754275717,1.38527061245337
FBgn0040734,3,4,6.908229115569671,4.929948754275717,1.9782803612939537
FBgn0040734,4,5,6.565073986531509,4.929948754275717,1.6351252322557919
FBgn0040734,5,6,6.712087163984539,4.929948754275717,1.7821384097088222
FBgn0040734,6,7,7.0190493644513605,4.929948754275717,2.0891006101756435
FBgn0040734,8,8,6.998420018660154,4.929948754275717,2.0684712643844367
FBgn0040734,10,9,6.870304058324428,4.929948754275717,1.940355304048711
FBgn0040734,12,10,6.187682867761233,4.929948754275717,1.2577341134855162
FBgn0040734,14,11,6.540272706891702,4.929948754275717,1.6103239526159854
FBgn0040734,16,12,6.444994593092568,4.929948754275717,1.5150458388168513
FBgn0040734,20,13,6.529944009624583,4.929948754275717,1.5999952553488663
FBgn0040734,24,14,6.046019067058483,4.929948754275717,1.1160703127827656
FBgn0040734,30,15,6.639788788090412,4.929948754275717,1.7098400338146948
FBgn0040734,36,16,5.729885392595454,4.929948754275717,0.7999366383197373
FBgn0040734,42,17,7.24177262180717,4.929948754275717,2.3118238675314533
FBgn0040734,48,18,5.156047414723263,4.929948754275717,0.2260986604475459
FBgn0040734,72,19,5.419375539211767,4.929948754275717,0.4894267849360503
FBgn0040734,96,20,4.292135689665013,4.929948754275717,-0.6378130646107039
FBgn0040734,120,21,4.356352130899387,4.929948754275717,-0.5735966233763303
FBgn0040735,1,2,5.414183164114916,5.497488382745989,-0.08330521863107343
FBgn0040735,2,3,5.942289766221213,5.497488382745989,0.444801383475224
FBgn0040735,3,4,6.0424287311711495,5.497488382745989,0.5449403484251603
FBgn0040735,4,5,6.597393208231713,5.497488382745989,1.0999048254857238
FBgn0040735,5,6,7.246045524574081,5.497488382745989,1.7485571418280914
FBgn0040735,6,7,7.332988893161302,5.497488382745989,1.8355005104153124
FBgn0040735,8,8,7.4712681079922785,5.497488382745989,1.9737797252462892
FBgn0040735,10,9,7.8087198435505325,5.497488382745989,2.3112314608045432
FBgn0040735,12,10,7.472695806361136,5.497488382745989,1.9752074236151467
FBgn0040735,14,11,7.4182988142076765,5.497488382745989,1.9208104314616872
FBgn0040735,16,12,7.495898242561026,5.497488382745989,1.9984098598150366
FBgn0040735,20,13,7.483356160662849,5.497488382745989,1.9858677779168596
FBgn0040735,24,14,6.324387495983904,5.497488382745989,0.8268991132379151
FBgn0040735,30,15,7.483233915800431,5.497488382745989,1.985745533054442
FBgn0040735,36,16,6.499526677981844,5.497488382745989,1.002038295235855
FBgn0040735,42,17,7.21020568522549,5.497488382745989,1.7127173024795006
FBgn0040735,48,18,6.2321880792924045,5.497488382745989,0.7346996965464152
FBgn0040735,72,19,6.269440614437752,5.497488382745989,0.7719522316917624
FBgn0040735,96,20,6.652195783165093,5.497488382745989,1.1547074004191034
FBgn0040735,120,21,6.1146283522453135,5.497488382745989,0.6171399694993243
FBgn0040736,1,2,8.147151491246746,6.6542738037756255,1.49287768747112
FBgn0040736,2,3,9.225844883736034,6.6542738037756255,2.5715710799604086
FBgn0040736,3,4,9.63988991816505,6.6542738037756255,2.9856161143894244
FBgn0040736,4,5,9.648447347847448,6.6542738037756255,2.9941735440718222
FBgn0040736,5,6,9.59447193769004,6.6542738037756255,2.9401981339144143
FBgn0040736,6,7,9.402729964440894,6.6542738037756255,2.7484561606652687
FBgn0040736,8,8,9.50128033924414,6.6542738037756255,2.8470065354685143
FBgn0040736,10,9,9.207439064698029,6.6542738037756255,2.5531652609224036
FBgn0040736,12,10,8.580072466252535,6.6542738037756255,1.9257986624769092
FBgn0040736,14,11,8.84478175935425,6.6542738037756255,2.1905079555786244
FBgn0040736,16,12,8.978655161884276,6.6542738037756255,2.324381358108651
FBgn0040736,20,13,9.041524205673579,6.6542738037756255,2.387250401897953
FBgn0040736,24,14,7.902843732746646,6.6542738037756255,1.2485699289710208
FBgn0040736,30,15,9.249635931188532,6.6542738037756255,2.5953621274129066
FBgn0040736,36,16,8.18575238915362,6.6542738037756255,1.5314785853779949
FBgn0040736,42,17,8.837260831629912,6.6542738037756255,2.1829870278542867
FBgn0040736,48,18,7.597487181778849,6.6542738037756255,0.9432133780032235
FBgn0040736,72,19,7.950808338445659,6.6542738037756255,1.2965345346700339
FBgn0040736,96,20,7.377333691958971,6.6542738037756255,0.7230598881833457
FBgn0040736,120,21,7.027990411057672,6.6542738037756255,0.3737166072820468
FBgn0040775,1,2,4.0625947553986155,4.618532319401602,-0.5559375640029867
FBgn0040775,2,3,3.862852885011981,4.618532319401602,-0.7556794343896209
FBgn0040775,3,4,3.8914933934404234,4.618532319401602,-0.7270389259611787
FBgn0040775,4,5,4.5945429322233355,4.618532319401602,-0.023989387178266597
FBgn0040775,5,6,4.103052350005856,4.618532319401602,-0.5154799693957459
FBgn0040775,6,7,4.353141919607922,4.618532319401602,-0.26539039979367995
FBgn0040775,8,8,5.079212129546338,4.618532319401602,0.460679810144736
FBgn0040775,10,9,5.374186524295867,4.618532319401602,0.7556542048942649
FBgn0040775,12,10,5.326477641065896,4.618532319401602,0.7079453216642939
FBgn0040775,14,11,5.605695980680144,4.618532319401602,0.9871636612785419
FBgn0040775,16,12,5.4902421960968635,4.618532319401602,0.8717098766952613
FBgn0040775,20,13,5.24144924036208,4.618532319401602,0.6229169209604777
FBgn0040775,24,14,5.301839941879165,4.618532319401602,0.6833076224775629
FBgn0040775,30,15,5.213425503482273,4.618532319401602,0.5948931840806706
FBgn0040775,36,16,5.250755372785068,4.618532319401602,0.6322230533834663
FBgn0040775,42,17,5.370169332468283,4.618532319401602,0.7516370130666807
FBgn0040775,48,18,5.307983296204428,4.618532319401602,0.6894509768028261
FBgn0040775,72,19,5.173164451925452,4.618532319401602,0.5546321325238495
FBgn0040775,96,20,5.2815968831209075,4.618532319401602,0.6630645637193053
FBgn0040775,120,21,5.25932675604189,4.618532319401602,0.640794436640288
FBgn0041105,1,2,1.7486253471900004,2.752823972493771,-1.0041986253037707
FBgn0041105,2,3,1.645057781176889,2.752823972493771,-1.1077661913168821
FBgn0041105,3,4,1.5205520850183563,2.752823972493771,-1.2322718874754148
FBgn0041105,4,5,1.8256652378081055,2.752823972493771,-0.9271587346856656
FBgn0041105,5,6,1.7005635790608586,2.752823972493771,-1.0522603934329124
FBgn0041105,6,7,2.557890726704221,2.752823972493771,-0.1949332457895503
FBgn0041105,8,8,2.626874392889791,2.752823972493771,-0.12594957960398023
FBgn0041105,10,9,2.7582488323285013,2.752823972493771,0.005424859834730178
FBgn0041105,12,10,2.1401081568060913,2.752823972493771,-0.6127158156876797
FBgn0041105,14,11,2.527256884179534,2.752823972493771,-0.2255670883142371
FBgn0041105,16,12,2.7019530128974516,2.752823972493771,-0.05087095959631949
FBgn0041105,20,13,1.9398189983154566,2.752823972493771,-0.8130049741783145
FBgn0041105,24,14,1.65665148016603,2.752823972493771,-1.0961724923277412
FBgn0041105,30,15,2.2744915524953937,2.752823972493771,-0.4783324199983774
FBgn0041105,36,16,1.8083684968343205,2.752823972493771,-0.9444554756594505
FBgn0041105,42,17,1.7996911763226984,2.752823972493771,-0.9531327961710727
FBgn0041105,48,18,1.3554767042467626,2.752823972493771,-1.3973472682470085
FBgn0041105,72,19,0.9879996545285694,2.752823972493771,-1.7648243179652017
FBgn0041105,96,20,0.951843813256755,2.752823972493771,-1.800980159237016
FBgn0041105,120,21,1.0232322332503503,2.752823972493771,-1.7295917392434208
FBgn0041182,1,2,8.583835577961331,7.37074825379426,1.2130873241670708
FBgn0041182,2,3,9.437355083945198,7.37074825379426,2.0666068301509375
FBgn0041182,3,4,9.494810391827738,7.37074825379426,2.1240621380334774
FBgn0041182,4,5,9.469603320513553,7.37074825379426,2.0988550667192927
FBgn0041182,5,6,9.306688496365407,7.37074825379426,1.9359402425711467
FBgn0041182,6,7,9.81268842256327,7.37074825379426,2.441940168769009
FBgn0041182,8,8,10.352007507191203,7.37074825379426,2.981259253396943
FBgn0041182,10,9,10.154561147398443,7.37074825379426,2.783812893604183
FBgn0041182,12,10,9.820844525659755,7.37074825379426,2.450096271865495
FBgn0041182,14,11,9.184229089862928,7.37074825379426,1.8134808360686678
FBgn0041182,16,12,9.222096236536945,7.37074825379426,1.851347982742685
FBgn0041182,20,13,9.674986921757682,7.37074825379426,2.304238667963422
FBgn0041182,24,14,8.04192301690151,7.37074825379426,0.67117476310725
FBgn0041182,30,15,10.181906696019267,7.37074825379426,2.8111584422250067
FBgn0041182,36,16,8.489252139808817,7.37074825379426,1.1185038860145573
FBgn0041182,42,17,8.498670885481172,7.37074825379426,1.1279226316869115
FBgn0041182,48,18,8.082800755183703,7.37074825379426,0.7120525013894428
FBgn0041182,72,19,8.356754662556838,7.37074825379426,0.9860064087625782
FBgn0041182,96,20,8.196894248012565,7.37074825379426,0.8261459942183054
FBgn0041182,120,21,8.217990773905044,7.37074825379426,0.8472425201107834
FBgn0041183,1,2,0.7654332018294822,0.8021138122299851,-0.036680610400502967
FBgn0041183,2,3,0.9924945032273429,0.8021138122299851,0.19038069099735777
FBgn0041183,3,4,1.178136727040899,0.8021138122299851,0.37602291481091377
FBgn0041183,4,5,1.1077943391897576,0.8021138122299851,0.30568052695977244
FBgn0041183,5,6,0.9667043911154989,0.8021138122299851,0.16459057888551376
FBgn0041183,6,7,1.3893381425211562,0.8021138122299851,0.587224330291171
FBgn0041183,8,8,1.4998929932890133,0.8021138122299851,0.6977791810590281
FBgn0041183,10,9,1.1946919412552017,0.8021138122299851,0.3925781290252166
FBgn0041183,12,10,1.190625754600938,0.8021138122299851,0.3885119423709529
FBgn0041183,14,11,1.1161321226342285,0.8021138122299851,0.31401831040424333
FBgn0041183,16,12,0.8670161367216173,0.8021138122299851,0.06490232449163214
FBgn0041183,20,13,0.933057785404317,0.8021138122299851,0.13094397317433193
FBgn0041183,24,14,0.6393809026011208,0.8021138122299851,-0.16273290962886433
FBgn0041183,30,15,3.6246769460707906,0.8021138122299851,2.8225631338408057
FBgn0041183,36,16,0.8847082561820356,0.8021138122299851,0.08259444395205051
FBgn0041183,42,17,0.549471434823661,0.8021138122299851,-0.2526423774063241
FBgn0041183,48,18,0.716981736906088,0.8021138122299851,-0.0851320753238971
FBgn0041183,72,19,0.9222542103949103,0.8021138122299851,0.12014039816492517
FBgn0041183,96,20,0.8938964077828997,0.8021138122299851,0.09178259555291457
FBgn0041183,120,21,0.6900158151228837,0.8021138122299851,-0.11209799710710144
FBgn0041184,1,2,5.601575351443824,4.4712075413131664,1.1303678101306573
FBgn0041184,2,3,6.030093095341368,4.4712075413131664,1.5588855540282012
FBgn0041184,3,4,5.597900499890175,4.4712075413131664,1.1266929585770082
FBgn0041184,4,5,6.082270827915073,4.4712075413131664,1.6110632866019063
FBgn0041184,5,6,5.509431278206737,4.4712075413131664,1.0382237368935705
FBgn0041184,6,7,6.332632678435852,4.4712075413131664,1.8614251371226853
FBgn0041184,8,8,5.510521107993474,4.4712075413131664,1.039313566680308
FBgn0041184,10,9,5.265953782618739,4.4712075413131664,0.7947462413055728
FBgn0041184,12,10,5.224754932577585,4.4712075413131664,0.7535473912644184
FBgn0041184,14,11,5.432691311930196,4.4712075413131664,0.9614837706170292
FBgn0041184,16,12,4.900600979974437,4.4712075413131664,0.429393438661271
FBgn0041184,20,13,5.216629829889858,4.4712075413131664,0.7454222885766919
FBgn0041184,24,14,4.671879509397613,4.4712075413131664,0.2006719680844462
FBgn0041184,30,15,5.148199800755844,4.4712075413131664,0.6769922594426774
FBgn0041184,36,16,5.036284713896927,4.4712075413131664,0.5650771725837602
FBgn0041184,42,17,4.726327088048521,4.4712075413131664,0.2551195467353544
FBgn0041184,48,18,4.753296308777991,4.4712075413131664,0.2820887674648249
FBgn0041184,72,19,4.737273889192825,4.4712075413131664,0.26606634787965877
FBgn0041184,96,20,6.05211450143142,4.4712075413131664,1.580906960118254
FBgn0041184,120,21,5.364895263303587,4.4712075413131664,0.8936877219904202
FBgn0041194,1,2,7.655100405599315,7.0737823275745235,0.5813180780247915
FBgn0041194,2,3,7.354766612508687,7.0737823275745235,0.2809842849341635
FBgn0041194,3,4,6.450039996249805,7.0737823275745235,-0.6237423313247188
FBgn0041194,4,5,6.286166538521751,7.0737823275745235,-0.7876157890527722
FBgn0041194,5,6,5.756187720140128,7.0737823275745235,-1.3175946074343958
FBgn0041194,6,7,6.105479727356574,7.0737823275745235,-0.9683026002179496
FBgn0041194,8,8,6.314015109988832,7.0737823275745235,-0.7597672175856918
FBgn0041194,10,9,7.107288385277422,7.0737823275745235,0.033506057702898495
FBgn0041194,12,10,6.964273078676578,7.0737823275745235,-0.10950924889794589
FBgn0041194,14,11,7.094209173192954,7.0737823275745235,0.02042684561843089
FBgn0041194,16,12,7.155478083903218,7.0737823275745235,0.08169575632869464
FBgn0041194,20,13,7.268833172861873,7.0737823275745235,0.19505084528734962
FBgn0041194,24,14,7.586407461149349,7.0737823275745235,0.5126251335748258
FBgn0041194,30,15,7.4064017932638775,7.0737823275745235,0.33261946568935397
FBgn0041194,36,16,7.761051178107941,7.0737823275745235,0.6872688505334175
FBgn0041194,42,17,7.336263159274668,7.0737823275745235,0.26248083170014436
FBgn0041194,48,18,7.798838647208148,7.0737823275745235,0.7250563196336248
FBgn0041194,72,19,7.980387352587526,7.0737823275745235,0.9066050250130022
FBgn0041194,96,20,7.97602598778502,7.0737823275745235,0.9022436602104964
FBgn0041194,120,21,8.347996101657532,7.0737823275745235,1.2742137740830088
FBgn0041579,1,2,9.63104130852264,3.911536102741491,5.719505205781148
FBgn0041579,2,3,10.237967118381277,3.911536102741491,6.326431015639786
FBgn0041579,3,4,10.21912292118391,3.911536102741491,6.307586818442418
FBgn0041579,4,5,10.530633245764081,3.911536102741491,6.619097143022589
FBgn0041579,5,6,10.517414533055145,3.911536102741491,6.605878430313654
FBgn0041579,6,7,10.401994162354292,3.911536102741491,6.4904580596128
FBgn0041579,8,8,10.291052876739636,3.911536102741491,6.379516773998144
FBgn0041579,10,9,9.36350955252862,3.911536102741491,5.451973449787129
FBgn0041579,12,10,10.044243956111462,3.911536102741491,6.13270785336997
FBgn0041579,14,11,9.005580477376586,3.911536102741491,5.094044374635095
FBgn0041579,16,12,8.91462470557154,3.911536102741491,5.003088602830049
FBgn0041579,20,13,10.252370453897765,3.911536102741491,6.340834351156273
FBgn0041579,24,14,7.643268705208972,3.911536102741491,3.731732602467481
FBgn0041579,30,15,10.202081648668598,3.911536102741491,6.290545545927106
FBgn0041579,36,16,9.128093887257986,3.911536102741491,5.216557784516494
FBgn0041579,42,17,9.623517487520061,3.911536102741491,5.71198138477857
FBgn0041579,48,18,8.983997624106113,3.911536102741491,5.072461521364621
FBgn0041579,72,19,9.660459874610627,3.911536102741491,5.748923771869135
FBgn0041579,96,20,8.846982290245332,3.911536102741491,4.935446187503841
FBgn0041579,120,21,8.61781626673697,3.911536102741491,4.706280163995478
FBgn0041581,1,2,9.246144622039882,4.2103038166722415,5.0358408053676404
FBgn0041581,2,3,9.977412444103482,4.2103038166722415,5.767108627431241
FBgn0041581,3,4,9.916051740446417,4.2103038166722415,5.705747923774175
FBgn0041581,4,5,9.595678294257432,4.2103038166722415,5.385374477585191
FBgn0041581,5,6,8.917895098751782,4.2103038166722415,4.70759128207954
FBgn0041581,6,7,8.569172399297909,4.2103038166722415,4.358868582625667
FBgn0041581,8,8,8.990862739038516,4.2103038166722415,4.780558922366274
FBgn0041581,10,9,8.034294436149317,4.2103038166722415,3.823990619477075
FBgn0041581,12,10,8.461297328441672,4.2103038166722415,4.250993511769431
FBgn0041581,14,11,7.7295303146798755,4.2103038166722415,3.519226498007634
FBgn0041581,16,12,7.793069188423177,4.2103038166722415,3.582765371750935
FBgn0041581,20,13,8.924086676481675,4.2103038166722415,4.713782859809434
FBgn0041581,24,14,6.593791993288292,4.2103038166722415,2.3834881766160505
FBgn0041581,30,15,8.99968960570461,4.2103038166722415,4.789385789032369
FBgn0041581,36,16,8.077478870785422,4.2103038166722415,3.86717505411318
FBgn0041581,42,17,8.467734508472448,4.2103038166722415,4.257430691800207
FBgn0041581,48,18,7.433490781621982,4.2103038166722415,3.2231869649497407
FBgn0041581,72,19,8.08861890156328,4.2103038166722415,3.878315084891038
FBgn0041581,96,20,8.12062866253659,4.2103038166722415,3.9103248458643494
FBgn0041581,120,21,7.593335762239862,4.2103038166722415,3.3830319455676205
FBgn0042086,1,2,7.422231544972297,5.0866240106716845,2.335607534300612
FBgn0042086,2,3,7.642308601510978,5.0866240106716845,2.5556845908392933
FBgn0042086,3,4,7.3589532307837855,5.0866240106716845,2.272329220112101
FBgn0042086,4,5,6.686107416343601,5.0866240106716845,1.5994834056719167
FBgn0042086,5,6,6.471227845443516,5.0866240106716845,1.3846038347718315
FBgn0042086,6,7,6.551735919551224,5.0866240106716845,1.46511190887954
FBgn0042086,8,8,5.833729185370831,5.0866240106716845,0.7471051746991462
FBgn0042086,10,9,5.933914051699774,5.0866240106716845,0.8472900410280895
FBgn0042086,12,10,6.4724372320400185,5.0866240106716845,1.385813221368334
FBgn0042086,14,11,6.672192291528159,5.0866240106716845,1.5855682808564744
FBgn0042086,16,12,5.737768613578277,5.0866240106716845,0.6511446029065926
FBgn0042086,20,13,6.138723671204012,5.0866240106716845,1.0520996605323276
FBgn0042086,24,14,6.197383165619673,5.0866240106716845,1.1107591549479885
FBgn0042086,30,15,6.434868110507373,5.0866240106716845,1.3482440998356884
FBgn0042086,36,16,6.889513232320253,5.0866240106716845,1.8028892216485684
FBgn0042086,42,17,6.518697187859868,5.0866240106716845,1.4320731771881832
FBgn0042086,48,18,6.624620667979823,5.0866240106716845,1.5379966573081383
FBgn0042086,72,19,6.624678333675149,5.0866240106716845,1.5380543230034647
FBgn0042086,96,20,7.505719961705573,5.0866240106716845,2.4190959510338885
FBgn0042086,120,21,7.0943295142843485,5.0866240106716845,2.007705503612664
FBgn0042105,1,2,4.3978157830276,2.9272608969514304,1.4705548860761692
FBgn0042105,2,3,4.026080053900261,2.9272608969514304,1.0988191569488301
FBgn0042105,3,4,2.7458938791576295,2.9272608969514304,-0.18136701779380093
FBgn0042105,4,5,3.4435309481560794,2.9272608969514304,0.516270051204649
FBgn0042105,5,6,3.1860666042164363,2.9272608969514304,0.25880570726500585
FBgn0042105,6,7,3.6821911402751386,2.9272608969514304,0.7549302433237082
FBgn0042105,8,8,2.991764958245202,2.9272608969514304,0.06450406129377173
FBgn0042105,10,9,3.287295279739921,2.9272608969514304,0.3600343827884904
FBgn0042105,12,10,3.4073666959148605,2.9272608969514304,0.4801057989634301
FBgn0042105,14,11,3.7895629544059743,2.9272608969514304,0.8623020574545439
FBgn0042105,16,12,3.1770305201701072,2.9272608969514304,0.2497696232186768
FBgn0042105,20,13,3.684006703248241,2.9272608969514304,0.7567458062968107
FBgn0042105,24,14,3.909447467476795,2.9272608969514304,0.9821865705253647
FBgn0042105,30,15,3.880676984427267,2.9272608969514304,0.9534160874758366
FBgn0042105,36,16,4.354994293697443,2.9272608969514304,1.4277333967460124
FBgn0042105,42,17,4.158757576996176,2.9272608969514304,1.2314966800447453
FBgn0042105,48,18,4.365586867783685,2.9272608969514304,1.4383259708322549
FBgn0042105,72,19,4.237100769550841,2.9272608969514304,1.3098398725994103
FBgn0042105,96,20,4.691290440502835,2.9272608969514304,1.7640295435514042
FBgn0042105,120,21,4.571804111139284,2.9272608969514304,1.6445432141878533
FBgn0043471,1,2,4.919448848112156,4.757015285777898,0.16243356233425743
FBgn0043471,2,3,5.09786725660923,4.757015285777898,0.34085197083133156
FBgn0043471,3,4,5.241249589371905,4.757015285777898,0.48423430359400665
FBgn0043471,4,5,4.926239129136114,4.757015285777898,0.16922384335821583
FBgn0043471,5,6,5.196586831799074,4.757015285777898,0.43957154602117576
FBgn0043471,6,7,5.065253579411875,4.757015285777898,0.3082382936339769
FBgn0043471,8,8,5.029752646609067,4.757015285777898,0.27273736083116873
FBgn0043471,10,9,5.102999665747044,4.757015285777898,0.34598437996914555
FBgn0043471,12,10,5.224445606389798,4.757015285777898,0.46743032061189993
FBgn0043471,14,11,5.296899674989736,4.757015285777898,0.5398843892118377
FBgn0043471,16,12,5.4553231973446765,4.757015285777898,0.6983079115667783
FBgn0043471,20,13,6.01569707629552,4.757015285777898,1.2586817905176222
FBgn0043471,24,14,5.856272054199,4.757015285777898,1.0992567684211014
FBgn0043471,30,15,5.651417231683418,4.757015285777898,0.8944019459055195
FBgn0043471,36,16,5.5732993212113975,4.757015285777898,0.8162840354334993
FBgn0043471,42,17,6.170178209369313,4.757015285777898,1.4131629235914147
FBgn0043471,48,18,5.9317974843267836,4.757015285777898,1.1747821985488853
FBgn0043471,72,19,6.1981178741237155,4.757015285777898,1.4411025883458173
FBgn0043471,96,20,6.510762240890561,4.757015285777898,1.7537469551126632
FBgn0043471,120,21,6.61500613280174,4.757015285777898,1.8579908470238422
FBgn0043576,1,2,3.1449830214401477,2.879664395410677,0.26531862602947065
FBgn0043576,2,3,2.9586814418950937,2.879664395410677,0.07901704648441665
FBgn0043576,3,4,3.003855699743678,2.879664395410677,0.12419130433300074
FBgn0043576,4,5,2.8900541883024102,2.879664395410677,0.01038979289173314
FBgn0043576,5,6,2.8558977865657824,2.879664395410677,-0.023766608844894677
FBgn0043576,6,7,2.1684477770360866,2.879664395410677,-0.7112166183745905
FBgn0043576,8,8,2.2953001249664142,2.879664395410677,-0.5843642704442629
FBgn0043576,10,9,2.608807859452827,2.879664395410677,-0.2708565359578503
FBgn0043576,12,10,2.1181698251406225,2.879664395410677,-0.7614945702700546
FBgn0043576,14,11,2.044264882278324,2.879664395410677,-0.8353995131323533
FBgn0043576,16,12,1.7972570712292586,2.879664395410677,-1.0824073241814185
FBgn0043576,20,13,2.2709661999135706,2.879664395410677,-0.6086981954971065
FBgn0043576,24,14,3.062854444689647,2.879664395410677,0.18319004927896998
FBgn0043576,30,15,2.7456349799211694,2.879664395410677,-0.13402941548950764
FBgn0043576,36,16,3.2888272597364505,2.879664395410677,0.4091628643257734
FBgn0043576,42,17,2.599771222737586,2.879664395410677,-0.2798931726730909
FBgn0043576,48,18,3.257457214468391,2.879664395410677,0.377792819057714
FBgn0043576,72,19,3.3143733339013357,2.879664395410677,0.4347089384906586
FBgn0043576,96,20,2.3773396216856035,2.879664395410677,-0.5023247737250736
FBgn0043576,120,21,3.939240598393108,2.879664395410677,1.0595762029824307
FBgn0043578,1,2,8.825003885029776,5.430083628365661,3.3949202566641157
FBgn0043578,2,3,9.114493590135972,5.430083628365661,3.684409961770311
FBgn0043578,3,4,9.039166566046427,5.430083628365661,3.6090829376807667
FBgn0043578,4,5,8.947482249506916,5.430083628365661,3.517398621141255
FBgn0043578,5,6,9.008946328399329,5.430083628365661,3.5788627000336684
FBgn0043578,6,7,8.700863053909899,5.430083628365661,3.270779425544238
FBgn0043578,8,8,8.572798710630382,5.430083628365661,3.142715082264721
FBgn0043578,10,9,8.560135160328766,5.430083628365661,3.1300515319631055
FBgn0043578,12,10,8.847071056824532,5.430083628365661,3.4169874284588717
FBgn0043578,14,11,8.07299178554721,5.430083628365661,2.642908157181549
FBgn0043578,16,12,8.242563824336905,5.430083628365661,2.8124801959712444
FBgn0043578,20,13,8.926263908869064,5.430083628365661,3.4961802805034035
FBgn0043578,24,14,7.544730175994523,5.430083628365661,2.1146465476288627
FBgn0043578,30,15,8.873583711555444,5.430083628365661,3.4435000831897833
FBgn0043578,36,16,8.469006424639435,5.430083628365661,3.0389227962737744
FBgn0043578,42,17,8.738751534722478,5.430083628365661,3.308667906356818
FBgn0043578,48,18,8.366139905188426,5.430083628365661,2.9360562768227654
FBgn0043578,72,19,8.621848933417782,5.430083628365661,3.1917653050521215
FBgn0043578,96,20,8.408520166231927,5.430083628365661,2.9784365378662665
FBgn0043578,120,21,8.297096839247123,5.430083628365661,2.8670132108814625
FBgn0043783,1,2,9.615278552597097,9.607207486900846,0.008071065696251267
FBgn0043783,2,3,9.34759747646434,9.607207486900846,-0.25961001043650533
FBgn0043783,3,4,8.876578420895983,9.607207486900846,-0.7306290660048624
FBgn0043783,4,5,8.83388799242646,9.607207486900846,-0.7733194944743857
FBgn0043783,5,6,8.942029335355084,9.607207486900846,-0.6651781515457618
FBgn0043783,6,7,8.113402013816556,9.607207486900846,-1.49380547308429
FBgn0043783,8,8,8.20512029274877,9.607207486900846,-1.4020871941520756
FBgn0043783,10,9,8.55565890396022,9.607207486900846,-1.051548582940626
FBgn0043783,12,10,8.430439116757318,9.607207486900846,-1.1767683701435274
FBgn0043783,14,11,8.549712688998078,9.607207486900846,-1.057494797902768
FBgn0043783,16,12,8.633761954002331,9.607207486900846,-0.9734455328985145
FBgn0043783,20,13,9.16166069145683,9.607207486900846,-0.4455467954440149
FBgn0043783,24,14,9.531470115807519,9.607207486900846,-0.0757373710933269
FBgn0043783,30,15,9.614575379746295,9.607207486900846,0.007367892845449475
FBgn0043783,36,16,9.494623503501812,9.607207486900846,-0.11258398339903408
FBgn0043783,42,17,9.770088869272094,9.607207486900846,0.16288138237124805
FBgn0043783,48,18,9.83629257409115,9.607207486900846,0.2290850871903043
FBgn0043783,72,19,10.378628592239462,9.607207486900846,0.7714211053386162
FBgn0043783,96,20,9.930415183162147,9.607207486900846,0.3232076962613011
FBgn0043783,120,21,10.342866581122236,9.607207486900846,0.7356590942213899
FBgn0043791,1,2,3.231354073107995,2.9357726310303476,0.29558144207764725
FBgn0043791,2,3,2.0411970195312508,2.9357726310303476,-0.8945756114990968
FBgn0043791,3,4,1.1122436686000934,2.9357726310303476,-1.8235289624302542
FBgn0043791,4,5,1.3490598258234923,2.9357726310303476,-1.5867128052068553
FBgn0043791,5,6,2.468082825139977,2.9357726310303476,-0.46768980589037046
FBgn0043791,6,7,2.7157621989336107,2.9357726310303476,-0.22001043209673687
FBgn0043791,8,8,2.1275609172814094,2.9357726310303476,-0.8082117137489382
FBgn0043791,10,9,2.84589334176313,2.9357726310303476,-0.08987928926721755
FBgn0043791,12,10,2.9824212818646743,2.9357726310303476,0.04664865083432668
FBgn0043791,14,11,3.227537402874084,2.9357726310303476,0.2917647718437366
FBgn0043791,16,12,3.0926008069695916,2.9357726310303476,0.15682817593924403
FBgn0043791,20,13,3.0537083602225126,2.9357726310303476,0.117935729192165
FBgn0043791,24,14,3.4352863267456297,2.9357726310303476,0.49951369571528215
FBgn0043791,30,15,2.6310325625354043,2.9357726310303476,-0.3047400684949433
FBgn0043791,36,16,2.0410045406487525,2.9357726310303476,-0.8947680903815951
FBgn0043791,42,17,2.100791116684491,2.9357726310303476,-0.8349815143458565
FBgn0043791,48,18,3.1180602787640517,2.9357726310303476,0.1822876477337041
FBgn0043791,72,19,2.2567140453134216,2.9357726310303476,-0.679058585716926
FBgn0043791,96,20,2.2909127646045095,2.9357726310303476,-0.644859866425838
FBgn0043791,120,21,2.0834569890859838,2.9357726310303476,-0.8523156419443638
FBgn0044810,1,2,4.033367967388572,5.060344330068003,-1.0269763626794308
FBgn0044810,2,3,5.198024950353384,5.060344330068003,0.13768062028538086
FBgn0044810,3,4,5.614357902733621,5.060344330068003,0.5540135726656183
FBgn0044810,4,5,7.009665977293713,5.060344330068003,1.9493216472257098
FBgn0044810,5,6,8.149918296904836,5.060344330068003,3.0895739668368334
FBgn0044810,6,7,8.213370122722129,5.060344330068003,3.153025792654126
FBgn0044810,8,8,8.746239517237449,5.060344330068003,3.6858951871694456
FBgn0044810,10,9,9.075480377425318,5.060344330068003,4.015136047357315
FBgn0044810,12,10,9.167869343026654,5.060344330068003,4.107525012958651
FBgn0044810,14,11,8.774935019234034,5.060344330068003,3.714590689166031
FBgn0044810,16,12,7.942558089485015,5.060344330068003,2.882213759417012
FBgn0044810,20,13,8.209871801231756,5.060344330068003,3.1495274711637533
FBgn0044810,24,14,6.948264715305092,5.060344330068003,1.8879203852370887
FBgn0044810,30,15,6.987318035072095,5.060344330068003,1.9269737050040918
FBgn0044810,36,16,5.4243034438871565,5.060344330068003,0.3639591138191536
FBgn0044810,42,17,6.441529066421088,5.060344330068003,1.3811847363530854
FBgn0044810,48,18,5.253462355654312,5.060344330068003,0.1931180255863092
FBgn0044810,72,19,4.323759151301707,5.060344330068003,-0.7365851787662958
FBgn0044810,96,20,4.062817753217194,5.060344330068003,-0.9975265768508086
FBgn0044810,120,21,3.9062934459826226,5.060344330068003,-1.1540508840853803
FBgn0044812,1,2,4.527304017096981,6.733422354177901,-2.2061183370809205
FBgn0044812,2,3,6.996144825140251,6.733422354177901,0.26272247096235013
FBgn0044812,3,4,7.008420052969619,6.733422354177901,0.27499769879171776
FBgn0044812,4,5,8.566645004634271,6.733422354177901,1.8332226504563698
FBgn0044812,5,6,10.003494420895459,6.733422354177901,3.2700720667175576
FBgn0044812,6,7,10.121857168069234,6.733422354177901,3.3884348138913323
FBgn0044812,8,8,10.981132885226724,6.733422354177901,4.247710531048823
FBgn0044812,10,9,11.29770535936673,6.733422354177901,4.5642830051888295
FBgn0044812,12,10,11.859119004529541,6.733422354177901,5.12569665035164
FBgn0044812,14,11,11.33350694045268,6.733422354177901,4.600084586274778
FBgn0044812,16,12,10.715493589442252,6.733422354177901,3.9820712352643506
FBgn0044812,20,13,10.948934188274986,6.733422354177901,4.215511834097085
FBgn0044812,24,14,9.546044885060834,6.733422354177901,2.8126225308829325
FBgn0044812,30,15,9.616299960152425,6.733422354177901,2.8828776059745236
FBgn0044812,36,16,8.73680236123699,6.733422354177901,2.0033800070590884
FBgn0044812,42,17,8.636115479155757,6.733422354177901,1.9026931249778558
FBgn0044812,48,18,7.2908887460425955,6.733422354177901,0.5574663918646943
FBgn0044812,72,19,5.007923202218123,6.733422354177901,-1.7254991519597782
FBgn0044812,96,20,6.110784233997913,6.733422354177901,-0.622638120179988
FBgn0044812,120,21,4.44731651262039,6.733422354177901,-2.286105841557511
FBgn0046689,1,2,2.8767371803705903,2.2612145588021564,0.615522621568434
FBgn0046689,2,3,3.2631609009503757,2.2612145588021564,1.0019463421482193
FBgn0046689,3,4,3.0485810882566664,2.2612145588021564,0.78736652945451
FBgn0046689,4,5,3.0607644981708564,2.2612145588021564,0.7995499393687
FBgn0046689,5,6,2.746488846108674,2.2612145588021564,0.48527428730651767
FBgn0046689,6,7,2.887073171695157,2.2612145588021564,0.6258586128930008
FBgn0046689,8,8,2.5764118309581745,2.2612145588021564,0.3151972721560181
FBgn0046689,10,9,2.5628303931579706,2.2612145588021564,0.3016158343558142
FBgn0046689,12,10,3.10896321024198,2.2612145588021564,0.8477486514398236
FBgn0046689,14,11,3.224709004297037,2.2612145588021564,0.9634944454948808
FBgn0046689,16,12,2.880490002602137,2.2612145588021564,0.6192754437999808
FBgn0046689,20,13,2.8091412799964903,2.2612145588021564,0.5479267211943339
FBgn0046689,24,14,2.8915310693066862,2.2612145588021564,0.6303165105045299
FBgn0046689,30,15,3.0859913025885195,2.2612145588021564,0.8247767437863631
FBgn0046689,36,16,3.681525948234361,2.2612145588021564,1.4203113894322046
FBgn0046689,42,17,3.316042788081511,2.2612145588021564,1.0548282292793547
FBgn0046689,48,18,2.9276443544844435,2.2612145588021564,0.6664297956822871
FBgn0046689,72,19,2.941799558717258,2.2612145588021564,0.6805849999151015
FBgn0046689,96,20,5.20188959587267,2.2612145588021564,2.9406750370705135
FBgn0046689,120,21,4.293046660446504,2.2612145588021564,2.0318321016443477
FBgn0050026,1,2,5.742646120486786,4.499918540850429,1.2427275796363562
FBgn0050026,2,3,6.323636725837668,4.499918540850429,1.8237181849872384
FBgn0050026,3,4,6.473192453211552,4.499918540850429,1.9732739123611225
FBgn0050026,4,5,6.4173929328371315,4.499918540850429,1.917474391986702
FBgn0050026,5,6,6.067064171174963,4.499918540850429,1.567145630324534
FBgn0050026,6,7,6.0309730026018435,4.499918540850429,1.5310544617514141
FBgn0050026,8,8,6.445150081213321,4.499918540850429,1.945231540362892
FBgn0050026,10,9,5.870955546944491,4.499918540850429,1.3710370060940615
FBgn0050026,12,10,5.625630288641317,4.499918540850429,1.1257117477908878
FBgn0050026,14,11,5.565627394045514,4.499918540850429,1.0657088531950842
FBgn0050026,16,12,5.5418761714419995,4.499918540850429,1.04195763059157
FBgn0050026,20,13,5.78203753035098,4.499918540850429,1.2821189895005505
FBgn0050026,24,14,4.841069190813659,4.499918540850429,0.34115064996322975
FBgn0050026,30,15,6.051879543604451,4.499918540850429,1.5519610027540214
FBgn0050026,36,16,5.257257073708178,4.499918540850429,0.7573385328577489
FBgn0050026,42,17,5.521152316069479,4.499918540850429,1.0212337752190495
FBgn0050026,48,18,4.953459284937871,4.499918540850429,0.4535407440874417
FBgn0050026,72,19,5.235580461091743,4.499918540850429,0.7356619202413137
FBgn0050026,96,20,5.516356882303474,4.499918540850429,1.0164383414530445
FBgn0050026,120,21,5.205813954687795,4.499918540850429,0.7058954138373652
FBgn0050042,1,2,5.012912099436314,5.514053971020338,-0.5011418715840232
FBgn0050042,2,3,4.4252614332236435,5.514053971020338,-1.088792537796694
FBgn0050042,3,4,3.5803240549474236,5.514053971020338,-1.933729916072914
FBgn0050042,4,5,3.5913586219579337,5.514053971020338,-1.922695349062404
FBgn0050042,5,6,3.8517301245253956,5.514053971020338,-1.662323846494942
FBgn0050042,6,7,3.602670064362315,5.514053971020338,-1.9113839066580227
FBgn0050042,8,8,3.228926975092287,5.514053971020338,-2.2851269959280507
FBgn0050042,10,9,4.150247050220129,5.514053971020338,-1.3638069208002088
FBgn0050042,12,10,4.196889151899285,5.514053971020338,-1.3171648191210528
FBgn0050042,14,11,3.462962033475719,5.514053971020338,-2.0510919375446184
FBgn0050042,16,12,3.3885511691356647,5.514053971020338,-2.125502801884673
FBgn0050042,20,13,3.7266162077990925,5.514053971020338,-1.787437763221245
FBgn0050042,24,14,5.081174619547326,5.514053971020338,-0.4328793514730114
FBgn0050042,30,15,4.446276293652858,5.514053971020338,-1.0677776773674799
FBgn0050042,36,16,4.135612557476463,5.514053971020338,-1.3784414135438743
FBgn0050042,42,17,4.029627254527936,5.514053971020338,-1.4844267164924014
FBgn0050042,48,18,5.040768111354108,5.514053971020338,-0.4732858596662295
FBgn0050042,72,19,4.775558848953188,5.514053971020338,-0.7384951220671496
FBgn0050042,96,20,4.848254008815446,5.514053971020338,-0.6657999622048916
FBgn0050042,120,21,5.124836238850305,5.514053971020338,-0.3892177321700325
FBgn0050090,1,2,1.9181572897745616,2.2021359832115803,-0.28397869343701876
FBgn0050090,2,3,2.420368377603217,2.2021359832115803,0.21823239439163666
FBgn0050090,3,4,2.471509040346508,2.2021359832115803,0.26937305713492776
FBgn0050090,4,5,3.8336294157484163,2.2021359832115803,1.631493432536836
FBgn0050090,5,6,4.147005368005956,2.2021359832115803,1.944869384794376
FBgn0050090,6,7,3.9969070894060708,2.2021359832115803,1.7947711061944904
FBgn0050090,8,8,3.9114053448002406,2.2021359832115803,1.7092693615886603
FBgn0050090,10,9,3.9418242793912173,2.2021359832115803,1.739688296179637
FBgn0050090,12,10,3.8488433741882315,2.2021359832115803,1.6467073909766512
FBgn0050090,14,11,3.4074946119041516,2.2021359832115803,1.2053586286925713
FBgn0050090,16,12,3.345913599780861,2.2021359832115803,1.1437776165692806
FBgn0050090,20,13,3.079216444771702,2.2021359832115803,0.8770804615601215
FBgn0050090,24,14,2.6734103941071825,2.2021359832115803,0.4712744108956022
FBgn0050090,30,15,3.386232381376213,2.2021359832115803,1.1840963981646326
FBgn0050090,36,16,2.8585398927173227,2.2021359832115803,0.6564039095057423
FBgn0050090,42,17,3.297727324167824,2.2021359832115803,1.0955913409562439
FBgn0050090,48,18,2.285917817326899,2.2021359832115803,0.0837818341153187
FBgn0050090,72,19,2.3477181310999393,2.2021359832115803,0.145582147888359
FBgn0050090,96,20,2.64309818867553,2.2021359832115803,0.4409622054639497
FBgn0050090,120,21,2.7202775398378307,2.2021359832115803,0.5181415566262504
FBgn0050091,1,2,0.06794086719443385,0.11010455739942275,-0.042163690204988905
FBgn0050091,2,3,0.24218426685036326,0.11010455739942275,0.1320797094509405
FBgn0050091,3,4,0.38192832479800753,0.11010455739942275,0.27182376739858477
FBgn0050091,4,5,0.8822268063828052,0.11010455739942275,0.7721222489833824
FBgn0050091,5,6,1.1647906824297605,0.11010455739942275,1.0546861250303377
FBgn0050091,6,7,1.8216339735973182,0.11010455739942275,1.7115294161978953
FBgn0050091,8,8,1.7568660604365358,0.11010455739942275,1.646761503037113
FBgn0050091,10,9,2.204456286480134,0.11010455739942275,2.094351729080711
FBgn0050091,12,10,1.6996125010795358,0.11010455739942275,1.589507943680113
FBgn0050091,14,11,1.8089747024436063,0.11010455739942275,1.6988701450441834
FBgn0050091,16,12,1.5086833923863405,0.11010455739942275,1.3985788349869177
FBgn0050091,20,13,1.2682275384354038,0.11010455739942275,1.158122981035981
FBgn0050091,24,14,1.0955770025525413,0.11010455739942275,0.9854724451531186
FBgn0050091,30,15,2.561100392590372,0.11010455739942275,2.450995835190949
FBgn0050091,36,16,0.7062435414726929,0.11010455739942275,0.5961389840732702
FBgn0050091,42,17,1.7824543348539557,0.11010455739942275,1.6723497774545328
FBgn0050091,48,18,0.3569109577075826,0.11010455739942275,0.2468064003081598
FBgn0050091,72,19,1.3701191324414617,0.11010455739942275,1.2600145750420388
FBgn0050091,96,20,0.2758697879441815,0.11010455739942275,0.16576523054475872
FBgn0050091,120,21,0.6361992139614785,0.11010455739942275,0.5260946565620558
FBgn0050098,1,2,0.9382423340574754,0.6091471053955515,0.32909522866192387
FBgn0050098,2,3,1.2684155572188243,0.6091471053955515,0.6592684518232728
FBgn0050098,3,4,1.8983018889143977,0.6091471053955515,1.2891547835188462
FBgn0050098,4,5,4.295773566663571,0.6091471053955515,3.6866264612680193
FBgn0050098,5,6,5.731378985400131,0.6091471053955515,5.122231880004579
FBgn0050098,6,7,5.990372545473154,0.6091471053955515,5.381225440077602
FBgn0050098,8,8,4.56356053946815,0.6091471053955515,3.9544134340725985
FBgn0050098,10,9,4.654993251366646,0.6091471053955515,4.045846145971094
FBgn0050098,12,10,3.9491815311908853,0.6091471053955515,3.340034425795334
FBgn0050098,14,11,3.081828017534304,0.6091471053955515,2.4726809121387525
FBgn0050098,16,12,2.856595871667393,0.6091471053955515,2.2474487662718414
FBgn0050098,20,13,1.9398189983154566,0.6091471053955515,1.330671892919905
FBgn0050098,24,14,0.693279784773912,0.6091471053955515,0.08413267937836044
FBgn0050098,30,15,3.6867918061603815,0.6091471053955515,3.07764470076483
FBgn0050098,36,16,2.130788168889329,0.6091471053955515,1.5216410634937776
FBgn0050098,42,17,2.523956356391432,0.6091471053955515,1.9148092509958805
FBgn0050098,48,18,1.2357846884539916,0.6091471053955515,0.6266375830584401
FBgn0050098,72,19,1.3503625259960383,0.6091471053955515,0.7412154206004868
FBgn0050098,96,20,1.4310164980183027,0.6091471053955515,0.8218693926227512
FBgn0050098,120,21,1.7293134093704983,0.6091471053955515,1.1201663039749468
FBgn0050160,1,2,7.421528899762443,5.086047281785023,2.33548161797742
FBgn0050160,2,3,7.641962954294939,5.086047281785023,2.555915672509917
FBgn0050160,3,4,7.358509228517556,5.086047281785023,2.272461946732533
FBgn0050160,4,5,6.686107416343601,5.086047281785023,1.6000601345585785
FBgn0050160,5,6,6.471227845443516,5.086047281785023,1.3851805636584933
FBgn0050160,6,7,6.551735919551224,5.086047281785023,1.4656886377662017
FBgn0050160,8,8,5.833729185370831,5.086047281785023,0.747681903585808
FBgn0050160,10,9,5.933914051699774,5.086047281785023,0.8478667699147513
FBgn0050160,12,10,6.472059256289245,5.086047281785023,1.386011974504222
FBgn0050160,14,11,6.672192291528159,5.086047281785023,1.5861450097431362
FBgn0050160,16,12,5.736968699556581,5.086047281785023,0.6509214177715581
FBgn0050160,20,13,6.138723671204012,5.086047281785023,1.0526763894189894
FBgn0050160,24,14,6.197019908460451,5.086047281785023,1.1109726266754283
FBgn0050160,30,15,6.43430563384783,5.086047281785023,1.3482583520628078
FBgn0050160,36,16,6.889411306267418,5.086047281785023,1.803364024482395
FBgn0050160,42,17,6.51894658451087,5.086047281785023,1.432899302725847
FBgn0050160,48,18,6.624399804246931,5.086047281785023,1.5383525224619081
FBgn0050160,72,19,6.624678333675149,5.086047281785023,1.5386310518901265
FBgn0050160,96,20,7.505719961705573,5.086047281785023,2.4196726799205504
FBgn0050160,120,21,7.093792743453951,5.086047281785023,2.0077454616689288
FBgn0050287,1,2,0.3870485541132017,0.5232876888835463,-0.13623913477034455
FBgn0050287,2,3,0.7344355993701719,0.5232876888835463,0.21114791048662562
FBgn0050287,3,4,0.7282937014620026,0.5232876888835463,0.2050060125784563
FBgn0050287,4,5,2.3911473562770555,0.5232876888835463,1.8678596673935093
FBgn0050287,5,6,3.217279067290473,0.5232876888835463,2.6939913784069267
FBgn0050287,6,7,3.269310714962646,0.5232876888835463,2.7460230260791
FBgn0050287,8,8,3.5840582592141317,0.5232876888835463,3.060770570330585
FBgn0050287,10,9,3.7514056519739674,0.5232876888835463,3.228117963090421
FBgn0050287,12,10,3.5086368554989136,0.5232876888835463,2.985349166615367
FBgn0050287,14,11,2.797668891720108,0.5232876888835463,2.2743812028365618
FBgn0050287,16,12,1.8678433615941081,0.5232876888835463,1.3445556727105619
FBgn0050287,20,13,1.4504083021283427,0.5232876888835463,0.9271206132447964
FBgn0050287,24,14,0.8761070714202379,0.5232876888835463,0.35281938253669165
FBgn0050287,30,15,2.775235437771432,0.5232876888835463,2.2519477488878854
FBgn0050287,36,16,0.8384389421434804,0.5232876888835463,0.3151512532599341
FBgn0050287,42,17,0.7917943719983432,0.5232876888835463,0.268506683114797
FBgn0050287,48,18,0.445853376373897,0.5232876888835463,-0.07743431250964927
FBgn0050287,72,19,0.5367659460986883,0.5232876888835463,0.013478257215142064
FBgn0050287,96,20,0.5905061573518489,0.5232876888835463,0.0672184684683026
FBgn0050287,120,21,0.19982751578386243,0.5232876888835463,-0.32346017309968383
FBgn0050360,1,2,7.85904608292559,7.120169755030291,0.7388763278952988
FBgn0050360,2,3,7.915022779300852,7.120169755030291,0.7948530242705605
FBgn0050360,3,4,8.39754380583609,7.120169755030291,1.2773740508057987
FBgn0050360,4,5,8.359502964322655,7.120169755030291,1.2393332092923632
FBgn0050360,5,6,8.355682437321864,7.120169755030291,1.2355126822915725
FBgn0050360,6,7,8.008998195547361,7.120169755030291,0.8888284405170701
FBgn0050360,8,8,7.7129696643198695,7.120169755030291,0.5927999092895782
FBgn0050360,10,9,8.183407054445711,7.120169755030291,1.0632372994154196
FBgn0050360,12,10,8.598400292993851,7.120169755030291,1.4782305379635599
FBgn0050360,14,11,8.780887843371225,7.120169755030291,1.6607180883409338
FBgn0050360,16,12,8.589735711967881,7.120169755030291,1.4695659569375898
FBgn0050360,20,13,8.923001227559269,7.120169755030291,1.8028314725289771
FBgn0050360,24,14,8.955837677812688,7.120169755030291,1.835667922782397
FBgn0050360,30,15,9.141775874056258,7.120169755030291,2.021606119025966
FBgn0050360,36,16,9.287433048432462,7.120169755030291,2.1672632934021703
FBgn0050360,42,17,9.279717820542773,7.120169755030291,2.1595480655124817
FBgn0050360,48,18,8.903339002318663,7.120169755030291,1.783169247288372
FBgn0050360,72,19,9.533208282388896,7.120169755030291,2.413038527358605
FBgn0050360,96,20,9.658531646296517,7.120169755030291,2.5383618912662254
FBgn0050360,120,21,9.512005355895472,7.120169755030291,2.39183560086518
FBgn0050489,1,2,6.147529364001194,5.818957614936833,0.32857174906436093
FBgn0050489,2,3,6.42369541468438,5.818957614936833,0.6047377997475465
FBgn0050489,3,4,5.980297123589365,5.818957614936833,0.16133950865253155
FBgn0050489,4,5,6.454295836257992,5.818957614936833,0.6353382213211587
FBgn0050489,5,6,6.225288386893112,5.818957614936833,0.406330771956279
FBgn0050489,6,7,5.799048430024067,5.818957614936833,-0.019909184912766165
FBgn0050489,8,8,5.21524433082236,5.818957614936833,-0.6037132841144732
FBgn0050489,10,9,5.886449912445835,5.818957614936833,0.06749229750900199
FBgn0050489,12,10,6.468396960513367,5.818957614936833,0.6494393455765337
FBgn0050489,14,11,6.764930041864092,5.818957614936833,0.9459724269272591
FBgn0050489,16,12,6.60317111760815,5.818957614936833,0.7842135026713164
FBgn0050489,20,13,5.795091119334119,5.818957614936833,-0.023866495602714366
FBgn0050489,24,14,6.722015658404811,5.818957614936833,0.9030580434679782
FBgn0050489,30,15,6.4338992452043895,5.818957614936833,0.6149416302675563
FBgn0050489,36,16,6.83854864146528,5.818957614936833,1.0195910265284471
FBgn0050489,42,17,6.305155445366545,5.818957614936833,0.48619783042971143
FBgn0050489,48,18,6.766265286437759,5.818957614936833,0.9473076715009254
FBgn0050489,72,19,7.424789663077801,5.818957614936833,1.605832048140968
FBgn0050489,96,20,6.9336571146228785,5.818957614936833,1.1146994996860453
FBgn0050489,120,21,7.346889013219311,5.818957614936833,1.5279313982824778
FBgn0051004,1,2,7.109827877147632,6.0398573531855835,1.0699705239620485
FBgn0051004,2,3,7.460595238443696,6.0398573531855835,1.420737885258113
FBgn0051004,3,4,7.036447528361021,6.0398573531855835,0.9965901751754371
FBgn0051004,4,5,6.925971281271432,6.0398573531855835,0.8861139280858481
FBgn0051004,5,6,6.4144250029732,6.0398573531855835,0.3745676497876165
FBgn0051004,6,7,7.183805450529176,6.0398573531855835,1.1439480973435927
FBgn0051004,8,8,6.4212028021841325,6.0398573531855835,0.38134544899854905
FBgn0051004,10,9,6.444365904634841,6.0398573531855835,0.4045085514492577
FBgn0051004,12,10,7.029889267823834,6.0398573531855835,0.9900319146382506
FBgn0051004,14,11,7.052586581062815,6.0398573531855835,1.012729227877232
FBgn0051004,16,12,6.395151667567376,6.0398573531855835,0.3552943143817924
FBgn0051004,20,13,7.178000173252783,6.0398573531855835,1.1381428200671992
FBgn0051004,24,14,6.7842166870978975,6.0398573531855835,0.744359333912314
FBgn0051004,30,15,7.096964964071382,6.0398573531855835,1.0571076108857982
FBgn0051004,36,16,7.294584023640985,6.0398573531855835,1.2547266704554012
FBgn0051004,42,17,6.89566236995814,6.0398573531855835,0.8558050167725568
FBgn0051004,48,18,7.032351749333423,6.0398573531855835,0.9924943961478396
FBgn0051004,72,19,7.044302817024549,6.0398573531855835,1.004445463838966
FBgn0051004,96,20,8.48973786132127,6.0398573531855835,2.4498805081356867
FBgn0051004,120,21,7.861233343395723,6.0398573531855835,1.8213759902101394
FBgn0051041,1,2,2.434724828651622,1.0210398060907664,1.4136850225608557
FBgn0051041,2,3,3.050918225190359,1.0210398060907664,2.0298784190995924
FBgn0051041,3,4,2.2897039318028836,1.0210398060907664,1.2686641257121172
FBgn0051041,4,5,2.516475938853494,1.0210398060907664,1.4954361327627275
FBgn0051041,5,6,2.6030944579258772,1.0210398060907664,1.5820546518351108
FBgn0051041,6,7,2.3440079978864756,1.0210398060907664,1.3229681917957092
FBgn0051041,8,8,1.9365585566308114,1.0210398060907664,0.9155187505400451
FBgn0051041,10,9,1.6825387808005288,1.0210398060907664,0.6614989747097624
FBgn0051041,12,10,1.7697355267343902,1.0210398060907664,0.7486957206436238
FBgn0051041,14,11,2.049769788281037,1.0210398060907664,1.0287299821902705
FBgn0051041,16,12,1.0426172835871212,1.0210398060907664,0.021577477496354858
FBgn0051041,20,13,1.1249900583114334,1.0210398060907664,0.103950252220667
FBgn0051041,24,14,0.9956378630341396,1.0210398060907664,-0.025401943056626797
FBgn0051041,30,15,0.909593852435917,1.0210398060907664,-0.11144595365484944
FBgn0051041,36,16,1.8211593835901092,1.0210398060907664,0.8001195774993428
FBgn0051041,42,17,1.537095648939105,1.0210398060907664,0.5160558428483386
FBgn0051041,48,18,0.9134308435782956,1.0210398060907664,-0.10760896251247076
FBgn0051041,72,19,1.0865614568926194,1.0210398060907664,0.06552165080185302
FBgn0051041,96,20,2.7263838480048896,1.0210398060907664,1.7053440419141233
FBgn0051041,120,21,1.5018329219354574,1.0210398060907664,0.480793115844691
FBgn0051087,1,2,3.916301467922397,3.1375311894973446,0.7787702784250525
FBgn0051087,2,3,3.8603973843850126,3.1375311894973446,0.722866194887668
FBgn0051087,3,4,3.911002975984983,3.1375311894973446,0.7734717864876384
FBgn0051087,4,5,3.80986823235982,3.1375311894973446,0.6723370428624755
FBgn0051087,5,6,3.7213933615136776,3.1375311894973446,0.5838621720163331
FBgn0051087,6,7,4.184018515830781,3.1375311894973446,1.0464873263334362
FBgn0051087,8,8,3.8176859713581957,3.1375311894973446,0.6801547818608511
FBgn0051087,10,9,4.055046530611298,3.1375311894973446,0.9175153411139534
FBgn0051087,12,10,4.350705383649093,3.1375311894973446,1.2131741941517489
FBgn0051087,14,11,4.470751903452905,3.1375311894973446,1.3332207139555607
FBgn0051087,16,12,3.995752633254209,3.1375311894973446,0.8582214437568645
FBgn0051087,20,13,4.568280209063261,3.1375311894973446,1.430749019565916
FBgn0051087,24,14,4.605041939089492,3.1375311894973446,1.4675107495921478
FBgn0051087,30,15,4.677858718576122,3.1375311894973446,1.5403275290787772
FBgn0051087,36,16,5.405154505188872,3.1375311894973446,2.267623315691527
FBgn0051087,42,17,4.845797017178892,3.1375311894973446,1.7082658276815477
FBgn0051087,48,18,4.211758845313882,3.1375311894973446,1.0742276558165371
FBgn0051087,72,19,4.644799836757011,3.1375311894973446,1.5072686472596666
FBgn0051087,96,20,6.494855815332882,3.1375311894973446,3.357324625835538
FBgn0051087,120,21,6.205500972066377,3.1375311894973446,3.067969782569033
FBgn0051089,1,2,0.6373910467967603,0.8002824194144555,-0.16289137261769526
FBgn0051089,2,3,0.4598087289995214,0.8002824194144555,-0.34047369041493414
FBgn0051089,3,4,0.43679736322523066,0.8002824194144555,-0.3634850561892249
FBgn0051089,4,5,0.6252794013866453,0.8002824194144555,-0.17500301802781026
FBgn0051089,5,6,0.6654880023141417,0.8002824194144555,-0.1347944171003138
FBgn0051089,6,7,0.4826466266289957,0.8002824194144555,-0.31763579278545984
FBgn0051089,8,8,0.9453998455122159,0.8002824194144555,0.14511742609776035
FBgn0051089,10,9,0.9497527410622557,0.8002824194144555,0.14947032164780016
FBgn0051089,12,10,0.9047812225060399,0.8002824194144555,0.10449880309158432
FBgn0051089,14,11,1.8800868853047334,0.8002824194144555,1.079804465890278
FBgn0051089,16,12,1.596114408147013,0.8002824194144555,0.7958319887325576
FBgn0051089,20,13,1.790235634311288,0.8002824194144555,0.9899532148968324
FBgn0051089,24,14,1.6963516237446838,0.8002824194144555,0.8960692043302283
FBgn0051089,30,15,1.8756014171070978,0.8002824194144555,1.0753189976926423
FBgn0051089,36,16,1.6822585473070382,0.8002824194144555,0.8819761278925826
FBgn0051089,42,17,2.1195084166821316,0.8002824194144555,1.319225997267676
FBgn0051089,48,18,2.5999474894102104,0.8002824194144555,1.7996650699957548
FBgn0051089,72,19,2.8425653934885213,0.8002824194144555,2.042282974074066
FBgn0051089,96,20,2.363116292417884,0.8002824194144555,1.5628338730034284
FBgn0051089,120,21,2.8809772034969234,0.8002824194144555,2.0806947840824677
FBgn0051091,1,2,1.7156542323396664,1.0748853664823572,0.6407688658573092
FBgn0051091,2,3,0.7954532043901424,1.0748853664823572,-0.2794321620922148
FBgn0051091,3,4,0.7716255632712273,1.0748853664823572,-0.3032598032111299
FBgn0051091,4,5,0.7849011988171397,1.0748853664823572,-0.2899841676652175
FBgn0051091,5,6,1.3451488359295372,1.0748853664823572,0.27026346944717994
FBgn0051091,6,7,0.9527438052400198,1.0748853664823572,-0.12214156124233744
FBgn0051091,8,8,1.3342759603950718,1.0748853664823572,0.2593905939127146
FBgn0051091,10,9,1.789523599469106,1.0748853664823572,0.7146382329867489
FBgn0051091,12,10,2.0129398584233478,1.0748853664823572,0.9380544919409906
FBgn0051091,14,11,3.17240219163069,1.0748853664823572,2.0975168251483325
FBgn0051091,16,12,2.4620057627061502,1.0748853664823572,1.387120396223793
FBgn0051091,20,13,2.5193581279473336,1.0748853664823572,1.4444727614649764
FBgn0051091,24,14,2.765051453005713,1.0748853664823572,1.6901660865233559
FBgn0051091,30,15,2.6198663474127306,1.0748853664823572,1.5449809809303734
FBgn0051091,36,16,2.8563566642306424,1.0748853664823572,1.7814712977482852
FBgn0051091,42,17,2.6218434902894288,1.0748853664823572,1.5469581238070715
FBgn0051091,48,18,3.780840809262477,1.0748853664823572,2.7059554427801196
FBgn0051091,72,19,3.514575602892626,1.0748853664823572,2.439690236410269
FBgn0051091,96,20,2.5819695245653267,1.0748853664823572,1.5070841580829695
FBgn0051091,120,21,3.7611460530655823,1.0748853664823572,2.686260686583225
FBgn0051104,1,2,5.8413096533298745,5.1325837678166195,0.708725885513255
FBgn0051104,2,3,5.7870889353143244,5.1325837678166195,0.6545051674977049
FBgn0051104,3,4,5.902025021198504,5.1325837678166195,0.7694412533818848
FBgn0051104,4,5,6.121574210103591,5.1325837678166195,0.9889904422869717
FBgn0051104,5,6,6.018674966725199,5.1325837678166195,0.8860911989085798
FBgn0051104,6,7,5.956097564210508,5.1325837678166195,0.8235137963938888
FBgn0051104,8,8,5.370184152291527,5.1325837678166195,0.2376003844749075
FBgn0051104,10,9,5.652400978464657,5.1325837678166195,0.5198172106480374
FBgn0051104,12,10,5.805783429512273,5.1325837678166195,0.6731996616956533
FBgn0051104,14,11,6.495115615058928,5.1325837678166195,1.362531847242309
FBgn0051104,16,12,6.822575639441676,5.1325837678166195,1.6899918716250566
FBgn0051104,20,13,6.784106108415646,5.1325837678166195,1.6515223405990263
FBgn0051104,24,14,6.755063333188561,5.1325837678166195,1.6224795653719415
FBgn0051104,30,15,6.454891744437273,5.1325837678166195,1.3223079766206531
FBgn0051104,36,16,6.690356405059582,5.1325837678166195,1.5577726372429623
FBgn0051104,42,17,7.364164822827215,5.1325837678166195,2.2315810550105954
FBgn0051104,48,18,6.376780631919793,5.1325837678166195,1.2441968641031735
FBgn0051104,72,19,7.299624045001351,5.1325837678166195,2.1670402771847312
FBgn0051104,96,20,6.412541876624134,5.1325837678166195,1.2799581088075147
FBgn0051104,120,21,7.1703896546505455,5.1325837678166195,2.037805886833926
FBgn0051106,1,2,5.42443413975755,5.384946256061445,0.03948788369610501
FBgn0051106,2,3,5.888821013955354,5.384946256061445,0.5038747578939091
FBgn0051106,3,4,6.005471760293034,5.384946256061445,0.6205255042315887
FBgn0051106,4,5,5.655789889144014,5.384946256061445,0.27084363308256876
FBgn0051106,5,6,5.371604918446859,5.384946256061445,-0.013341337614586557
FBgn0051106,6,7,5.242744733492867,5.384946256061445,-0.14220152256857777
FBgn0051106,8,8,5.406621228972739,5.384946256061445,0.02167497291129372
FBgn0051106,10,9,6.117968474152037,5.384946256061445,0.7330222180905919
FBgn0051106,12,10,6.383498359785451,5.384946256061445,0.9985521037240055
FBgn0051106,14,11,6.474624423947988,5.384946256061445,1.089678167886543
FBgn0051106,16,12,5.581190186507412,5.384946256061445,0.19624393044596644
FBgn0051106,20,13,4.4105605909913965,5.384946256061445,-0.9743856650700486
FBgn0051106,24,14,5.707241725873179,5.384946256061445,0.32229546981173396
FBgn0051106,30,15,5.827603869260159,5.384946256061445,0.44265761319871366
FBgn0051106,36,16,6.752832704483245,5.384946256061445,1.3678864484217996
FBgn0051106,42,17,5.002525680223101,5.384946256061445,-0.3824205758383439
FBgn0051106,48,18,5.922609283823671,5.384946256061445,0.5376630277622256
FBgn0051106,72,19,6.221706478861776,5.384946256061445,0.836760222800331
FBgn0051106,96,20,6.003613987487647,5.384946256061445,0.6186677314262017
FBgn0051106,120,21,6.153536837139322,5.384946256061445,0.768590581077877
FBgn0051148,1,2,3.8085769869468513,3.6077039292928488,0.20087305765400254
FBgn0051148,2,3,4.38819173086487,3.6077039292928488,0.7804878015720211
FBgn0051148,3,4,4.114028496305197,3.6077039292928488,0.5063245670123484
FBgn0051148,4,5,3.588613444705409,3.6077039292928488,-0.019090484587439782
FBgn0051148,5,6,3.912885428253367,3.6077039292928488,0.3051814989605184
FBgn0051148,6,7,4.309227591935602,3.6077039292928488,0.701523662642753
FBgn0051148,8,8,4.197456791884461,3.6077039292928488,0.5897528625916122
FBgn0051148,10,9,4.862592069045203,3.6077039292928488,1.254888139752354
FBgn0051148,12,10,5.1374159064058205,3.6077039292928488,1.5297119771129717
FBgn0051148,14,11,4.937816368098456,3.6077039292928488,1.3301124388056076
FBgn0051148,16,12,4.476662695403993,3.6077039292928488,0.8689587661111444
FBgn0051148,20,13,5.348130004674713,3.6077039292928488,1.7404260753818646
FBgn0051148,24,14,5.031404633227825,3.6077039292928488,1.4237007039349763
FBgn0051148,30,15,5.578116860025264,3.6077039292928488,1.9704129307324152
FBgn0051148,36,16,5.535396002320014,3.6077039292928488,1.9276920730271652
FBgn0051148,42,17,5.793269367497986,3.6077039292928488,2.1855654382051375
FBgn0051148,48,18,5.658476785169955,3.6077039292928488,2.0507728558771063
FBgn0051148,72,19,6.4030979230081915,3.6077039292928488,2.7953939937153427
FBgn0051148,96,20,6.370736375535675,3.6077039292928488,2.7630324462428266
FBgn0051148,120,21,6.402340669145417,3.6077039292928488,2.794636739852568
FBgn0051354,1,2,7.056586839046567,4.508143392414252,2.548443446632315
FBgn0051354,2,3,6.095038884678833,4.508143392414252,1.5868954922645813
FBgn0051354,3,4,5.695348496759601,4.508143392414252,1.1872051043453489
FBgn0051354,4,5,5.819530663909657,4.508143392414252,1.3113872714954056
FBgn0051354,5,6,5.111290507135034,4.508143392414252,0.6031471147207821
FBgn0051354,6,7,6.074785497946019,4.508143392414252,1.5666421055317672
FBgn0051354,8,8,4.8961652650927325,4.508143392414252,0.38802187267848076
FBgn0051354,10,9,5.1085393185380035,4.508143392414252,0.6003959261237517
FBgn0051354,12,10,4.648618590454086,4.508143392414252,0.14047519803983466
FBgn0051354,14,11,4.705107762742557,4.508143392414252,0.19696437032830527
FBgn0051354,16,12,4.901531097830604,4.508143392414252,0.3933877054163526
FBgn0051354,20,13,4.602060418187326,4.508143392414252,0.09391702577307459
FBgn0051354,24,14,4.396622533033155,4.508143392414252,-0.11152085938109657
FBgn0051354,30,15,4.7243822769516886,4.508143392414252,0.21623888453743678
FBgn0051354,36,16,5.006967406162898,4.508143392414252,0.4988240137486466
FBgn0051354,42,17,4.197903410498977,4.508143392414252,-0.3102399819152746
FBgn0051354,48,18,4.820249607145907,4.508143392414252,0.31210621473165556
FBgn0051354,72,19,4.635176753948706,4.508143392414252,0.12703336153445388
FBgn0051354,96,20,4.753735457360387,4.508143392414252,0.24559206494613495
FBgn0051354,120,21,4.703630963684705,4.508143392414252,0.19548757127045313
FBgn0051463,1,2,2.0226352144462796,1.6046861016725171,0.41794911277376245
FBgn0051463,2,3,2.226514509785299,1.6046861016725171,0.6218284081127821
FBgn0051463,3,4,1.917720232405662,1.6046861016725171,0.3130341307331448
FBgn0051463,4,5,1.524343804232661,1.6046861016725171,-0.08034229743985621
FBgn0051463,5,6,2.277671413890619,1.6046861016725171,0.6729853122181018
FBgn0051463,6,7,2.0121673406200897,1.6046861016725171,0.4074812389475726
FBgn0051463,8,8,2.425388009072316,1.6046861016725171,0.820701907399799
FBgn0051463,10,9,2.723002574448852,1.6046861016725171,1.118316472776335
FBgn0051463,12,10,2.7694007320717953,1.6046861016725171,1.1647146303992781
FBgn0051463,14,11,2.5575061778895947,1.6046861016725171,0.9528200762170775
FBgn0051463,16,12,1.9259131263470284,1.6046861016725171,0.32122702467451125
FBgn0051463,20,13,2.67198606205189,1.6046861016725171,1.0672999603793727
FBgn0051463,24,14,2.8139693095032974,1.6046861016725171,1.2092832078307802
FBgn0051463,30,15,3.157699255956507,1.6046861016725171,1.55301315428399
FBgn0051463,36,16,2.979670371994965,1.6046861016725171,1.374984270322448
FBgn0051463,42,17,2.848295638828051,1.6046861016725171,1.243609537155534
FBgn0051463,48,18,3.4068268629721814,1.6046861016725171,1.8021407612996643
FBgn0051463,72,19,3.5445540621102443,1.6046861016725171,1.9398679604377271
FBgn0051463,96,20,3.2717688949304184,1.6046861016725171,1.6670827932579013
FBgn0051463,120,21,3.6373129128585533,1.6046861016725171,2.032626811186036
FBgn0051664,1,2,2.7707859302528792,2.4345996276933883,0.3361863025594909
FBgn0051664,2,3,2.279660408532063,2.4345996276933883,-0.15493921916132525
FBgn0051664,3,4,1.6654339753962393,2.4345996276933883,-0.7691656522971491
FBgn0051664,4,5,2.9948453709761518,2.4345996276933883,0.5602457432827634
FBgn0051664,5,6,3.354332300733623,2.4345996276933883,0.9197326730402349
FBgn0051664,6,7,3.5417826957535037,2.4345996276933883,1.1071830680601153
FBgn0051664,8,8,3.637396524381235,2.4345996276933883,1.2027968966878468
FBgn0051664,10,9,3.7811918402873466,2.4345996276933883,1.3465922125939582
FBgn0051664,12,10,3.658171046166463,2.4345996276933883,1.2235714184730746
FBgn0051664,14,11,2.931192360819548,2.4345996276933883,0.4965927331261595
FBgn0051664,16,12,2.7086046879552734,2.4345996276933883,0.2740050602618851
FBgn0051664,20,13,3.196031196700673,2.4345996276933883,0.7614315690072848
FBgn0051664,24,14,2.860663375731919,2.4345996276933883,0.42606374803853075
FBgn0051664,30,15,3.899710178597493,2.4345996276933883,1.4651105509041047
FBgn0051664,36,16,2.855471401497401,2.4345996276933883,0.42087177380401286
FBgn0051664,42,17,3.150750504559781,2.4345996276933883,0.7161508768663927
FBgn0051664,48,18,3.3660593737083384,2.4345996276933883,0.9314597460149501
FBgn0051664,72,19,3.5516334360015165,2.4345996276933883,1.1170338083081282
FBgn0051664,96,20,3.2133250652304013,2.4345996276933883,0.778725437537013
FBgn0051664,120,21,3.6691996812184864,2.4345996276933883,1.234600053525098
FBgn0051778,1,2,4.336587249844985,4.403184398821585,-0.06659714897659974
FBgn0051778,2,3,4.024809292358457,4.403184398821585,-0.3783751064631282
FBgn0051778,3,4,3.1990008993121193,4.403184398821585,-1.2041834995094658
FBgn0051778,4,5,3.321501148866818,4.403184398821585,-1.081683249954767
FBgn0051778,5,6,3.4751224088668593,4.403184398821585,-0.9280619899547258
FBgn0051778,6,7,3.1427310570574463,4.403184398821585,-1.2604533417641388
FBgn0051778,8,8,3.585806413395109,4.403184398821585,-0.817377985426476
FBgn0051778,10,9,3.8322286013369777,4.403184398821585,-0.5709557974846073
FBgn0051778,12,10,4.133101398956157,4.403184398821585,-0.27008299986542816
FBgn0051778,14,11,4.2932115930725505,4.403184398821585,-0.10997280574903456
FBgn0051778,16,12,4.807710413130085,4.403184398821585,0.4045260143084999
FBgn0051778,20,13,4.6967362472690475,4.403184398821585,0.2935518484474624
FBgn0051778,24,14,4.4557468128613555,4.403184398821585,0.052562414039770466
FBgn0051778,30,15,4.708061007239455,4.403184398821585,0.30487660841787
FBgn0051778,36,16,4.568829287339078,4.403184398821585,0.16564488851749282
FBgn0051778,42,17,4.733735560124039,4.403184398821585,0.3305511613024539
FBgn0051778,48,18,4.622338584691347,4.403184398821585,0.21915418586976187
FBgn0051778,72,19,4.29063827010852,4.403184398821585,-0.11254612871306513
FBgn0051778,96,20,4.764264343886554,4.403184398821585,0.36107994506496865
FBgn0051778,120,21,4.488696319187008,4.403184398821585,0.08551192036542332
FBgn0051901,1,2,6.6075812500206865,6.246636506082577,0.36094474393810927
FBgn0051901,2,3,7.176496390948763,6.246636506082577,0.9298598848661861
FBgn0051901,3,4,6.23081109804418,6.246636506082577,-0.01582540803839727
FBgn0051901,4,5,6.421862569494506,6.246636506082577,0.17522606341192848
FBgn0051901,5,6,6.412051987383108,6.246636506082577,0.1654154813005304
FBgn0051901,6,7,6.93872650515139,6.246636506082577,0.6920899990688127
FBgn0051901,8,8,6.655396901942861,6.246636506082577,0.4087603958602841
FBgn0051901,10,9,6.2282119517268555,6.246636506082577,-0.018424554355721767
FBgn0051901,12,10,6.893733460090731,6.246636506082577,0.6470969540081537
FBgn0051901,14,11,7.237906364913966,6.246636506082577,0.9912698588313891
FBgn0051901,16,12,5.929172087843211,6.246636506082577,-0.317464418239366
FBgn0051901,20,13,6.7306244744139505,6.246636506082577,0.48398796833137325
FBgn0051901,24,14,6.874379366331424,6.246636506082577,0.6277428602488468
FBgn0051901,30,15,6.457588114001929,6.246636506082577,0.21095160791935186
FBgn0051901,36,16,7.523241667748753,6.246636506082577,1.2766051616661755
FBgn0051901,42,17,6.963949599750384,6.246636506082577,0.7173130936678067
FBgn0051901,48,18,6.496699096387066,6.246636506082577,0.25006259030448863
FBgn0051901,72,19,6.65822734773371,6.246636506082577,0.41159084165113313
FBgn0051901,96,20,9.611969977726492,6.246636506082577,3.3653334716439147
FBgn0051901,120,21,8.851664013302573,6.246636506082577,2.6050275072199955
FBgn0052054,1,2,3.5071631857655707,3.1952104939323642,0.3119526918332065
FBgn0052054,2,3,3.5303925889804004,3.1952104939323642,0.3351820950480362
FBgn0052054,3,4,3.2458466258176517,3.1952104939323642,0.05063613188528748
FBgn0052054,4,5,3.3147914465003954,3.1952104939323642,0.11958095256803114
FBgn0052054,5,6,3.2453110957621103,3.1952104939323642,0.05010060182974607
FBgn0052054,6,7,3.597052294669107,3.1952104939323642,0.4018418007367428
FBgn0052054,8,8,3.1994556080504424,3.1952104939323642,0.004245114118078153
FBgn0052054,10,9,3.406265127284006,3.1952104939323642,0.21105463335164165
FBgn0052054,12,10,3.48528355810922,3.1952104939323642,0.29007306417685585
FBgn0052054,14,11,3.677184115479223,3.1952104939323642,0.48197362154685885
FBgn0052054,16,12,3.2360383187328976,3.1952104939323642,0.040827824800533374
FBgn0052054,20,13,3.490788857137611,3.1952104939323642,0.29557836320524666
FBgn0052054,24,14,3.748964104756304,3.1952104939323642,0.5537536108239398
FBgn0052054,30,15,3.9528259588103487,3.1952104939323642,0.7576154648779845
FBgn0052054,36,16,4.114235461243494,3.1952104939323642,0.9190249673111297
FBgn0052054,42,17,3.7272403486997776,3.1952104939323642,0.5320298547674134
FBgn0052054,48,18,4.077275542650079,3.1952104939323642,0.8820650487177146
FBgn0052054,72,19,4.178794080557171,3.1952104939323642,0.9835835866248064
FBgn0052054,96,20,4.936879090327441,3.1952104939323642,1.7416685963950767
FBgn0052054,120,21,4.754525164929489,3.1952104939323642,1.5593146709971246
FBgn0052072,1,2,5.473090372131589,5.788718905291386,-0.31562853315979744
FBgn0052072,2,3,4.765480003639652,5.788718905291386,-1.0232389016517338
FBgn0052072,3,4,4.537671498300356,5.788718905291386,-1.25104740699103
FBgn0052072,4,5,4.561217210327812,5.788718905291386,-1.227501694963574
FBgn0052072,5,6,4.94863971796096,5.788718905291386,-0.8400791873304261
FBgn0052072,6,7,5.0491152408288436,5.788718905291386,-0.7396036644625426
FBgn0052072,8,8,6.027128386364638,5.788718905291386,0.23840948107325222
FBgn0052072,10,9,6.419972735439774,5.788718905291386,0.6312538301483883
FBgn0052072,12,10,6.358741814052879,5.788718905291386,0.5700229087614925
FBgn0052072,14,11,5.849437119618378,5.788718905291386,0.060718214326992204
FBgn0052072,16,12,5.7230273002565735,5.788718905291386,-0.06569160503481264
FBgn0052072,20,13,5.675820336453391,5.788718905291386,-0.11289856883799487
FBgn0052072,24,14,5.9085522462928814,5.788718905291386,0.11983334100149534
FBgn0052072,30,15,5.432419096221201,5.788718905291386,-0.356299809070185
FBgn0052072,36,16,6.199093636327948,5.788718905291386,0.41037473103656197
FBgn0052072,42,17,5.776725790347744,5.788718905291386,-0.011993114943642524
FBgn0052072,48,18,5.354692392481441,5.788718905291386,-0.434026512809945
FBgn0052072,72,19,5.458176564934723,5.788718905291386,-0.3305423403566632
FBgn0052072,96,20,5.1760413254742,5.788718905291386,-0.612677579817186
FBgn0052072,120,21,5.425801710620722,5.788718905291386,-0.36291719467066397
FBgn0052107,1,2,2.7597799262370564,1.9709590092187925,0.7888209170182638
FBgn0052107,2,3,3.3622196572662437,1.9709590092187925,1.3912606480474512
FBgn0052107,3,4,2.976339425169208,1.9709590092187925,1.0053804159504156
FBgn0052107,4,5,2.3499335233944194,1.9709590092187925,0.3789745141756269
FBgn0052107,5,6,1.9350378259157819,1.9709590092187925,-0.03592118330301064
FBgn0052107,6,7,3.0436313595664424,1.9709590092187925,1.0726723503476499
FBgn0052107,8,8,2.7766120539288766,1.9709590092187925,0.805653044710084
FBgn0052107,10,9,2.2899845826479197,1.9709590092187925,0.3190255734291272
FBgn0052107,12,10,2.2108563568408472,1.9709590092187925,0.23989734762205472
FBgn0052107,14,11,2.5684945083278263,1.9709590092187925,0.5975354991090338
FBgn0052107,16,12,1.8972157580751596,1.9709590092187925,-0.07374325114363289
FBgn0052107,20,13,2.1649255864512607,1.9709590092187925,0.19396657723246813
FBgn0052107,24,14,2.4066152238397054,1.9709590092187925,0.43565621462091286
FBgn0052107,30,15,2.639742095667613,1.9709590092187925,0.6687830864488205
FBgn0052107,36,16,2.521552516283175,1.9709590092187925,0.5505935070643826
FBgn0052107,42,17,2.952952421392361,1.9709590092187925,0.9819934121735683
FBgn0052107,48,18,2.7304105126463813,1.9709590092187925,0.7594515034275888
FBgn0052107,72,19,2.992547321951921,1.9709590092187925,1.0215883127331287
FBgn0052107,96,20,4.88592696406098,1.9709590092187925,2.9149679548421874
FBgn0052107,120,21,4.210227121602374,1.9709590092187925,2.2392681123835816
FBgn0052185,1,2,4.543811204711647,0.5914692448275436,3.952341959884103
FBgn0052185,2,3,4.530423846829246,0.5914692448275436,3.938954602001702
FBgn0052185,3,4,4.954436357783188,0.5914692448275436,4.362967112955644
FBgn0052185,4,5,5.894243773043613,0.5914692448275436,5.302774528216069
FBgn0052185,5,6,6.439862885532561,0.5914692448275436,5.848393640705018
FBgn0052185,6,7,6.37545088311426,0.5914692448275436,5.783981638286717
FBgn0052185,8,8,7.223348902066328,0.5914692448275436,6.631879657238784
FBgn0052185,10,9,6.2821480796306615,0.5914692448275436,5.690678834803117
FBgn0052185,12,10,6.4287760861876375,0.5914692448275436,5.837306841360094
FBgn0052185,14,11,5.265835542216033,0.5914692448275436,4.67436629738849
FBgn0052185,16,12,5.040740698755466,0.5914692448275436,4.449271453927922
FBgn0052185,20,13,6.864352147392035,0.5914692448275436,6.272882902564492
FBgn0052185,24,14,3.332259551652079,0.5914692448275436,2.7407903068245356
FBgn0052185,30,15,7.388505428631605,0.5914692448275436,6.797036183804062
FBgn0052185,36,16,3.831278163512265,0.5914692448275436,3.239808918684721
FBgn0052185,42,17,6.050660082424349,0.5914692448275436,5.459190837596806
FBgn0052185,48,18,5.13524262080706,0.5914692448275436,4.543773375979516
FBgn0052185,72,19,4.681159380622359,0.5914692448275436,4.0896901357948146
FBgn0052185,96,20,4.70992807705074,0.5914692448275436,4.118458832223196
FBgn0052185,120,21,3.7648382536557747,0.5914692448275436,3.173369008828231
FBgn0052279,1,2,0.58604573767796,0.17992633126995913,0.4061194064080008
FBgn0052279,2,3,0.6724293655957799,0.17992633126995913,0.49250303432582077
FBgn0052279,3,4,1.178136727040899,0.17992633126995913,0.9982103957709397
FBgn0052279,4,5,0.8146507906649813,0.17992633126995913,0.6347244593950221
FBgn0052279,5,6,0.7806711557468119,0.17992633126995913,0.6007448244768527
FBgn0052279,6,7,1.299384572746435,0.17992633126995913,1.119458241476476
FBgn0052279,8,8,1.2269731786076918,0.17992633126995913,1.0470468473377328
FBgn0052279,10,9,0.6728811975263603,0.17992633126995913,0.49295486625640117
FBgn0052279,12,10,0.8128662486613893,0.17992633126995913,0.6329399173914302
FBgn0052279,14,11,1.7311746176621803,0.17992633126995913,1.5512482863922212
FBgn0052279,16,12,0.35089700793356815,0.17992633126995913,0.17097067666360902
FBgn0052279,20,13,1.0401067449311174,0.17992633126995913,0.8601804136611583
FBgn0052279,24,14,0.4084892879105497,0.17992633126995913,0.2285629566405906
FBgn0052279,30,15,1.4309662369306149,0.17992633126995913,1.2510399056606558
FBgn0052279,36,16,1.0981745373842102,0.17992633126995913,0.9182482061142511
FBgn0052279,42,17,0.689874342457523,0.17992633126995913,0.5099480111875638
FBgn0052279,48,18,0.42465430567528917,0.17992633126995913,0.24472797440533003
FBgn0052279,72,19,0.551297394535413,0.17992633126995913,0.3713710632654539
FBgn0052279,96,20,2.1159228666033463,0.17992633126995913,1.9359965353333872
FBgn0052279,120,21,1.8177379526230644,0.17992633126995913,1.6378116213531053
FBgn0052283,1,2,0.41861427068540596,0.4450878138262979,-0.026473543140891953
FBgn0052283,2,3,1.3925744613634767,0.4450878138262979,0.9474866475371788
FBgn0052283,3,4,1.4949247277849322,0.4450878138262979,1.0498369139586343
FBgn0052283,4,5,0.7664954444164653,0.4450878138262979,0.3214076305901674
FBgn0052283,5,6,1.6955825260429218,0.4450878138262979,1.250494712216624
FBgn0052283,6,7,2.077359194123236,0.4450878138262979,1.6322713802969382
FBgn0052283,8,8,1.811072919301017,0.4450878138262979,1.3659851054747192
FBgn0052283,10,9,1.3736457119755796,0.4450878138262979,0.9285578981492817
FBgn0052283,12,10,2.0868212708008067,0.4450878138262979,1.6417334569745088
FBgn0052283,14,11,2.7880275680199964,0.4450878138262979,2.3429397541936985
FBgn0052283,16,12,1.0822166153949464,0.4450878138262979,0.6371288015686485
FBgn0052283,20,13,2.3583761446304874,0.4450878138262979,1.9132883308041895
FBgn0052283,24,14,1.2575396979305604,0.4450878138262979,0.8124518841042625
FBgn0052283,30,15,2.8177881999411722,0.4450878138262979,2.3727003861148743
FBgn0052283,36,16,2.1329244889136456,0.4450878138262979,1.6878366750873477
FBgn0052283,42,17,0.9651044100382542,0.4450878138262979,0.5200165962119563
FBgn0052283,48,18,1.116576548249788,0.4450878138262979,0.6714887344234901
FBgn0052283,72,19,0.5591831530728613,0.4450878138262979,0.11409533924656334
FBgn0052283,96,20,3.2330439418852652,0.4450878138262979,2.7879561280589673
FBgn0052283,120,21,2.4321596009951225,0.4450878138262979,1.9870717871688246
FBgn0052284,1,2,1.5698543251651769,2.003085959664638,-0.4332316344994611
FBgn0052284,2,3,2.14704023770218,2.003085959664638,0.14395427803754224
FBgn0052284,3,4,3.1910432281231067,2.003085959664638,1.1879572684584687
FBgn0052284,4,5,2.480621397443533,2.003085959664638,0.47753543777889496
FBgn0052284,5,6,2.4124372535012952,2.003085959664638,0.40935129383665725
FBgn0052284,6,7,3.448581912009069,2.003085959664638,1.445495952344431
FBgn0052284,8,8,3.374641974863394,2.003085959664638,1.371556015198756
FBgn0052284,10,9,2.6774690975063136,2.003085959664638,0.6743831378416756
FBgn0052284,12,10,3.023126796296488,2.003085959664638,1.0200408366318499
FBgn0052284,14,11,2.7787200875792033,2.003085959664638,0.7756341279145653
FBgn0052284,16,12,1.641182724584967,2.003085959664638,-0.3619032350796709
FBgn0052284,20,13,2.8579909951421856,2.003085959664638,0.8549050354775476
FBgn0052284,24,14,1.618395728198026,2.003085959664638,-0.3846902314666121
FBgn0052284,30,15,2.533321520791377,2.003085959664638,0.5302355611267391
FBgn0052284,36,16,2.3881360589047524,2.003085959664638,0.38505009924011446
FBgn0052284,42,17,1.937821099675793,2.003085959664638,-0.06526485998884501
FBgn0052284,48,18,1.424786643371359,2.003085959664638,-0.578299316293279
FBgn0052284,72,19,1.846263012777313,2.003085959664638,-0.156822946887325
FBgn0052284,96,20,3.674098013765269,2.003085959664638,1.6710120541006308
FBgn0052284,120,21,3.406093046101901,2.003085959664638,1.4030070864372628
FBgn0052302,1,2,0.5190825968398578,0.11682135757787444,0.40226123926198337
FBgn0052302,2,3,0.9788697612675961,0.11682135757787444,0.8620484036897216
FBgn0052302,3,4,1.301528128369871,0.11682135757787444,1.1847067707919965
FBgn0052302,4,5,2.2185580894702452,0.11682135757787444,2.101736731892371
FBgn0052302,5,6,0.7164836263990509,0.11682135757787444,0.5996622688211765
FBgn0052302,6,7,3.8774889282307807,0.11682135757787444,3.7606675706529065
FBgn0052302,8,8,0.40437725585366746,0.11682135757787444,0.28755589827579303
FBgn0052302,10,9,0.4594648920437292,0.11682135757787444,0.34264353446585477
FBgn0052302,12,10,1.9398330663515153,0.11682135757787444,1.8230117087736408
FBgn0052302,14,11,0.42565465827554017,0.11682135757787444,0.30883330069766574
FBgn0052302,16,12,0.25163830485369854,0.11682135757787444,0.1348169472758241
FBgn0052302,20,13,1.9745839452144942,0.11682135757787444,1.8577625876366197
FBgn0052302,24,14,1.0863106297200775,0.11682135757787444,0.969489272142203
FBgn0052302,30,15,2.1930715229731383,0.11682135757787444,2.076250165395264
FBgn0052302,36,16,0.5863242207712704,0.11682135757787444,0.469502863193396
FBgn0052302,42,17,0.13518216447787323,0.11682135757787444,0.01836080689999879
FBgn0052302,48,18,0.3882376149472285,0.11682135757787444,0.2714162573693541
FBgn0052302,72,19,0.29982981774186657,0.11682135757787444,0.18300846016399214
FBgn0052302,96,20,2.0654391570652058,0.11682135757787444,1.9486177994873313
FBgn0052302,120,21,1.3560786335738966,0.11682135757787444,1.239257275996022
FBgn0052368,1,2,3.7566297889055926,3.041936262968745,0.7146935259368474
FBgn0052368,2,3,4.120640819802322,3.041936262968745,1.0787045568335767
FBgn0052368,3,4,3.7306223014468887,3.041936262968745,0.6886860384781435
FBgn0052368,4,5,3.6784543926981463,3.041936262968745,0.6365181297294011
FBgn0052368,5,6,4.086405760707168,3.041936262968745,1.0444694977384232
FBgn0052368,6,7,4.216743353016068,3.041936262968745,1.1748070900473229
FBgn0052368,8,8,4.220255658629905,3.041936262968745,1.17831939566116
FBgn0052368,10,9,3.688718395600991,3.041936262968745,0.6467821326322456
FBgn0052368,12,10,3.974549121921396,3.041936262968745,0.932612858952651
FBgn0052368,14,11,4.03597256045087,3.041936262968745,0.9940362974821246
FBgn0052368,16,12,3.546769196359956,3.041936262968745,0.5048329333912109
FBgn0052368,20,13,4.08767022600521,3.041936262968745,1.045733963036465
FBgn0052368,24,14,3.8478800122384467,3.041936262968745,0.8059437492697015
FBgn0052368,30,15,4.1104479911737,3.041936262968745,1.068511728204955
FBgn0052368,36,16,4.441902363292122,3.041936262968745,1.3999661003233772
FBgn0052368,42,17,4.501029340827532,3.041936262968745,1.4590930778587872
FBgn0052368,48,18,3.6126314251856444,3.041936262968745,0.5706951622168992
FBgn0052368,72,19,3.966209561927361,3.041936262968745,0.924273298958616
FBgn0052368,96,20,7.366006156088805,3.041936262968745,4.324069893120059
FBgn0052368,120,21,6.373565333527743,3.041936262968745,3.331629070558998
FBgn0052447,1,2,2.243825287218531,2.2565609241505715,-0.012735636932040606
FBgn0052447,2,3,2.8158699988160922,2.2565609241505715,0.5593090746655207
FBgn0052447,3,4,2.820004944873823,2.2565609241505715,0.5634440207232516
FBgn0052447,4,5,2.4600184966505445,2.2565609241505715,0.20345757249997298
FBgn0052447,5,6,2.4437522557625013,2.2565609241505715,0.1871913316119298
FBgn0052447,6,7,2.234687249728302,2.2565609241505715,-0.021873674422269396
FBgn0052447,8,8,1.711585608054763,2.2565609241505715,-0.5449753160958086
FBgn0052447,10,9,2.5564895322413537,2.2565609241505715,0.29992860809078215
FBgn0052447,12,10,2.3799759573056285,2.2565609241505715,0.12341503315505697
FBgn0052447,14,11,2.4507909121858926,2.2565609241505715,0.1942299880353211
FBgn0052447,16,12,2.2559262954419133,2.2565609241505715,-0.0006346287086582691
FBgn0052447,20,13,1.6616592420013188,2.2565609241505715,-0.5949016821492528
FBgn0052447,24,14,1.2597174670768176,2.2565609241505715,-0.9968434570737539
FBgn0052447,30,15,1.712293870964671,2.2565609241505715,-0.5442670531859006
FBgn0052447,36,16,2.027966822026995,2.2565609241505715,-0.22859410212357645
FBgn0052447,42,17,1.6047099294858906,2.2565609241505715,-0.6518509946646809
FBgn0052447,48,18,2.0416970988699967,2.2565609241505715,-0.2148638252805748
FBgn0052447,72,19,1.7665216693375183,2.2565609241505715,-0.4900392548130532
FBgn0052447,96,20,1.7447434916588922,2.2565609241505715,-0.5118174324916793
FBgn0052447,120,21,2.0731296783422164,2.2565609241505715,-0.18343124580835513
FBgn0052751,1,2,1.0262584838237871,1.124345970839573,-0.09808748701578596
FBgn0052751,2,3,0.9145467731694348,1.124345970839573,-0.20979919767013833
FBgn0052751,3,4,1.1122436686000934,1.124345970839573,-0.012102302239479723
FBgn0052751,4,5,1.5930743648802341,1.124345970839573,0.468728394040661
FBgn0052751,5,6,1.4974993422759533,1.124345970839573,0.37315337143638017
FBgn0052751,6,7,1.897578573014333,1.124345970839573,0.77323260217476
FBgn0052751,8,8,2.219858168027017,1.124345970839573,1.095512197187444
FBgn0052751,10,9,2.5928632251777213,1.124345970839573,1.4685172543381482
FBgn0052751,12,10,2.7746640676738927,1.124345970839573,1.6503180968343196
FBgn0052751,14,11,2.893157816901179,1.124345970839573,1.768811846061606
FBgn0052751,16,12,2.4612653565313956,1.124345970839573,1.3369193856918224
FBgn0052751,20,13,1.2763737696028779,1.124345970839573,0.15202779876330474
FBgn0052751,24,14,1.3954864690773137,1.124345970839573,0.27114049823774056
FBgn0052751,30,15,1.5179455380555982,1.124345970839573,0.39359956721602507
FBgn0052751,36,16,2.4803382184073777,1.124345970839573,1.3559922475678046
FBgn0052751,42,17,1.5618298520633365,1.124345970839573,0.43748388122376336
FBgn0052751,48,18,1.115591015854721,1.124345970839573,-0.008754954984852015
FBgn0052751,72,19,0.818176784421303,1.124345970839573,-0.30616918641827007
FBgn0052751,96,20,1.1204284891625949,1.124345970839573,-0.003917481676978252
FBgn0052751,120,21,1.1732630666310018,1.124345970839573,0.048917095791428666
FBgn0053117,1,2,0.0,0.09313795390269923,-0.09313795390269923
FBgn0053117,2,3,0.0,0.09313795390269923,-0.09313795390269923
FBgn0053117,3,4,0.0,0.09313795390269923,-0.09313795390269923
FBgn0053117,4,5,0.354909006123772,0.09313795390269923,0.2617710522210728
FBgn0053117,5,6,1.3266659393421618,0.09313795390269923,1.2335279854394625
FBgn0053117,6,7,1.392316765055707,0.09313795390269923,1.2991788111530076
FBgn0053117,8,8,1.1738287460334,0.09313795390269923,1.0806907921307007
FBgn0053117,10,9,1.2281637689244476,0.09313795390269923,1.1350258150217483
FBgn0053117,12,10,1.4182471047447305,0.09313795390269923,1.3251091508420312
FBgn0053117,14,11,0.7198147765549296,0.09313795390269923,0.6266768226522305
FBgn0053117,16,12,0.3150037915121376,0.09313795390269923,0.22186583760943834
FBgn0053117,20,13,0.12552853794612412,0.09313795390269923,0.03239058404342489
FBgn0053117,24,14,0.10149159800895519,0.09313795390269923,0.008353644106255956
FBgn0053117,30,15,0.8964186792168372,0.09313795390269923,0.803280725314138
FBgn0053117,36,16,0.040714866738034296,0.09313795390269923,-0.052423087164664935
FBgn0053117,42,17,0.12492772592902981,0.09313795390269923,0.031789772026330584
FBgn0053117,48,18,0.0,0.09313795390269923,-0.09313795390269923
FBgn0053117,72,19,0.023711359532288496,0.09313795390269923,-0.06942659437041074
FBgn0053117,96,20,0.03542802181920246,0.09313795390269923,-0.05770993208349677
FBgn0053117,120,21,0.0,0.09313795390269923,-0.09313795390269923
FBgn0053192,1,2,3.0524219913428148,2.985000510311988,0.06742148103082668
FBgn0053192,2,3,3.1563714226804773,2.985000510311988,0.17137091236848923
FBgn0053192,3,4,3.826201159326393,2.985000510311988,0.841200649014405
FBgn0053192,4,5,4.2975756231418805,2.985000510311988,1.3125751128298924
FBgn0053192,5,6,4.615625108393455,2.985000510311988,1.6306245980814666
FBgn0053192,6,7,4.395058852919724,2.985000510311988,1.4100583426077358
FBgn0053192,8,8,3.9795218366566383,2.985000510311988,0.9945213263446502
FBgn0053192,10,9,3.805141130382786,2.985000510311988,0.8201406200707977
FBgn0053192,12,10,3.4239709282356237,2.985000510311988,0.43897041792363556
FBgn0053192,14,11,3.4930570668169634,2.985000510311988,0.5080565565049753
FBgn0053192,16,12,3.089043538665919,2.985000510311988,0.10404302835393109
FBgn0053192,20,13,2.7752307596478722,2.985000510311988,-0.20976975066411585
FBgn0053192,24,14,4.21670664647438,2.985000510311988,1.231706136162392
FBgn0053192,30,15,4.209103516870419,2.985000510311988,1.224103006558431
FBgn0053192,36,16,4.459303375180204,2.985000510311988,1.4743028648682155
FBgn0053192,42,17,3.459198079451075,2.985000510311988,0.4741975691390867
FBgn0053192,48,18,3.965991801394484,2.985000510311988,0.9809912910824958
FBgn0053192,72,19,4.574605182445787,2.985000510311988,1.5896046721337993
FBgn0053192,96,20,3.425879205140593,2.985000510311988,0.440878694828605
FBgn0053192,120,21,4.612054885491544,2.985000510311988,1.6270543751795556
FBgn0053301,1,2,4.711898741155546,2.597120698037437,2.1147780431181094
FBgn0053301,2,3,5.257546105032219,2.597120698037437,2.660425406994782
FBgn0053301,3,4,5.190265424738146,2.597120698037437,2.593144726700709
FBgn0053301,4,5,5.5908866963060415,2.597120698037437,2.9937659982686045
FBgn0053301,5,6,4.390210655381992,2.597120698037437,1.793089957344555
FBgn0053301,6,7,4.745245366656293,2.597120698037437,2.1481246686188555
FBgn0053301,8,8,3.6138454521446883,2.597120698037437,1.0167247541072513
FBgn0053301,10,9,3.2991876383221803,2.597120698037437,0.7020669402847433
FBgn0053301,12,10,3.8597253563788163,2.597120698037437,1.2626046583413792
FBgn0053301,14,11,4.771603301398539,2.597120698037437,2.1744826033611018
FBgn0053301,16,12,4.003675469900383,2.597120698037437,1.4065547718629459
FBgn0053301,20,13,3.989013334942251,2.597120698037437,1.3918926369048141
FBgn0053301,24,14,4.303522398742821,2.597120698037437,1.706401700705384
FBgn0053301,30,15,3.724126881896421,2.597120698037437,1.1270061838589838
FBgn0053301,36,16,4.753641715833476,2.597120698037437,2.156521017796039
FBgn0053301,42,17,4.455805544997566,2.597120698037437,1.858684846960129
FBgn0053301,48,18,3.8416868820387693,2.597120698037437,1.2445661840013322
FBgn0053301,72,19,4.299787410497364,2.597120698037437,1.7026667124599273
FBgn0053301,96,20,4.380173209027847,2.597120698037437,1.7830525109904096
FBgn0053301,120,21,4.857359165680121,2.597120698037437,2.260238467642684
FBgn0053306,1,2,3.495765932067646,3.5835808561606184,-0.0878149240929722
FBgn0053306,2,3,3.8166112113656077,3.5835808561606184,0.23303035520498927
FBgn0053306,3,4,3.561929637737539,3.5835808561606184,-0.021651218423079488
FBgn0053306,4,5,3.549584992670153,3.5835808561606184,-0.03399586349046535
FBgn0053306,5,6,4.498883615115902,3.5835808561606184,0.915302758955284
FBgn0053306,6,7,3.9665653185191267,3.5835808561606184,0.38298446235850836
FBgn0053306,8,8,4.614505439399499,3.5835808561606184,1.030924583238881
FBgn0053306,10,9,5.323298970638769,3.5835808561606184,1.7397181144781504
FBgn0053306,12,10,5.135695447064121,3.5835808561606184,1.5521145909035026
FBgn0053306,14,11,5.25012690141515,3.5835808561606184,1.666546045254532
FBgn0053306,16,12,4.702140753884521,3.5835808561606184,1.1185598977239026
FBgn0053306,20,13,4.773358812228812,3.5835808561606184,1.1897779560681938
FBgn0053306,24,14,5.059527665341981,3.5835808561606184,1.4759468091813623
FBgn0053306,30,15,5.5227523547669914,3.5835808561606184,1.939171498606373
FBgn0053306,36,16,5.343611645328387,3.5835808561606184,1.760030789167769
FBgn0053306,42,17,5.462989139560131,3.5835808561606184,1.8794082833995125
FBgn0053306,48,18,5.38599868834654,3.5835808561606184,1.8024178321859212
FBgn0053306,72,19,5.675392404457897,3.5835808561606184,2.0918115482972786
FBgn0053306,96,20,4.897861294151744,3.5835808561606184,1.3142804379911253
FBgn0053306,120,21,5.346506783262488,3.5835808561606184,1.76292592710187
FBgn0053337,1,2,1.932008148808902,0.3024642141586301,1.6295439346502718
FBgn0053337,2,3,2.681831985878741,0.3024642141586301,2.379367771720111
FBgn0053337,3,4,1.241151209490307,0.3024642141586301,0.9386869953316769
FBgn0053337,4,5,1.3418009660519532,0.3024642141586301,1.0393367518933232
FBgn0053337,5,6,0.47791449282902626,0.3024642141586301,0.17545027867039614
FBgn0053337,6,7,2.872388677474917,0.3024642141586301,2.569924463316287
FBgn0053337,8,8,0.7186628803058083,0.3024642141586301,0.41619866614717815
FBgn0053337,10,9,1.024593328350189,0.3024642141586301,0.7221291141915588
FBgn0053337,12,10,1.61511187794768,0.3024642141586301,1.31264766378905
FBgn0053337,14,11,1.5473611101206997,0.3024642141586301,1.2448968959620696
FBgn0053337,16,12,0.3026717129082691,0.3024642141586301,0.00020749874963899018
FBgn0053337,20,13,2.409924657095788,0.3024642141586301,2.107460442937158
FBgn0053337,24,14,1.0974283089542232,0.3024642141586301,0.794964094795593
FBgn0053337,30,15,2.0134299917326204,0.3024642141586301,1.7109657775739904
FBgn0053337,36,16,0.750416897688422,0.3024642141586301,0.4479526835297919
FBgn0053337,42,17,1.197229880076109,0.3024642141586301,0.8947656659174789
FBgn0053337,48,18,0.7961572623925113,0.3024642141586301,0.49369304823388116
FBgn0053337,72,19,1.9529744970422276,0.3024642141586301,1.6505102828835976
FBgn0053337,96,20,2.184766946603379,0.3024642141586301,1.882302732444749
FBgn0053337,120,21,1.537508821348685,0.3024642141586301,1.235044607190055
FBgn0053346,1,2,5.814692854787447,4.711809384289349,1.1028834704980977
FBgn0053346,2,3,5.912387270781327,4.711809384289349,1.2005778864919776
FBgn0053346,3,4,6.268166457020327,4.711809384289349,1.556357072730978
FBgn0053346,4,5,5.907039456051846,4.711809384289349,1.1952300717624968
FBgn0053346,5,6,6.264184681895656,4.711809384289349,1.5523752976063063
FBgn0053346,6,7,6.074297044336754,4.711809384289349,1.362487660047405
FBgn0053346,8,8,5.656367353064031,4.711809384289349,0.9445579687746815
FBgn0053346,10,9,5.536685579232479,4.711809384289349,0.8248761949431298
FBgn0053346,12,10,5.601427991069286,4.711809384289349,0.889618606779937
FBgn0053346,14,11,6.246350322507878,4.711809384289349,1.5345409382185284
FBgn0053346,16,12,5.6744774704090055,4.711809384289349,0.9626680861196562
FBgn0053346,20,13,5.661424400185648,4.711809384289349,0.949615015896299
FBgn0053346,24,14,5.911142355569968,4.711809384289349,1.1993329712806187
FBgn0053346,30,15,6.024963640018681,4.711809384289349,1.3131542557293319
FBgn0053346,36,16,6.274771289888815,4.711809384289349,1.5629619055994652
FBgn0053346,42,17,5.860971602473599,4.711809384289349,1.1491622181842498
FBgn0053346,48,18,5.641686902796716,4.711809384289349,0.9298775185073662
FBgn0053346,72,19,6.438775262139913,4.711809384289349,1.7269658778505637
FBgn0053346,96,20,7.241831401080278,4.711809384289349,2.5300220167909284
FBgn0053346,120,21,7.219552004177414,4.711809384289349,2.507742619888065
FBgn0053468,1,2,3.640346504982197,1.5881079220597873,2.05223858292241
FBgn0053468,2,3,3.3627590157007052,1.5881079220597873,1.7746510936409179
FBgn0053468,3,4,4.009311937681849,1.5881079220597873,2.4212040156220613
FBgn0053468,4,5,3.813171667278249,1.5881079220597873,2.2250637452184616
FBgn0053468,5,6,4.141868590315255,1.5881079220597873,2.5537606682554674
FBgn0053468,6,7,3.6426452308642614,1.5881079220597873,2.0545373088044743
FBgn0053468,8,8,2.4135825950823744,1.5881079220597873,0.825474673022587
FBgn0053468,10,9,2.866020235983792,1.5881079220597873,1.2779123139240045
FBgn0053468,12,10,3.489768053343314,1.5881079220597873,1.9016601312835266
FBgn0053468,14,11,4.01149905040848,1.5881079220597873,2.423391128348692
FBgn0053468,16,12,3.235164724402412,1.5881079220597873,1.6470568023426246
FBgn0053468,20,13,3.6394400015736568,1.5881079220597873,2.0513320795138696
FBgn0053468,24,14,2.490611376913154,1.5881079220597873,0.9025034548533666
FBgn0053468,30,15,2.820742166104544,1.5881079220597873,1.2326342440447566
FBgn0053468,36,16,3.6911934981113874,1.5881079220597873,2.1030855760516003
FBgn0053468,42,17,1.8295352340269813,1.5881079220597873,0.2414273119671939
FBgn0053468,48,18,2.459457163449647,1.5881079220597873,0.8713492413898598
FBgn0053468,72,19,1.777005969419371,1.5881079220597873,0.1888980473595836
FBgn0053468,96,20,2.1507344586002723,1.5881079220597873,0.562626536540485
FBgn0053468,120,21,2.1022117808625307,1.5881079220597873,0.5141038588027433
FBgn0053470,1,2,9.447237707648682,8.396376726948212,1.0508609807004703
FBgn0053470,2,3,10.393370038280098,8.396376726948212,1.9969933113318863
FBgn0053470,3,4,10.644868945893768,8.396376726948212,2.2484922189455556
FBgn0053470,4,5,10.98320946264101,8.396376726948212,2.5868327356927985
FBgn0053470,5,6,10.889047948411529,8.396376726948212,2.4926712214633167
FBgn0053470,6,7,10.88406478306452,8.396376726948212,2.4876880561163084
FBgn0053470,8,8,10.960178815913826,8.396376726948212,2.5638020889656143
FBgn0053470,10,9,10.68855531008835,8.396376726948212,2.2921785831401387
FBgn0053470,12,10,10.151540524310166,8.396376726948212,1.7551637973619538
FBgn0053470,14,11,10.098363895605607,8.396376726948212,1.7019871686573946
FBgn0053470,16,12,10.284680171956039,8.396376726948212,1.8883034450078267
FBgn0053470,20,13,10.499692958058459,8.396376726948212,2.103316231110247
FBgn0053470,24,14,9.55653009297419,8.396376726948212,1.1601533660259786
FBgn0053470,30,15,10.764705716641473,8.396376726948212,2.3683289896932607
FBgn0053470,36,16,9.647668333638446,8.396376726948212,1.2512916066902342
FBgn0053470,42,17,10.307516718126799,8.396376726948212,1.9111399911785867
FBgn0053470,48,18,9.380252692493697,8.396376726948212,0.9838759655454847
FBgn0053470,72,19,9.870475284459701,8.396376726948212,1.474098557511489
FBgn0053470,96,20,9.23354410246452,8.396376726948212,0.8371673755163087
FBgn0053470,120,21,9.208235061820474,8.396376726948212,0.8118583348722623
FBgn0053503,1,2,5.890938154741662,5.559820557283501,0.33111759745816105
FBgn0053503,2,3,6.170540621291602,5.559820557283501,0.6107200640081007
FBgn0053503,3,4,5.741029269489362,5.559820557283501,0.18120871220586032
FBgn0053503,4,5,6.224476008651537,5.559820557283501,0.664655451368036
FBgn0053503,5,6,5.972545562937457,5.559820557283501,0.41272500565395553
FBgn0053503,6,7,5.5801741145726815,5.559820557283501,0.020353557289180202
FBgn0053503,8,8,4.976906485650639,5.559820557283501,-0.582914071632862
FBgn0053503,10,9,5.643885139608434,5.559820557283501,0.08406458232493286
FBgn0053503,12,10,6.225667892516663,5.559820557283501,0.6658473352331615
FBgn0053503,14,11,6.539446332359042,5.559820557283501,0.979625775075541
FBgn0053503,16,12,6.373926789322979,5.559820557283501,0.8141062320394781
FBgn0053503,20,13,5.562491116987879,5.559820557283501,0.00267055970437724
FBgn0053503,24,14,6.478818876629225,5.559820557283501,0.9189983193457234
FBgn0053503,30,15,6.19946438045808,5.559820557283501,0.6396438231745787
FBgn0053503,36,16,6.597830232288015,5.559820557283501,1.0380096750045134
FBgn0053503,42,17,6.053803730613347,5.559820557283501,0.49398317332984565
FBgn0053503,48,18,6.531463135091356,5.559820557283501,0.971642577807855
FBgn0053503,72,19,7.183150098513618,5.559820557283501,1.6233295412301167
FBgn0053503,96,20,6.683772887919163,5.559820557283501,1.123952330635662
FBgn0053503,120,21,7.109654014446363,5.559820557283501,1.5498334571628618
FBgn0053509,1,2,3.2587441158303783,3.419028623810832,-0.16028450798045357
FBgn0053509,2,3,2.6322531541449594,3.419028623810832,-0.7867754696658724
FBgn0053509,3,4,1.7545222018347562,3.419028623810832,-1.6645064219760757
FBgn0053509,4,5,1.7960744550907488,3.419028623810832,-1.622954168720083
FBgn0053509,5,6,1.9189523523981435,3.419028623810832,-1.5000762714126883
FBgn0053509,6,7,1.602447337139735,3.419028623810832,-1.8165812866710969
FBgn0053509,8,8,1.9454457800313083,3.419028623810832,-1.4735828437795235
FBgn0053509,10,9,2.315436605378995,3.419028623810832,-1.1035920184318369
FBgn0053509,12,10,2.5485603828848697,3.419028623810832,-0.8704682409259621
FBgn0053509,14,11,2.5347426161435767,3.419028623810832,-0.8842860076672552
FBgn0053509,16,12,3.0383262362387584,3.419028623810832,-0.3807023875720734
FBgn0053509,20,13,2.8321283104577457,3.419028623810832,-0.5869003133530861
FBgn0053509,24,14,2.6309902625706743,3.419028623810832,-0.7880383612401576
FBgn0053509,30,15,3.1052314752893286,3.419028623810832,-0.3137971485215032
FBgn0053509,36,16,3.523548540825009,3.419028623810832,0.10451991701417729
FBgn0053509,42,17,4.060155451251092,3.419028623810832,0.6411268274402597
FBgn0053509,48,18,3.4661299281314286,3.419028623810832,0.04710130432059678
FBgn0053509,72,19,3.8402508697081728,3.419028623810832,0.4212222458973409
FBgn0053509,96,20,3.3788057916189347,3.419028623810832,-0.04022283219189715
FBgn0053509,120,21,3.732645555576038,3.419028623810832,0.313616931765206
FBgn0053510,1,2,1.4756638859610895,1.446568513659857,0.029095372301232603
FBgn0053510,2,3,0.9924945032273429,1.446568513659857,-0.45407401043251405
FBgn0053510,3,4,1.0073926531759783,1.446568513659857,-0.4391758604838787
FBgn0053510,4,5,0.9871989089728079,1.446568513659857,-0.459369604687049
FBgn0053510,5,6,1.114641084587688,1.446568513659857,-0.331927429072169
FBgn0053510,6,7,1.4402784737545842,1.446568513659857,-0.006290039905272771
FBgn0053510,8,8,1.8632514406254397,1.446568513659857,0.41668292696558273
FBgn0053510,10,9,2.3011741592877346,1.446568513659857,0.8546056456278777
FBgn0053510,12,10,2.614514720744761,1.446568513659857,1.167946207084904
FBgn0053510,14,11,2.40645221814716,1.446568513659857,0.9598837044873032
FBgn0053510,16,12,2.227186183219713,1.446568513659857,0.7806176695598559
FBgn0053510,20,13,1.685003847681914,1.446568513659857,0.23843533402205708
FBgn0053510,24,14,1.7141153234705686,1.446568513659857,0.26754680981071166
FBgn0053510,30,15,1.7131476390747515,1.446568513659857,0.2665791254148946
FBgn0053510,36,16,2.6520615583550526,1.446568513659857,1.2054930446951957
FBgn0053510,42,17,2.086513777174955,1.446568513659857,0.6399452635150982
FBgn0053510,48,18,1.8019370323490866,1.446568513659857,0.3553685186892297
FBgn0053510,72,19,1.876866226593711,1.446568513659857,0.4302977129338541
FBgn0053510,96,20,2.2639885874220775,1.446568513659857,0.8174200737622206
FBgn0053510,120,21,2.7030106819461777,1.446568513659857,1.2564421682863207
FBgn0053511,1,2,3.1141634563657616,2.322815465926026,0.7913479904397356
FBgn0053511,2,3,2.952727128230347,2.322815465926026,0.629911662304321
FBgn0053511,3,4,3.327968766672623,2.322815465926026,1.005153300746597
FBgn0053511,4,5,2.8879219792249744,2.322815465926026,0.5651065132989483
FBgn0053511,5,6,2.9723042843268273,2.322815465926026,0.6494888184008012
FBgn0053511,6,7,3.029112353513353,2.322815465926026,0.7062968875873268
FBgn0053511,8,8,3.721094602680031,2.322815465926026,1.398279136754005
FBgn0053511,10,9,4.0404651395966535,2.322815465926026,1.7176496736706275
FBgn0053511,12,10,4.197444255562138,2.322815465926026,1.8746287896361116
FBgn0053511,14,11,4.1124888762140195,2.322815465926026,1.7896734102879934
FBgn0053511,16,12,3.792176413271506,2.322815465926026,1.4693609473454798
FBgn0053511,20,13,2.817215735370251,2.322815465926026,0.4944002694442249
FBgn0053511,24,14,2.3970616914334295,2.322815465926026,0.07424622550740345
FBgn0053511,30,15,2.8753308865306826,2.322815465926026,0.5525154206046565
FBgn0053511,36,16,4.321478381262144,2.322815465926026,1.9986629153361175
FBgn0053511,42,17,3.1967671513124127,2.322815465926026,0.8739516853863867
FBgn0053511,48,18,2.255691030987245,2.322815465926026,-0.06712443493878117
FBgn0053511,72,19,2.5753063397082,2.322815465926026,0.25249087378217405
FBgn0053511,96,20,2.579136332773756,2.322815465926026,0.25632086684773014
FBgn0053511,120,21,2.716293389627051,2.322815465926026,0.39347792370102486
FBgn0053532,1,2,2.487277742970511,1.3778023935502621,1.109475349420249
FBgn0053532,2,3,2.092317039238132,1.3778023935502621,0.7145146456878697
FBgn0053532,3,4,1.4151925344567995,1.3778023935502621,0.03739014090653736
FBgn0053532,4,5,1.7358184524748048,1.3778023935502621,0.3580160589245427
FBgn0053532,5,6,1.8618353128991671,1.3778023935502621,0.484032919348905
FBgn0053532,6,7,2.2916623201232063,1.3778023935502621,0.9138599265729441
FBgn0053532,8,8,2.5638335846351823,1.3778023935502621,1.1860311910849202
FBgn0053532,10,9,1.9942429265574657,1.3778023935502621,0.6164405330072036
FBgn0053532,12,10,1.8655665338818817,1.3778023935502621,0.4877641403316195
FBgn0053532,14,11,1.6967944064841616,1.3778023935502621,0.31899201293389945
FBgn0053532,16,12,1.326324259292098,1.3778023935502621,-0.051478134258164054
FBgn0053532,20,13,1.4781421076407535,1.3778023935502621,0.10033971409049136
FBgn0053532,24,14,1.7334345790770418,1.3778023935502621,0.35563218552677966
FBgn0053532,30,15,2.1714063073792294,1.3778023935502621,0.7936039138289672
FBgn0053532,36,16,2.7736988109160885,1.3778023935502621,1.3958964173658264
FBgn0053532,42,17,2.911527677836335,1.3778023935502621,1.533725284286073
FBgn0053532,48,18,2.6426577849113437,1.3778023935502621,1.2648553913610816
FBgn0053532,72,19,2.9362445315698324,1.3778023935502621,1.5584421380195703
FBgn0053532,96,20,6.2838291448762895,1.3778023935502621,4.906026751326028
FBgn0053532,120,21,4.46241842716912,1.3778023935502621,3.084616033618858
FBgn0053533,1,2,5.15441478731076,5.027893591555803,0.12652119575495657
FBgn0053533,2,3,5.182041530982095,5.027893591555803,0.15414793942629146
FBgn0053533,3,4,5.271751814974998,5.027893591555803,0.2438582234191946
FBgn0053533,4,5,5.195899679045069,5.027893591555803,0.1680060874892657
FBgn0053533,5,6,5.6106423285262235,5.027893591555803,0.5827487369704203
FBgn0053533,6,7,5.103311119941333,5.027893591555803,0.07541752838552984
FBgn0053533,8,8,5.204581223147942,5.027893591555803,0.17668763159213885
FBgn0053533,10,9,5.414807080254631,5.027893591555803,0.3869134886988279
FBgn0053533,12,10,5.427441974921294,5.027893591555803,0.3995483833654907
FBgn0053533,14,11,5.541069040156167,5.027893591555803,0.5131754486003635
FBgn0053533,16,12,5.375398549833914,5.027893591555803,0.3475049582781109
FBgn0053533,20,13,5.2876849512215465,5.027893591555803,0.2597913596657433
FBgn0053533,24,14,5.798668176523947,5.027893591555803,0.7707745849681436
FBgn0053533,30,15,5.959796697300383,5.027893591555803,0.9319031057445795
FBgn0053533,36,16,6.006336948406184,5.027893591555803,0.9784433568503808
FBgn0053533,42,17,5.722071215558442,5.027893591555803,0.6941776240026387
FBgn0053533,48,18,5.916682130042388,5.027893591555803,0.888788538486585
FBgn0053533,72,19,6.270969091036835,5.027893591555803,1.2430754994810318
FBgn0053533,96,20,6.969275448369604,5.027893591555803,1.941381856813801
FBgn0053533,120,21,7.076337397506409,5.027893591555803,2.0484438059506056
FBgn0053542,1,2,1.8482262733365098,0.6470324205439857,1.201193852792524
FBgn0053542,2,3,1.746213209116366,0.6470324205439857,1.0991807885723803
FBgn0053542,3,4,2.1652519901889455,0.6470324205439857,1.5182195696449599
FBgn0053542,4,5,1.581467334678213,0.6470324205439857,0.9344349141342274
FBgn0053542,5,6,1.4641449249568006,0.6470324205439857,0.8171125044128149
FBgn0053542,6,7,2.0434127466256786,0.6470324205439857,1.396380326081693
FBgn0053542,8,8,1.0648555974841942,0.6470324205439857,0.41782317694020854
FBgn0053542,10,9,1.1571846974139715,0.6470324205439857,0.5101522768699858
FBgn0053542,12,10,1.319078488020766,0.6470324205439857,0.6720460674767803
FBgn0053542,14,11,1.7113912399085984,0.6470324205439857,1.0643588193646127
FBgn0053542,16,12,0.9586282648676944,0.6470324205439857,0.3115958443237087
FBgn0053542,20,13,1.5213295015130603,0.6470324205439857,0.8742970809690747
FBgn0053542,24,14,0.9810525161824611,0.6470324205439857,0.33402009563847546
FBgn0053542,30,15,1.373054151395589,0.6470324205439857,0.7260217308516033
FBgn0053542,36,16,1.356752990365658,0.6470324205439857,0.7097205698216724
FBgn0053542,42,17,0.8857442164548234,0.6470324205439857,0.2387117959108377
FBgn0053542,48,18,1.1019845236598593,0.6470324205439857,0.45495210311587364
FBgn0053542,72,19,1.0536335867169622,0.6470324205439857,0.4066011661729765
FBgn0053542,96,20,2.5668885815184694,0.6470324205439857,1.9198561609744837
FBgn0053542,120,21,2.0877519924493164,0.6470324205439857,1.4407195719053307
FBgn0053926,1,2,4.676174613086998,4.104656013233905,0.5715185998530927
FBgn0053926,2,3,5.182227076075677,4.104656013233905,1.0775710628417716
FBgn0053926,3,4,3.949248060180238,4.104656013233905,-0.15540795305366695
FBgn0053926,4,5,4.346504779931742,4.104656013233905,0.24184876669783684
FBgn0053926,5,6,4.400569810273515,4.104656013233905,0.29591379703960996
FBgn0053926,6,7,4.417535426167994,4.104656013233905,0.3128794129340893
FBgn0053926,8,8,4.602701924896982,4.104656013233905,0.4980459116630769
FBgn0053926,10,9,4.005838125773042,4.104656013233905,-0.09881788746086251
FBgn0053926,12,10,4.271772770968285,4.104656013233905,0.16711675773438017
FBgn0053926,14,11,4.416557097232619,4.104656013233905,0.3119010839987144
FBgn0053926,16,12,4.457922879435385,4.104656013233905,0.35326686620147996
FBgn0053926,20,13,4.853470776939661,4.104656013233905,0.7488147637057558
FBgn0053926,24,14,5.014123057257842,4.104656013233905,0.9094670440239367
FBgn0053926,30,15,4.934386547768234,4.104656013233905,0.8297305345343293
FBgn0053926,36,16,5.376223426875217,4.104656013233905,1.2715674136413124
FBgn0053926,42,17,5.529699236691867,4.104656013233905,1.425043223457962
FBgn0053926,48,18,5.357368748733462,4.104656013233905,1.252712735499557
FBgn0053926,72,19,5.874788631366334,4.104656013233905,1.770132618132429
FBgn0053926,96,20,8.136644466902414,4.104656013233905,4.031988453668509
FBgn0053926,120,21,7.486906297068632,4.104656013233905,3.3822502838347273
FBgn0053965,1,2,2.067902683339803,2.2621273133011064,-0.1942246299613033
FBgn0053965,2,3,1.6845010867945143,2.2621273133011064,-0.5776262265065921
FBgn0053965,3,4,2.0987539696529844,2.2621273133011064,-0.16337334364812195
FBgn0053965,4,5,2.0843877327042337,2.2621273133011064,-0.17773958059687267
FBgn0053965,5,6,2.4486530949833045,2.2621273133011064,0.18652578168219813
FBgn0053965,6,7,2.3999249637698945,2.2621273133011064,0.1377976504687881
FBgn0053965,8,8,2.527325009670264,2.2621273133011064,0.2651976963691576
FBgn0053965,10,9,3.073648185101577,2.2621273133011064,0.8115208718004707
FBgn0053965,12,10,3.1352852504344906,2.2621273133011064,0.8731579371333842
FBgn0053965,14,11,3.5175501131026357,2.2621273133011064,1.2554227998015293
FBgn0053965,16,12,3.5867040266199144,2.2621273133011064,1.324576713318808
FBgn0053965,20,13,3.589569893648929,2.2621273133011064,1.3274425803478227
FBgn0053965,24,14,3.3062940498097357,2.2621273133011064,1.0441667365086293
FBgn0053965,30,15,3.13301269087858,2.2621273133011064,0.8708853775774736
FBgn0053965,36,16,3.1659898992018007,2.2621273133011064,0.9038625859006943
FBgn0053965,42,17,3.7974286485191406,2.2621273133011064,1.5353013352180342
FBgn0053965,48,18,3.213839082182474,2.2621273133011064,0.9517117688813674
FBgn0053965,72,19,3.0393591809966813,2.2621273133011064,0.777231867695575
FBgn0053965,96,20,2.8128705294891967,2.2621273133011064,0.5507432161880903
FBgn0053965,120,21,3.0895297821863785,2.2621273133011064,0.8274024688852721
FBgn0054026,1,2,5.394228592782757,4.861737921864961,0.5324906709177961
FBgn0054026,2,3,5.353872767598379,4.861737921864961,0.4921348457334176
FBgn0054026,3,4,5.65975259535791,4.861737921864961,0.7980146734929487
FBgn0054026,4,5,5.385608037996004,4.861737921864961,0.5238701161310431
FBgn0054026,5,6,5.8338376045496965,4.861737921864961,0.9720996826847355
FBgn0054026,6,7,5.171386820700295,4.861737921864961,0.3096488988353343
FBgn0054026,8,8,4.987340455968965,4.861737921864961,0.12560253410400435
FBgn0054026,10,9,5.079952387336753,4.861737921864961,0.21821446547179235
FBgn0054026,12,10,5.185673073182356,4.861737921864961,0.3239351513173947
FBgn0054026,14,11,5.284250170056882,4.861737921864961,0.42251224819192057
FBgn0054026,16,12,5.25705740397858,4.861737921864961,0.395319482113619
FBgn0054026,20,13,5.952106581457286,4.861737921864961,1.0903686595923254
FBgn0054026,24,14,6.125824640689201,4.861737921864961,1.26408671882424
FBgn0054026,30,15,5.906189610819631,4.861737921864961,1.0444516889546698
FBgn0054026,36,16,5.832008489509114,4.861737921864961,0.9702705676441532
FBgn0054026,42,17,6.270100459072724,4.861737921864961,1.408362537207763
FBgn0054026,48,18,5.950767421400565,4.861737921864961,1.089029499535604
FBgn0054026,72,19,6.507835019242453,4.861737921864961,1.646097097377492
FBgn0054026,96,20,6.469386644276305,4.861737921864961,1.6076487224113443
FBgn0054026,120,21,6.832922294466159,4.861737921864961,1.971184372601198
FBgn0054040,1,2,3.854270259885722,3.3502265485873535,0.5040437112983684
FBgn0054040,2,3,4.106634610200674,3.3502265485873535,0.7564080616133202
FBgn0054040,3,4,4.118230973340586,3.3502265485873535,0.7680044247532329
FBgn0054040,4,5,4.4217336233071896,3.3502265485873535,1.071507074719836
FBgn0054040,5,6,3.9665550015356366,3.3502265485873535,0.6163284529482831
FBgn0054040,6,7,3.6396510205327006,3.3502265485873535,0.28942447194534715
FBgn0054040,8,8,3.4386727522693947,3.3502265485873535,0.08844620368204126
FBgn0054040,10,9,4.103918642719403,3.3502265485873535,0.7536920941320497
FBgn0054040,12,10,4.109661576457198,3.3502265485873535,0.759435027869845
FBgn0054040,14,11,5.3625763798487736,3.3502265485873535,2.01234983126142
FBgn0054040,16,12,5.238788993475929,3.3502265485873535,1.8885624448885752
FBgn0054040,20,13,6.162860220246066,3.3502265485873535,2.8126336716587126
FBgn0054040,24,14,6.066557623018095,3.3502265485873535,2.716331074430742
FBgn0054040,30,15,5.6409268830132575,3.3502265485873535,2.290700334425904
FBgn0054040,36,16,6.032056596295668,3.3502265485873535,2.6818300477083143
FBgn0054040,42,17,6.408100305973573,3.3502265485873535,3.0578737573862194
FBgn0054040,48,18,6.394210345470953,3.3502265485873535,3.0439837968836
FBgn0054040,72,19,7.243589802475721,3.3502265485873535,3.893363253888367
FBgn0054040,96,20,7.1102247083187295,3.3502265485873535,3.759998159731376
FBgn0054040,120,21,7.190924275830458,3.3502265485873535,3.8406977272431044
FBgn0054054,1,2,4.134395109290949,2.445160021949767,1.6892350873411823
FBgn0054054,2,3,4.6891862931605335,2.445160021949767,2.2440262712107666
FBgn0054054,3,4,4.874708710714983,2.445160021949767,2.429548688765216
FBgn0054054,4,5,4.398876300573806,2.445160021949767,1.9537162786240394
FBgn0054054,5,6,4.068806127685395,2.445160021949767,1.6236461057356282
FBgn0054054,6,7,3.895838449214194,2.445160021949767,1.4506784272644273
FBgn0054054,8,8,4.062833511826548,2.445160021949767,1.6176734898767808
FBgn0054054,10,9,3.827041492381765,2.445160021949767,1.3818814704319982
FBgn0054054,12,10,3.86125259673101,2.445160021949767,1.416092574781243
FBgn0054054,14,11,3.733903532381338,2.445160021949767,1.288743510431571
FBgn0054054,16,12,4.055779568032927,2.445160021949767,1.6106195460831598
FBgn0054054,20,13,4.122538772224543,2.445160021949767,1.6773787502747757
FBgn0054054,24,14,2.939383864985766,2.445160021949767,0.4942238430359991
FBgn0054054,30,15,4.316301317138963,2.445160021949767,1.8711412951891964
FBgn0054054,36,16,3.4131874420998622,2.445160021949767,0.9680274201500954
FBgn0054054,42,17,3.9982842617439385,2.445160021949767,1.5531242397941716
FBgn0054054,48,18,3.2391739997950877,2.445160021949767,0.7940139778453208
FBgn0054054,72,19,3.356723238162007,2.445160021949767,0.9115632162122402
FBgn0054054,96,20,3.7013255190173915,2.445160021949767,1.2561654970676246
FBgn0054054,120,21,3.3226271691975073,2.445160021949767,0.8774671472477404
FBgn0061356,1,2,6.113215358093871,6.322028908370408,-0.20881355027653647
FBgn0061356,2,3,5.528040549520173,6.322028908370408,-0.7939883588502346
FBgn0061356,3,4,5.067416944054883,6.322028908370408,-1.254611964315525
FBgn0061356,4,5,5.176917924571423,6.322028908370408,-1.1451109837989843
FBgn0061356,5,6,5.259522425131571,6.322028908370408,-1.0625064832388365
FBgn0061356,6,7,4.947148586867975,6.322028908370408,-1.3748803215024328
FBgn0061356,8,8,5.16925952042628,6.322028908370408,-1.1527693879441276
FBgn0061356,10,9,5.5879795096084965,6.322028908370408,-0.7340493987619112
FBgn0061356,12,10,5.630836962957759,6.322028908370408,-0.6911919454126485
FBgn0061356,14,11,5.375974144252586,6.322028908370408,-0.9460547641178216
FBgn0061356,16,12,5.408102198824611,6.322028908370408,-0.9139267095457964
FBgn0061356,20,13,5.829885393350195,6.322028908370408,-0.4921435150202127
FBgn0061356,24,14,6.327244414662442,6.322028908370408,0.005215506292033822
FBgn0061356,30,15,6.192243341269689,6.322028908370408,-0.12978556710071842
FBgn0061356,36,16,5.959987223822651,6.322028908370408,-0.36204168454775676
FBgn0061356,42,17,6.212912209919505,6.322028908370408,-0.10911669845090266
FBgn0061356,48,18,6.4823838240400775,6.322028908370408,0.16035491566966975
FBgn0061356,72,19,6.813443230741641,6.322028908370408,0.4914143223712335
FBgn0061356,96,20,6.8807938734481455,6.322028908370408,0.5587649650777378
FBgn0061356,120,21,6.855601185052138,6.322028908370408,0.5335722766817304
FBgn0063492,1,2,4.808008603817371,4.210139094387237,0.5978695094301338
FBgn0063492,2,3,4.5541879491583614,4.210139094387237,0.344048854771124
FBgn0063492,3,4,4.416639474279963,4.210139094387237,0.2065003798927254
FBgn0063492,4,5,4.085662816252599,4.210139094387237,-0.12447627813463846
FBgn0063492,5,6,4.149026712494569,4.210139094387237,-0.06111238189266821
FBgn0063492,6,7,3.8927458077583044,4.210139094387237,-0.31739328662893307
FBgn0063492,8,8,3.4711407370688514,4.210139094387237,-0.738998357318386
FBgn0063492,10,9,4.017027739139661,4.210139094387237,-0.19311135524757628
FBgn0063492,12,10,4.277318291364853,4.210139094387237,0.06717919697761587
FBgn0063492,14,11,4.328374365017789,4.210139094387237,0.11823527063055117
FBgn0063492,16,12,4.31756751107993,4.210139094387237,0.10742841669269243
FBgn0063492,20,13,4.821431864420213,4.210139094387237,0.6112927700329758
FBgn0063492,24,14,5.118775807089076,4.210139094387237,0.9086367127018384
FBgn0063492,30,15,4.754496116244923,4.210139094387237,0.5443570218576852
FBgn0063492,36,16,4.948673839497068,4.210139094387237,0.7385347451098303
FBgn0063492,42,17,5.247340058937196,4.210139094387237,1.0372009645499585
FBgn0063492,48,18,5.252310536048144,4.210139094387237,1.0421714416609067
FBgn0063492,72,19,5.73826927556812,4.210139094387237,1.5281301811808827
FBgn0063492,96,20,5.371132397513847,4.210139094387237,1.1609933031266095
FBgn0063492,120,21,5.8420344083516795,4.210139094387237,1.631895313964442
FBgn0063493,1,2,5.8064962737982695,4.833576206645612,0.9729200671526579
FBgn0063493,2,3,5.73841316519081,4.833576206645612,0.9048369585451983
FBgn0063493,3,4,5.316329038744221,4.833576206645612,0.4827528320986092
FBgn0063493,4,5,5.19729940295545,4.833576206645612,0.36372319630983796
FBgn0063493,5,6,4.862359702122678,4.833576206645612,0.028783495477066268
FBgn0063493,6,7,4.638320189971058,4.833576206645612,-0.19525601667455383
FBgn0063493,8,8,4.371655176021756,4.833576206645612,-0.4619210306238557
FBgn0063493,10,9,4.720121409738891,4.833576206645612,-0.113454796906721
FBgn0063493,12,10,4.977590175557758,4.833576206645612,0.14401396891214624
FBgn0063493,14,11,5.084649645932306,4.833576206645612,0.251073439286694
FBgn0063493,16,12,4.844344348010607,4.833576206645612,0.01076814136499582
FBgn0063493,20,13,5.220620186619875,4.833576206645612,0.38704397997426376
FBgn0063493,24,14,5.640431520597216,4.833576206645612,0.8068553139516048
FBgn0063493,30,15,5.334063351807661,4.833576206645612,0.5004871451620492
FBgn0063493,36,16,5.646363882732416,4.833576206645612,0.8127876760868045
FBgn0063493,42,17,5.796075587864593,4.833576206645612,0.962499381218981
FBgn0063493,48,18,5.767348267432059,4.833576206645612,0.9337720607864473
FBgn0063493,72,19,6.155306928212218,4.833576206645612,1.321730721566606
FBgn0063493,96,20,6.02036951852924,4.833576206645612,1.186793311883628
FBgn0063493,120,21,6.404324424566653,4.833576206645612,1.5707482179210412
FBgn0066365,1,2,2.4754712527046925,1.0788578246010716,1.3966134281036209
FBgn0066365,2,3,2.267576878713595,1.0788578246010716,1.1887190541125232
FBgn0066365,3,4,2.2131882746185068,1.0788578246010716,1.1343304500174352
FBgn0066365,4,5,1.6048142397063545,1.0788578246010716,0.5259564151052829
FBgn0066365,5,6,1.9416153978478992,1.0788578246010716,0.8627575732468276
FBgn0066365,6,7,1.2968183985138384,1.0788578246010716,0.2179605739127668
FBgn0066365,8,8,1.5462177663418628,1.0788578246010716,0.4673599417407912
FBgn0066365,10,9,1.986110222064331,1.0788578246010716,0.9072523974632594
FBgn0066365,12,10,2.1420962975873206,1.0788578246010716,1.063238472986249
FBgn0066365,14,11,1.5671209753697086,1.0788578246010716,0.488263150768637
FBgn0066365,16,12,1.5991529303601495,1.0788578246010716,0.5202951057590779
FBgn0066365,20,13,1.7379835054449884,1.0788578246010716,0.6591256808439168
FBgn0066365,24,14,1.6113689356695504,1.0788578246010716,0.5325111110684788
FBgn0066365,30,15,1.647237962717958,1.0788578246010716,0.5683801381168865
FBgn0066365,36,16,1.9651124943549632,1.0788578246010716,0.8862546697538916
FBgn0066365,42,17,0.8439419221301602,1.0788578246010716,-0.23491590247091143
FBgn0066365,48,18,1.3725263243330494,1.0788578246010716,0.29366849973197784
FBgn0066365,72,19,1.3062260338993363,1.0788578246010716,0.22736820929826473
FBgn0066365,96,20,1.0037020895806212,1.0788578246010716,-0.07515573502045036
FBgn0066365,120,21,0.9728796219488969,1.0788578246010716,-0.10597820265217472
FBgn0067905,1,2,5.987148691865318,5.248362750692826,0.738785941172492
FBgn0067905,2,3,6.94115502780588,5.248362750692826,1.6927922771130532
FBgn0067905,3,4,7.715116793548488,5.248362750692826,2.466754042855662
FBgn0067905,4,5,7.728311813851092,5.248362750692826,2.4799490631582657
FBgn0067905,5,6,7.969167312493763,5.248362750692826,2.7208045618009367
FBgn0067905,6,7,7.944715308954267,5.248362750692826,2.6963525582614407
FBgn0067905,8,8,8.075240575305608,5.248362750692826,2.826877824612782
FBgn0067905,10,9,7.69986563910052,5.248362750692826,2.4515028884076937
FBgn0067905,12,10,7.130156718168342,5.248362750692826,1.8817939674755157
FBgn0067905,14,11,7.142198545780155,5.248362750692826,1.8938357950873286
FBgn0067905,16,12,7.436242932165176,5.248362750692826,2.18788018147235
FBgn0067905,20,13,7.586356712050513,5.248362750692826,2.337993961357687
FBgn0067905,24,14,6.282014051603452,5.248362750692826,1.033651300910626
FBgn0067905,30,15,7.808782471235215,5.248362750692826,2.560419720542389
FBgn0067905,36,16,6.456522536741172,5.248362750692826,1.2081597860483457
FBgn0067905,42,17,7.4749287090797845,5.248362750692826,2.226565958386958
FBgn0067905,48,18,6.056334079217656,5.248362750692826,0.8079713285248298
FBgn0067905,72,19,6.278275888523129,5.248362750692826,1.0299131378303024
FBgn0067905,96,20,5.90623339456074,5.248362750692826,0.6578706438679136
FBgn0067905,120,21,5.608515056155758,5.248362750692826,0.36015230546293164
FBgn0083936,1,2,9.466929666288863,9.190867303219125,0.2760623630697374
FBgn0083936,2,3,9.305424111633485,9.190867303219125,0.11455680841435978
FBgn0083936,3,4,9.710741135054212,9.190867303219125,0.5198738318350866
FBgn0083936,4,5,9.526057234483464,9.190867303219125,0.33518993126433827
FBgn0083936,5,6,9.88845869479924,9.190867303219125,0.6975913915801151
FBgn0083936,6,7,9.354167434605888,9.190867303219125,0.16330013138676236
FBgn0083936,8,8,9.295462223906451,9.190867303219125,0.10459492068732601
FBgn0083936,10,9,9.342368575798682,9.190867303219125,0.1515012725795568
FBgn0083936,12,10,9.221864138789407,9.190867303219125,0.030996835570281434
FBgn0083936,14,11,9.39983480962174,9.190867303219125,0.2089675064026153
FBgn0083936,16,12,9.172046368011449,9.190867303219125,-0.01882093520767647
FBgn0083936,20,13,9.28840921872526,9.190867303219125,0.09754191550613456
FBgn0083936,24,14,9.57341508263232,9.190867303219125,0.3825477794131942
FBgn0083936,30,15,8.808454765597077,9.190867303219125,-0.38241253762204863
FBgn0083936,36,16,9.089246776494324,9.190867303219125,-0.10162052672480115
FBgn0083936,42,17,8.708749097022128,9.190867303219125,-0.4821182061969971
FBgn0083936,48,18,8.722899874414352,9.190867303219125,-0.4679674288047728
FBgn0083936,72,19,8.162364330433904,9.190867303219125,-1.0285029727852208
FBgn0083936,96,20,7.4118796557842295,9.190867303219125,-1.7789876474348958
FBgn0083936,120,21,7.936098553483671,9.190867303219125,-1.2547687497354545
FBgn0083970,1,2,4.292290056618539,4.775793352990489,-0.4835032963719499
FBgn0083970,2,3,3.8989105490984244,4.775793352990489,-0.8768828038920642
FBgn0083970,3,4,3.9539581886674724,4.775793352990489,-0.8218351643230162
FBgn0083970,4,5,3.49239818910948,4.775793352990489,-1.2833951638810084
FBgn0083970,5,6,3.541568175917703,4.775793352990489,-1.2342251770727857
FBgn0083970,6,7,3.148382379162058,4.775793352990489,-1.6274109738284306
FBgn0083970,8,8,3.021367842739905,4.775793352990489,-1.7544255102505835
FBgn0083970,10,9,3.045367165136839,4.775793352990489,-1.7304261878536495
FBgn0083970,12,10,3.4715413017525005,4.775793352990489,-1.304252051237988
FBgn0083970,14,11,4.485355697604227,4.775793352990489,-0.29043765538626154
FBgn0083970,16,12,4.795249514746675,4.775793352990489,0.01945616175618614
FBgn0083970,20,13,4.9348383956960475,4.775793352990489,0.15904504270555897
FBgn0083970,24,14,4.523763389992628,4.775793352990489,-0.2520299629978604
FBgn0083970,30,15,3.8614583843228334,4.775793352990489,-0.9143349686676552
FBgn0083970,36,16,3.6845584667108513,4.775793352990489,-1.0912348862796373
FBgn0083970,42,17,5.034764775435753,4.775793352990489,0.2589714224452644
FBgn0083970,48,18,4.719848261510151,4.775793352990489,-0.05594509148033744
FBgn0083970,72,19,4.384794630650314,4.775793352990489,-0.39099872234017496
FBgn0083970,96,20,4.683753895109442,4.775793352990489,-0.09203945788104662
FBgn0083970,120,21,4.4959319540751075,4.775793352990489,-0.2798613989153811
FBgn0083972,1,2,3.503285177663151,3.363780286065137,0.1395048915980137
FBgn0083972,2,3,3.412349931180822,3.363780286065137,0.048569645115684956
FBgn0083972,3,4,3.003855699743678,3.363780286065137,-0.3599245863214593
FBgn0083972,4,5,3.7157157431220527,3.363780286065137,0.35193545705691553
FBgn0083972,5,6,4.148849121556437,3.363780286065137,0.7850688354913
FBgn0083972,6,7,3.8112291102890037,3.363780286065137,0.44744882422386656
FBgn0083972,8,8,3.824991087612333,3.363780286065137,0.46121080154719607
FBgn0083972,10,9,3.401058152209605,3.363780286065137,0.03727786614446771
FBgn0083972,12,10,3.2597622917836153,3.363780286065137,-0.10401799428152181
FBgn0083972,14,11,4.188835538704879,3.363780286065137,0.8250552526397419
FBgn0083972,16,12,4.6696553838130335,3.363780286065137,1.3058750977478963
FBgn0083972,20,13,3.9384984830969225,3.363780286065137,0.5747181970317854
FBgn0083972,24,14,3.1549872761128404,3.363780286065137,-0.20879300995229677
FBgn0083972,30,15,4.0704989836403085,3.363780286065137,0.7067186975751714
FBgn0083972,36,16,3.8419822310620795,3.363780286065137,0.47820194499694235
FBgn0083972,42,17,4.110350827767526,3.363780286065137,0.7465705417023889
FBgn0083972,48,18,4.219117218594216,3.363780286065137,0.8553369325290792
FBgn0083972,72,19,3.8160879891491546,3.363780286065137,0.45230770308401747
FBgn0083972,96,20,4.3729877777579045,3.363780286065137,1.0092074916927674
FBgn0083972,120,21,4.198658625217631,3.363780286065137,0.8348783391524934
FBgn0085195,1,2,7.853717664199742,7.969909743152999,-0.11619207895325712
FBgn0085195,2,3,7.913031341835281,7.969909743152999,-0.05687840131771793
FBgn0085195,3,4,7.202988590575096,7.969909743152999,-0.7669211525779032
FBgn0085195,4,5,7.586455441242148,7.969909743152999,-0.3834543019108514
FBgn0085195,5,6,8.430952461970364,7.969909743152999,0.4610427188173647
FBgn0085195,6,7,8.223135456965558,7.969909743152999,0.2532257138125589
FBgn0085195,8,8,8.498445229476772,7.969909743152999,0.528535486323773
FBgn0085195,10,9,8.90814922558736,7.969909743152999,0.9382394824343612
FBgn0085195,12,10,8.827446369249852,7.969909743152999,0.8575366260968531
FBgn0085195,14,11,8.70200035896288,7.969909743152999,0.7320906158098817
FBgn0085195,16,12,8.771453250833405,7.969909743152999,0.8015435076804058
FBgn0085195,20,13,8.307162804525168,7.969909743152999,0.33725306137216915
FBgn0085195,24,14,8.037536270441256,7.969909743152999,0.06762652728825724
FBgn0085195,30,15,8.966473678813042,7.969909743152999,0.9965639356600429
FBgn0085195,36,16,9.103410325144331,7.969909743152999,1.1335005819913322
FBgn0085195,42,17,9.090544337825131,7.969909743152999,1.120634594672132
FBgn0085195,48,18,9.028651980462637,7.969909743152999,1.0587422373096382
FBgn0085195,72,19,9.235326035767034,7.969909743152999,1.2654162926140353
FBgn0085195,96,20,8.89249602381016,7.969909743152999,0.9225862806571614
FBgn0085195,120,21,9.150829038640655,7.969909743152999,1.180919295487656
FBgn0085227,1,2,3.7819135546165823,3.5219653809899008,0.25994817362668154
FBgn0085227,2,3,4.01371853887315,3.5219653809899008,0.4917531578832497
FBgn0085227,3,4,4.179841915956285,3.5219653809899008,0.657876534966384
FBgn0085227,4,5,3.4843154033574875,3.5219653809899008,-0.03764997763241329
FBgn0085227,5,6,3.4812774585741164,3.5219653809899008,-0.04068792241578434
FBgn0085227,6,7,3.565520292477017,3.5219653809899008,0.04355491148711632
FBgn0085227,8,8,2.7157066571150557,3.5219653809899008,-0.8062587238748451
FBgn0085227,10,9,2.8616356462637356,3.5219653809899008,-0.6603297347261652
FBgn0085227,12,10,2.9047005710052582,3.5219653809899008,-0.6172648099846425
FBgn0085227,14,11,3.2199316912105544,3.5219653809899008,-0.3020336897793463
FBgn0085227,16,12,3.6086765585762777,3.5219653809899008,0.08671117758637692
FBgn0085227,20,13,4.418171074987251,3.5219653809899008,0.8962056939973504
FBgn0085227,24,14,3.581878753659378,3.5219653809899008,0.05991337266947738
FBgn0085227,30,15,3.679509243304392,3.5219653809899008,0.15754386231449136
FBgn0085227,36,16,3.760878940590503,3.5219653809899008,0.23891355960060245
FBgn0085227,42,17,4.656497309937468,3.5219653809899008,1.1345319289475668
FBgn0085227,48,18,4.235898590544771,3.5219653809899008,0.7139332095548703
FBgn0085227,72,19,4.455797471748944,3.5219653809899008,0.9338320907590436
FBgn0085227,96,20,4.916742713957861,3.5219653809899008,1.3947773329679602
FBgn0085227,120,21,4.785405367354058,3.5219653809899008,1.2634399863641574
FBgn0085256,1,2,4.058795756539972,3.9200492394667696,0.1387465170732023
FBgn0085256,2,3,3.9210256122498715,3.9200492394667696,0.0009763727831018087
FBgn0085256,3,4,4.049476585735852,3.9200492394667696,0.12942734626908248
FBgn0085256,4,5,4.109380656197667,3.9200492394667696,0.18933141673089704
FBgn0085256,5,6,5.768969313248616,3.9200492394667696,1.848920073781846
FBgn0085256,6,7,4.631240360600705,3.9200492394667696,0.7111911211339352
FBgn0085256,8,8,3.802277595506295,3.9200492394667696,-0.11777164396047457
FBgn0085256,10,9,5.138191030488189,3.9200492394667696,1.2181417910214192
FBgn0085256,12,10,4.9028744218314175,3.9200492394667696,0.9828251823646479
FBgn0085256,14,11,5.886164926632301,3.9200492394667696,1.966115687165531
FBgn0085256,16,12,5.179839226810943,3.9200492394667696,1.2597899873441731
FBgn0085256,20,13,5.754348403386581,3.9200492394667696,1.8342991639198116
FBgn0085256,24,14,4.227516639390625,3.9200492394667696,0.30746739992385574
FBgn0085256,30,15,5.365077507991007,3.9200492394667696,1.4450282685242373
FBgn0085256,36,16,5.734991747561885,3.9200492394667696,1.8149425080951156
FBgn0085256,42,17,5.50129091930188,3.9200492394667696,1.5812416798351103
FBgn0085256,48,18,5.127023225291294,3.9200492394667696,1.2069739858245248
FBgn0085256,72,19,5.660659557357759,3.9200492394667696,1.7406103178909893
FBgn0085256,96,20,5.969908531142749,3.9200492394667696,2.049859291675979
FBgn0085256,120,21,6.036504231148482,3.9200492394667696,2.116454991681712
FBgn0085265,1,2,2.06631107129333,1.8567930298199493,0.20951804147338082
FBgn0085265,2,3,2.237793011533755,1.8567930298199493,0.3809999817138059
FBgn0085265,3,4,1.8983018889143977,1.8567930298199493,0.04150885909444835
FBgn0085265,4,5,2.053256129808166,1.8567930298199493,0.19646309998821687
FBgn0085265,5,6,2.523891340269254,1.8567930298199493,0.6670983104493047
FBgn0085265,6,7,2.293292928643556,1.8567930298199493,0.4364998988236066
FBgn0085265,8,8,2.2435030290465465,1.8567930298199493,0.3867099992265972
FBgn0085265,10,9,1.9665211553254665,1.8567930298199493,0.10972812550551714
FBgn0085265,12,10,2.178448516572577,1.8567930298199493,0.3216554867526278
FBgn0085265,14,11,2.726511784477996,1.8567930298199493,0.8697187546580465
FBgn0085265,16,12,2.32535259355454,1.8567930298199493,0.4685595637345905
FBgn0085265,20,13,2.380741970908128,1.8567930298199493,0.5239489410881788
FBgn0085265,24,14,2.453446872019062,1.8567930298199493,0.5966538421991125
FBgn0085265,30,15,2.5981043437915052,1.8567930298199493,0.7413113139715559
FBgn0085265,36,16,2.8104771580055985,1.8567930298199493,0.9536841281856492
FBgn0085265,42,17,2.8730715140985197,1.8567930298199493,1.0162784842785704
FBgn0085265,48,18,2.5964455117444505,1.8567930298199493,0.7396524819245012
FBgn0085265,72,19,2.453395241603318,1.8567930298199493,0.5966022117833685
FBgn0085265,96,20,3.994181830966262,1.8567930298199493,2.1373888011463125
FBgn0085265,120,21,3.718905346831578,1.8567930298199493,1.8621123170116287
FBgn0085358,1,2,3.3008529793034027,2.935011011026082,0.36584196827732063
FBgn0085358,2,3,3.4754280345156987,2.935011011026082,0.5404170234896166
FBgn0085358,3,4,4.3467272041731535,2.935011011026082,1.4117161931470714
FBgn0085358,4,5,4.509381460557597,2.935011011026082,1.5743704495315147
FBgn0085358,5,6,5.1834382834892025,2.935011011026082,2.2484272724631205
FBgn0085358,6,7,4.5619238325510905,2.935011011026082,1.6269128215250084
FBgn0085358,8,8,5.154260161127148,2.935011011026082,2.219249150101066
FBgn0085358,10,9,5.57192488152698,2.935011011026082,2.6369138705008983
FBgn0085358,12,10,5.638751731221077,2.935011011026082,2.7037407201949946
FBgn0085358,14,11,5.846907220123676,2.935011011026082,2.9118962090975935
FBgn0085358,16,12,5.3569677473933925,2.935011011026082,2.4219567363673105
FBgn0085358,20,13,5.0450925616548,2.935011011026082,2.1100815506287183
FBgn0085358,24,14,5.776813572864868,2.935011011026082,2.841802561838786
FBgn0085358,30,15,5.804059334992839,2.935011011026082,2.8690483239667572
FBgn0085358,36,16,5.632822634692664,2.935011011026082,2.6978116236665817
FBgn0085358,42,17,5.014154796714665,2.935011011026082,2.0791437856885833
FBgn0085358,48,18,4.735124613086523,2.935011011026082,1.8001136020604407
FBgn0085358,72,19,5.0183690693529055,2.935011011026082,2.0833580583268234
FBgn0085358,96,20,4.126898542955774,2.935011011026082,1.1918875319296922
FBgn0085358,120,21,4.81585476397345,2.935011011026082,1.8808437529473676
FBgn0085520,1,2,3.545129058587352,3.317081843120315,0.2280472154670372
FBgn0085520,2,3,3.7007007466924913,3.317081843120315,0.38361890357217643
FBgn0085520,3,4,2.9947417966322925,3.317081843120315,-0.3223400464880224
FBgn0085520,4,5,3.237617321299976,3.317081843120315,-0.0794645218203387
FBgn0085520,5,6,2.7899132090671666,3.317081843120315,-0.5271686340531483
FBgn0085520,6,7,3.23688273542905,3.317081843120315,-0.0801991076912647
FBgn0085520,8,8,3.3242495849500786,3.317081843120315,0.007167741829763763
FBgn0085520,10,9,3.9172664644822834,3.317081843120315,0.6001846213619686
FBgn0085520,12,10,3.851493543722567,3.317081843120315,0.5344117006022522
FBgn0085520,14,11,3.735747770032435,3.317081843120315,0.41866592691212023
FBgn0085520,16,12,3.717932541287417,3.317081843120315,0.40085069816710206
FBgn0085520,20,13,3.7424424112208943,3.317081843120315,0.42536056810057943
FBgn0085520,24,14,3.9327530009106386,3.317081843120315,0.6156711577903238
FBgn0085520,30,15,4.3496486133670675,3.317081843120315,1.0325667702467527
FBgn0085520,36,16,4.339585354244794,3.317081843120315,1.0225035111244791
FBgn0085520,42,17,3.887919804055394,3.317081843120315,0.5708379609350791
FBgn0085520,48,18,4.517090710278177,3.317081843120315,1.2000088671578624
FBgn0085520,72,19,4.657324926332384,3.317081843120315,1.3402430832120693
FBgn0085520,96,20,4.7308945981134,3.317081843120315,1.413812754993085
FBgn0085520,120,21,4.786691305017326,3.317081843120315,1.4696094618970115
FBgn0085753,1,2,9.354735345955756,9.455873796062546,-0.10113845010678979
FBgn0085753,2,3,8.668107993664453,9.455873796062546,-0.7877658023980931
FBgn0085753,3,4,8.861303081449641,9.455873796062546,-0.5945707146129049
FBgn0085753,4,5,8.78563859204022,9.455873796062546,-0.6702352040223261
FBgn0085753,5,6,10.987623548548108,9.455873796062546,1.5317497524855614
FBgn0085753,6,7,9.208466777407832,9.455873796062546,-0.24740701865471415
FBgn0085753,8,8,9.131321027515739,9.455873796062546,-0.32455276854680726
FBgn0085753,10,9,8.507376455447897,9.455873796062546,-0.9484973406146491
FBgn0085753,12,10,9.902001999688423,9.455873796062546,0.4461282036258769
FBgn0085753,14,11,9.027595082727785,9.455873796062546,-0.42827871333476075
FBgn0085753,16,12,9.845941408725437,9.455873796062546,0.39006761266289125
FBgn0085753,20,13,9.071321725754993,9.455873796062546,-0.3845520703075529
FBgn0085753,24,14,8.937099822658428,9.455873796062546,-0.5187739734041177
FBgn0085753,30,15,8.941848100680112,9.455873796062546,-0.5140256953824345
FBgn0085753,36,16,9.17020458735034,9.455873796062546,-0.28566920871220525
FBgn0085753,42,17,8.949372136802115,9.455873796062546,-0.5065016592604312
FBgn0085753,48,18,10.952683336571653,9.455873796062546,1.4968095405091066
FBgn0085753,72,19,9.514206315145632,9.455873796062546,0.0583325190830859
FBgn0085753,96,20,9.84535124329394,9.455873796062546,0.38947744723139444
FBgn0085753,120,21,8.974995292721117,9.455873796062546,-0.48087850334142956
FBgn0085771,1,2,9.37545787103172,9.531112054913523,-0.1556541838818024
FBgn0085771,2,3,8.73682367932635,9.531112054913523,-0.7942883755871737
FBgn0085771,3,4,8.63291221974556,9.531112054913523,-0.8981998351679632
FBgn0085771,4,5,9.179376292248225,9.531112054913523,-0.3517357626652977
FBgn0085771,5,6,10.978701496531887,9.531112054913523,1.447589441618364
FBgn0085771,6,7,9.669383164236663,9.531112054913523,0.13827110932314035
FBgn0085771,8,8,9.57041540638123,9.531112054913523,0.039303351467706804
FBgn0085771,10,9,8.911735909188515,9.531112054913523,-0.619376145725008
FBgn0085771,12,10,9.715860732971203,9.531112054913523,0.18474867805768014
FBgn0085771,14,11,9.08589215787719,9.531112054913523,-0.445219897036333
FBgn0085771,16,12,9.87223451945275,9.531112054913523,0.341122464539227
FBgn0085771,20,13,9.363445847944906,9.531112054913523,-0.167666206968617
FBgn0085771,24,14,9.225485102335922,9.531112054913523,-0.305626952577601
FBgn0085771,30,15,9.16151811731213,9.531112054913523,-0.36959393760139214
FBgn0085771,36,16,9.477212887893268,9.531112054913523,-0.05389916702025488
FBgn0085771,42,17,9.360527859691224,9.531112054913523,-0.17058419522229862
FBgn0085771,48,18,10.87479750907115,9.531112054913523,1.3436854541576277
FBgn0085771,72,19,9.697594695907366,9.531112054913523,0.16648264099384313
FBgn0085771,96,20,9.816670271244886,9.531112054913523,0.28555821633136347
FBgn0085771,120,21,9.266111485891532,9.531112054913523,-0.265000569021991
FBgn0085813,1,2,10.108474582074361,10.15071421052576,-0.04223962845139795
FBgn0085813,2,3,9.444448519330395,10.15071421052576,-0.7062656911953642
FBgn0085813,3,4,9.33179799700844,10.15071421052576,-0.8189162135173191
FBgn0085813,4,5,9.781872398615622,10.15071421052576,-0.3688418119101371
FBgn0085813,5,6,11.786815782795312,10.15071421052576,1.6361015722695527
FBgn0085813,6,7,10.26706973883718,10.15071421052576,0.11635552831141993
FBgn0085813,8,8,10.208636506264167,10.15071421052576,0.05792229573840757
FBgn0085813,10,9,9.481942737360512,10.15071421052576,-0.668771473165247
FBgn0085813,12,10,10.471679364978247,10.15071421052576,0.3209651544524874
FBgn0085813,14,11,9.860426868076818,10.15071421052576,-0.2902873424489414
FBgn0085813,16,12,10.594918776501455,10.15071421052576,0.4442045659756957
FBgn0085813,20,13,9.933997381875447,10.15071421052576,-0.21671682865031272
FBgn0085813,24,14,9.913644417147697,10.15071421052576,-0.2370697933780619
FBgn0085813,30,15,9.807754558365799,10.15071421052576,-0.34295965215996027
FBgn0085813,36,16,10.123484901257816,10.15071421052576,-0.02722930926794298
FBgn0085813,42,17,10.009388843128164,10.15071421052576,-0.14132536739759516
FBgn0085813,48,18,11.630270344848888,10.15071421052576,1.4795561343231292
FBgn0085813,72,19,10.373474153945155,10.15071421052576,0.22275994341939587
FBgn0085813,96,20,10.513622794268812,10.15071421052576,0.362908583743053
FBgn0085813,120,21,9.929018874767099,10.15071421052576,-0.2216953357586604
FBgn0085819,1,2,8.998128741139489,9.169934554490077,-0.17180581335058775
FBgn0085819,2,3,8.36210633317684,9.169934554490077,-0.8078282213132368
FBgn0085819,3,4,8.259538750106223,9.169934554490077,-0.9103958043838531
FBgn0085819,4,5,8.799007683398786,9.169934554490077,-0.3709268710912905
FBgn0085819,5,6,10.598950465977826,9.169934554490077,1.429015911487749
FBgn0085819,6,7,9.291080897739086,9.169934554490077,0.12114634324900919
FBgn0085819,8,8,9.17887834871593,9.169934554490077,0.008943794225853452
FBgn0085819,10,9,8.533673557150912,9.169934554490077,-0.6362609973391642
FBgn0085819,12,10,9.308873842334204,9.169934554490077,0.1389392878441278
FBgn0085819,14,11,8.672907311174804,9.169934554490077,-0.4970272433152729
FBgn0085819,16,12,9.479709580756628,9.169934554490077,0.30977502626655173
FBgn0085819,20,13,8.968651702119487,9.169934554490077,-0.20128285237058918
FBgn0085819,24,14,8.812909819808123,9.169934554490077,-0.3570247346819535
FBgn0085819,30,15,8.776023534866708,9.169934554490077,-0.39391101962336883
FBgn0085819,36,16,9.066147830429788,9.169934554490077,-0.10378672406028855
FBgn0085819,42,17,8.978334100528986,9.169934554490077,-0.19160045396109027
FBgn0085819,48,18,10.484466030961332,9.169934554490077,1.314531476471256
FBgn0085819,72,19,9.292802486604028,9.169934554490077,0.12286793211395164
FBgn0085819,96,20,9.407301247993768,9.169934554490077,0.23736669350369155
FBgn0085819,120,21,8.842998677469438,9.169934554490077,-0.3269358770206381
FBgn0087002,1,2,10.924793591719641,10.98796628270991,-0.06317269099026923
FBgn0087002,2,3,10.486999832097794,10.98796628270991,-0.5009664506121165
FBgn0087002,3,4,9.348774651444982,10.98796628270991,-1.6391916312649286
FBgn0087002,4,5,9.630842101584028,10.98796628270991,-1.357124181125883
FBgn0087002,5,6,10.177101090418335,10.98796628270991,-0.8108651922915762
FBgn0087002,6,7,10.288513447448068,10.98796628270991,-0.6994528352618428
FBgn0087002,8,8,10.915883482033138,10.98796628270991,-0.07208280067677286
FBgn0087002,10,9,11.526043556164641,10.98796628270991,0.5380772734547303
FBgn0087002,12,10,11.728639198914543,10.98796628270991,0.7406729162046322
FBgn0087002,14,11,11.491795631065,10.98796628270991,0.5038293483550884
FBgn0087002,16,12,11.203425605615923,10.98796628270991,0.21545932290601222
FBgn0087002,20,13,10.98057230249685,10.98796628270991,-0.0073939802130613685
FBgn0087002,24,14,11.455849771573789,10.98796628270991,0.46788348886387787
FBgn0087002,30,15,11.722974420107558,10.98796628270991,0.7350081373976476
FBgn0087002,36,16,11.724973201574517,10.98796628270991,0.7370069188646067
FBgn0087002,42,17,11.412997174679584,10.98796628270991,0.4250308919696728
FBgn0087002,48,18,11.388589091474662,10.98796628270991,0.4006228087647514
FBgn0087002,72,19,11.529629960902366,10.98796628270991,0.5416636781924549
FBgn0087002,96,20,11.302143356425418,10.98796628270991,0.3141770737155074
FBgn0087002,120,21,11.522914973492615,10.98796628270991,0.5349486907827039
FBgn0259140,1,2,2.509376117419908,2.4435468842126404,0.06582923320726763
FBgn0259140,2,3,2.33007082869788,2.4435468842126404,-0.11347605551476025
FBgn0259140,3,4,1.8983018889143977,2.4435468842126404,-0.5452449952982428
FBgn0259140,4,5,2.5519353294935536,2.4435468842126404,0.10838844528091318
FBgn0259140,5,6,2.4169041598938517,2.4435468842126404,-0.02664272431878878
FBgn0259140,6,7,2.381300623389768,2.4435468842126404,-0.06224626082287266
FBgn0259140,8,8,2.811687474287326,2.4435468842126404,0.36814059007468547
FBgn0259140,10,9,3.276443111306766,2.4435468842126404,0.8328962270941256
FBgn0259140,12,10,3.204025171112418,2.4435468842126404,0.7604782868997777
FBgn0259140,14,11,2.892859652253503,2.4435468842126404,0.4493127680408624
FBgn0259140,16,12,2.884773875877159,2.4435468842126404,0.4412269916645184
FBgn0259140,20,13,3.412925507914072,2.4435468842126404,0.9693786237014317
FBgn0259140,24,14,3.9309853007634468,2.4435468842126404,1.4874384165508063
FBgn0259140,30,15,4.103970734857335,2.4435468842126404,1.6604238506446949
FBgn0259140,36,16,3.5052052796961224,2.4435468842126404,1.061658395483482
FBgn0259140,42,17,3.310508275677088,2.4435468842126404,0.8669613914644474
FBgn0259140,48,18,3.825695668406204,2.4435468842126404,1.3821487841935634
FBgn0259140,72,19,3.527751743929194,2.4435468842126404,1.0842048597165537
FBgn0259140,96,20,3.019303331295295,2.4435468842126404,0.5757564470826546
FBgn0259140,120,21,3.1952658219620336,2.4435468842126404,0.7517189377493931
FBgn0259164,1,2,3.3914794632012124,3.462096422049223,-0.07061695884801056
FBgn0259164,2,3,3.488357027905148,3.462096422049223,0.026260605855925157
FBgn0259164,3,4,3.003855699743678,3.462096422049223,-0.45824072230554513
FBgn0259164,4,5,2.583073583315711,3.462096422049223,-0.879022838733512
FBgn0259164,5,6,2.5725605500921023,3.462096422049223,-0.8895358719571207
FBgn0259164,6,7,2.7357462714185727,3.462096422049223,-0.7263501506306502
FBgn0259164,8,8,2.101492132514949,3.462096422049223,-1.3606042895342738
FBgn0259164,10,9,2.7588610962869193,3.462096422049223,-0.7032353257623036
FBgn0259164,12,10,2.8278344696688205,3.462096422049223,-0.6342619523804025
FBgn0259164,14,11,2.3527506230261364,3.462096422049223,-1.1093457990230866
FBgn0259164,16,12,2.6960983906179443,3.462096422049223,-0.7659980314312786
FBgn0259164,20,13,3.147335729558314,3.462096422049223,-0.31476069249090877
FBgn0259164,24,14,3.230608624774254,3.462096422049223,-0.23148779727496915
FBgn0259164,30,15,2.8059969777564273,3.462096422049223,-0.6560994442927957
FBgn0259164,36,16,2.310782513980726,3.462096422049223,-1.1513139080684969
FBgn0259164,42,17,3.4081614740533173,3.462096422049223,-0.0539349479959057
FBgn0259164,48,18,3.582901752770132,3.462096422049223,0.12080533072090915
FBgn0259164,72,19,3.6991202620034267,3.462096422049223,0.23702383995420373
FBgn0259164,96,20,3.595525824497783,3.462096422049223,0.13342940244855983
FBgn0259164,120,21,3.6785618147345174,3.462096422049223,0.2164653926852944
FBgn0259229,1,2,3.009223809161966,3.0717891788202207,-0.06256536965825488
FBgn0259229,2,3,2.4295993988959554,3.0717891788202207,-0.6421897799242653
FBgn0259229,3,4,1.8384276131507902,3.0717891788202207,-1.2333615656694306
FBgn0259229,4,5,1.608736204143776,3.0717891788202207,-1.4630529746764447
FBgn0259229,5,6,1.473229087539893,3.0717891788202207,-1.5985600912803277
FBgn0259229,6,7,1.5309937630349233,3.0717891788202207,-1.5407954157852974
FBgn0259229,8,8,1.1193920983472143,3.0717891788202207,-1.9523970804730064
FBgn0259229,10,9,1.6037842419634476,3.0717891788202207,-1.4680049368567731
FBgn0259229,12,10,1.3627090747356827,3.0717891788202207,-1.709080104084538
FBgn0259229,14,11,1.534185236393936,3.0717891788202207,-1.5376039424262848
FBgn0259229,16,12,1.6913226122398308,3.0717891788202207,-1.38046656658039
FBgn0259229,20,13,2.3478691706826376,3.0717891788202207,-0.7239200081375832
FBgn0259229,24,14,3.140778847251239,3.0717891788202207,0.06898966843101828
FBgn0259229,30,15,1.958934043982132,3.0717891788202207,-1.1128551348380888
FBgn0259229,36,16,1.3850356721208716,3.0717891788202207,-1.686753506699349
FBgn0259229,42,17,2.4447607760639682,3.0717891788202207,-0.6270284027562525
FBgn0259229,48,18,3.028447427474418,3.0717891788202207,-0.04334175134580276
FBgn0259229,72,19,3.0352614728945655,3.0717891788202207,-0.03652770592565524
FBgn0259229,96,20,3.0508876688770448,3.0717891788202207,-0.020901509943175967
FBgn0259229,120,21,3.2114084030629098,3.0717891788202207,0.13961922424268902
FBgn0259237,1,2,4.343192357409079,2.939162337119793,1.4040300202892864
FBgn0259237,2,3,4.68908849196386,2.939162337119793,1.7499261548440668
FBgn0259237,3,4,4.092830502944227,2.939162337119793,1.1536681658244339
FBgn0259237,4,5,3.5018131457475197,2.939162337119793,0.5626508086277267
FBgn0259237,5,6,3.511525703424117,2.939162337119793,0.5723633663043239
FBgn0259237,6,7,4.197731271143246,2.939162337119793,1.2585689340234527
FBgn0259237,8,8,3.4675494595314875,2.939162337119793,0.5283871224116945
FBgn0259237,10,9,3.523927737806349,2.939162337119793,0.5847654006865559
FBgn0259237,12,10,3.7235256654114948,2.939162337119793,0.7843633282917017
FBgn0259237,14,11,3.6405807904726366,2.939162337119793,0.7014184533528436
FBgn0259237,16,12,2.6222588517196517,2.939162337119793,-0.31690348540014135
FBgn0259237,20,13,3.8182397536017896,2.939162337119793,0.8790774164819966
FBgn0259237,24,14,3.6189931056652345,2.939162337119793,0.6798307685454414
FBgn0259237,30,15,4.1087537319684095,2.939162337119793,1.1695913948486165
FBgn0259237,36,16,4.076728840422401,2.939162337119793,1.1375665033026081
FBgn0259237,42,17,4.078477722597709,2.939162337119793,1.139315385477916
FBgn0259237,48,18,4.129422377514592,2.939162337119793,1.190260040394799
FBgn0259237,72,19,4.267816352822145,2.939162337119793,1.3286540157023516
FBgn0259237,96,20,5.615217107849292,2.939162337119793,2.6760547707294986
FBgn0259237,120,21,4.852175061903099,2.939162337119793,1.9130127247833064
FBgn0259682,1,2,7.3791570204020855,7.467818491127266,-0.08866147072518071
FBgn0259682,2,3,7.108108490041323,7.467818491127266,-0.35971000108594353
FBgn0259682,3,4,6.239517813268907,7.467818491127266,-1.2283006778583596
FBgn0259682,4,5,6.316428076042692,7.467818491127266,-1.151390415084574
FBgn0259682,5,6,6.460299465323784,7.467818491127266,-1.0075190258034823
FBgn0259682,6,7,6.103175670852186,7.467818491127266,-1.3646428202750807
FBgn0259682,8,8,6.355971908870071,7.467818491127266,-1.1118465822571952
FBgn0259682,10,9,7.325495859147541,7.467818491127266,-0.1423226319797255
FBgn0259682,12,10,7.529393404225599,7.467818491127266,0.061574913098333184
FBgn0259682,14,11,7.674130869149551,7.467818491127266,0.20631237802228508
FBgn0259682,16,12,7.764587921941104,7.467818491127266,0.29676943081383733
FBgn0259682,20,13,7.593360596191686,7.467818491127266,0.12554210506441965
FBgn0259682,24,14,7.439490582882341,7.467818491127266,-0.02832790824492548
FBgn0259682,30,15,7.537738582290495,7.467818491127266,0.06992009116322873
FBgn0259682,36,16,7.377254735855791,7.467818491127266,-0.09056375527147509
FBgn0259682,42,17,7.361958858071995,7.467818491127266,-0.10585963305527102
FBgn0259682,48,18,7.36429485140054,7.467818491127266,-0.10352363972672585
FBgn0259682,72,19,6.8251689559778566,7.467818491127266,-0.6426495351494097
FBgn0259682,96,20,6.30954206587691,7.467818491127266,-1.1582764252503566
FBgn0259682,120,21,6.637128676980359,7.467818491127266,-0.8306898141469077
FBgn0259711,1,2,3.862220889630286,3.1966172763799303,0.6656036132503558
FBgn0259711,2,3,3.982655346467028,3.1966172763799303,0.7860380700870975
FBgn0259711,3,4,3.5984868921868776,3.1966172763799303,0.40186961580694724
FBgn0259711,4,5,4.911660662986442,3.1966172763799303,1.7150433866065118
FBgn0259711,5,6,4.378563828387527,3.1966172763799303,1.181946552007597
FBgn0259711,6,7,4.8118287037704075,3.1966172763799303,1.6152114273904772
FBgn0259711,8,8,3.605411511995719,3.1966172763799303,0.40879423561578854
FBgn0259711,10,9,3.8644227978953367,3.1966172763799303,0.6678055215154064
FBgn0259711,12,10,3.752485886398685,3.1966172763799303,0.5558686100187549
FBgn0259711,14,11,4.800360279514508,3.1966172763799303,1.6037430031345776
FBgn0259711,16,12,3.8505535539248,3.1966172763799303,0.6539362775448696
FBgn0259711,20,13,3.8293065421782884,3.1966172763799303,0.632689265798358
FBgn0259711,24,14,3.711401314411728,3.1966172763799303,0.5147840380317978
FBgn0259711,30,15,3.409417445617798,3.1966172763799303,0.21280016923786782
FBgn0259711,36,16,4.1107325286229965,3.1966172763799303,0.9141152522430662
FBgn0259711,42,17,3.4078659391502173,3.1966172763799303,0.21124866277028698
FBgn0259711,48,18,3.660061697431567,3.1966172763799303,0.46344442105163663
FBgn0259711,72,19,3.15180680623726,3.1966172763799303,-0.044810470142670145
FBgn0259711,96,20,3.4485229954103014,3.1966172763799303,0.25190571903037107
FBgn0259711,120,21,3.4794785494727094,3.1966172763799303,0.2828612730927791
FBgn0259817,1,2,0.6851985039436448,1.9895515390420875,-1.3043530350984427
FBgn0259817,2,3,0.53078316299819,1.9895515390420875,-1.4587683760438974
FBgn0259817,3,4,0.4896558378169332,1.9895515390420875,-1.4998957012251544
FBgn0259817,4,5,0.7441897918903706,1.9895515390420875,-1.2453617471517169
FBgn0259817,5,6,0.6986985535762588,1.9895515390420875,-1.2908529854658286
FBgn0259817,6,7,0.6163683973589896,1.9895515390420875,-1.3731831416830977
FBgn0259817,8,8,1.8059746029014205,1.9895515390420875,-0.18357693614066695
FBgn0259817,10,9,0.5210824570398362,1.9895515390420875,-1.4684690820022512
FBgn0259817,12,10,0.6777361529853702,1.9895515390420875,-1.3118153860567174
FBgn0259817,14,11,0.5633057798627061,1.9895515390420875,-1.4262457591793813
FBgn0259817,16,12,0.7645875144838754,1.9895515390420875,-1.224964024558212
FBgn0259817,20,13,0.5887320452197059,1.9895515390420875,-1.4008194938223815
FBgn0259817,24,14,0.4981368135649017,1.9895515390420875,-1.4914147254771857
FBgn0259817,30,15,0.27966215260391813,1.9895515390420875,-1.7098893864381695
FBgn0259817,36,16,0.5850023531588628,1.9895515390420875,-1.4045491858832246
FBgn0259817,42,17,0.6241781423536094,1.9895515390420875,-1.365373396688478
FBgn0259817,48,18,0.6394398865072951,1.9895515390420875,-1.3501116525347925
FBgn0259817,72,19,0.48792114036460393,1.9895515390420875,-1.5016303986774835
FBgn0259817,96,20,0.6397067039210197,1.9895515390420875,-1.349844835121068
FBgn0259817,120,21,0.5796697957872605,1.9895515390420875,-1.409881743254827
FBgn0259896,1,2,2.960600658456716,3.2448555801253374,-0.2842549216686212
FBgn0259896,2,3,2.4971745844852737,3.2448555801253374,-0.7476809956400636
FBgn0259896,3,4,1.9368806768786289,3.2448555801253374,-1.3079749032467085
FBgn0259896,4,5,2.345467371853222,3.2448555801253374,-0.8993882082721152
FBgn0259896,5,6,2.567819147870286,3.2448555801253374,-0.6770364322550515
FBgn0259896,6,7,2.44563574263607,3.2448555801253374,-0.7992198374892672
FBgn0259896,8,8,3.052324453269337,3.2448555801253374,-0.19253112685600016
FBgn0259896,10,9,3.716942680969604,3.2448555801253374,0.4720871008442664
FBgn0259896,12,10,3.9649807988312493,3.2448555801253374,0.720125218705912
FBgn0259896,14,11,4.069761384272194,3.2448555801253374,0.8249058041468569
FBgn0259896,16,12,4.046633670072149,3.2448555801253374,0.8017780899468114
FBgn0259896,20,13,4.12767686352694,3.2448555801253374,0.8828212834016025
FBgn0259896,24,14,4.228623474514249,3.2448555801253374,0.9837678943889117
FBgn0259896,30,15,4.090802552100259,3.2448555801253374,0.8459469719749215
FBgn0259896,36,16,3.9673840765365873,3.2448555801253374,0.7225284964112499
FBgn0259896,42,17,3.950283912725155,3.2448555801253374,0.7054283325998179
FBgn0259896,48,18,3.746333174778396,3.2448555801253374,0.5014775946530587
FBgn0259896,72,19,3.7129385878992816,3.2448555801253374,0.4680830077739442
FBgn0259896,96,20,3.6141252149903567,3.2448555801253374,0.3692696348650193
FBgn0259896,120,21,4.007484849415741,3.2448555801253374,0.7626292692904038
FBgn0259973,1,2,4.391386483100579,5.198715633405284,-0.8073291503047049
FBgn0259973,2,3,4.9305754905849515,5.198715633405284,-0.2681401428203323
FBgn0259973,3,4,6.219119799400486,5.198715633405284,1.0204041659952026
FBgn0259973,4,5,4.632979346491648,5.198715633405284,-0.5657362869136353
FBgn0259973,5,6,5.2512828664512075,5.198715633405284,0.0525672330459237
FBgn0259973,6,7,4.65897388836932,5.198715633405284,-0.5397417450359638
FBgn0259973,8,8,4.516292099358662,5.198715633405284,-0.682423534046622
FBgn0259973,10,9,4.052359108535721,5.198715633405284,-1.1463565248695629
FBgn0259973,12,10,4.409200393820044,5.198715633405284,-0.7895152395852394
FBgn0259973,14,11,4.494813953284518,5.198715633405284,-0.703901680120766
FBgn0259973,16,12,4.395588750508445,5.198715633405284,-0.803126882896839
FBgn0259973,20,13,4.176238312289371,5.198715633405284,-1.0224773211159128
FBgn0259973,24,14,4.7912836272837485,5.198715633405284,-0.4074320061215353
FBgn0259973,30,15,4.009852688754622,5.198715633405284,-1.188862944650662
FBgn0259973,36,16,3.885412833085014,5.198715633405284,-1.3133028003202698
FBgn0259973,42,17,3.5630138037480057,5.198715633405284,-1.635701829657278
FBgn0259973,48,18,4.0128540319383115,5.198715633405284,-1.1858616014669723
FBgn0259973,72,19,2.8757281826272636,5.198715633405284,-2.32298745077802
FBgn0259973,96,20,2.9668272738240606,5.198715633405284,-2.231888359581223
FBgn0259973,120,21,2.675576441037942,5.198715633405284,-2.5231391923673416
FBgn0260746,1,2,6.575257763256038,4.140432444734826,2.434825318521211
FBgn0260746,2,3,6.251867357428603,4.140432444734826,2.1114349126937766
FBgn0260746,3,4,5.038882417865967,4.140432444734826,0.8984499731311404
FBgn0260746,4,5,5.089185851512091,4.140432444734826,0.9487534067772643
FBgn0260746,5,6,4.772011629263098,4.140432444734826,0.6315791845282712
FBgn0260746,6,7,4.831164141908349,4.140432444734826,0.6907316971735229
FBgn0260746,8,8,5.168139171991152,4.140432444734826,1.0277067272563256
FBgn0260746,10,9,5.680095957736139,4.140432444734826,1.5396635130013125
FBgn0260746,12,10,5.997260126952594,4.140432444734826,1.8568276822177676
FBgn0260746,14,11,5.426671208214084,4.140432444734826,1.2862387634792576
FBgn0260746,16,12,5.52491889533822,4.140432444734826,1.3844864506033936
FBgn0260746,20,13,6.0074630214855755,4.140432444734826,1.8670305767507491
FBgn0260746,24,14,5.356495026281243,4.140432444734826,1.2160625815464163
FBgn0260746,30,15,5.77220032776834,4.140432444734826,1.6317678830335138
FBgn0260746,36,16,5.810640089224853,4.140432444734826,1.6702076444900262
FBgn0260746,42,17,6.06034040045645,4.140432444734826,1.9199079557216239
FBgn0260746,48,18,5.6460051795326605,4.140432444734826,1.505572734797834
FBgn0260746,72,19,5.940093261798449,4.140432444734826,1.7996608170636224
FBgn0260746,96,20,5.811544994250892,4.140432444734826,1.6711125495160655
FBgn0260746,120,21,5.7380034265658,4.140432444734826,1.597570981830974
FBgn0260954,1,2,1.8673809343243741,2.014888637267701,-0.1475077029433267
FBgn0260954,2,3,1.911142529925515,2.014888637267701,-0.10374610734218592
FBgn0260954,3,4,2.148912623471669,2.014888637267701,0.13402398620396827
FBgn0260954,4,5,2.9663698831674234,2.014888637267701,0.9514812458997226
FBgn0260954,5,6,3.5134701544318103,2.014888637267701,1.4985815171641095
FBgn0260954,6,7,4.868867055388536,2.014888637267701,2.8539784181208354
FBgn0260954,8,8,5.494239231239953,2.014888637267701,3.479350593972252
FBgn0260954,10,9,4.43543694130892,2.014888637267701,2.420548304041219
FBgn0260954,12,10,4.04780784536183,2.014888637267701,2.032919208094129
FBgn0260954,14,11,4.234900283902001,2.014888637267701,2.2200116466343003
FBgn0260954,16,12,2.332885734300005,2.014888637267701,0.31799709703230405
FBgn0260954,20,13,2.0412014132932126,2.014888637267701,0.02631277602551174
FBgn0260954,24,14,1.6397683986847287,2.014888637267701,-0.37512023858297217
FBgn0260954,30,15,2.3079170269596476,2.014888637267701,0.2930283896919468
FBgn0260954,36,16,1.9028485839030402,2.014888637267701,-0.11204005336466061
FBgn0260954,42,17,1.4923094352420951,2.014888637267701,-0.5225792020256057
FBgn0260954,48,18,1.52890035635414,2.014888637267701,-0.48598828091356094
FBgn0260954,72,19,1.347260996858077,2.014888637267701,-0.6676276404096237
FBgn0260954,96,20,1.1693672194927278,2.014888637267701,-0.845521417774973
FBgn0260954,120,21,1.2261565062199438,2.014888637267701,-0.7887321310477571
FBgn0261504,1,2,4.777345911006397,5.069413721892104,-0.2920678108857073
FBgn0261504,2,3,4.436575497552164,5.069413721892104,-0.63283822433994
FBgn0261504,3,4,4.179841915956285,5.069413721892104,-0.8895718059358195
FBgn0261504,4,5,4.883353808316152,5.069413721892104,-0.18605991357595197
FBgn0261504,5,6,6.242020678439585,5.069413721892104,1.1726069565474804
FBgn0261504,6,7,5.273107303792955,5.069413721892104,0.20369358190085052
FBgn0261504,8,8,4.84812514938943,5.069413721892104,-0.22128857250267409
FBgn0261504,10,9,4.407133189969038,5.069413721892104,-0.6622805319230665
FBgn0261504,12,10,5.219936490074017,5.069413721892104,0.15052276818191235
FBgn0261504,14,11,5.329136676035556,5.069413721892104,0.25972295414345137
FBgn0261504,16,12,5.402467957219885,5.069413721892104,0.333054235327781
FBgn0261504,20,13,4.889774663775457,5.069413721892104,-0.17963905811664738
FBgn0261504,24,14,4.602729778990444,5.069413721892104,-0.4666839429016605
FBgn0261504,30,15,4.56085519958211,5.069413721892104,-0.5085585223099942
FBgn0261504,36,16,4.906552617810082,5.069413721892104,-0.16286110408202248
FBgn0261504,42,17,4.9090022324753,5.069413721892104,-0.16041148941680383
FBgn0261504,48,18,5.98587788572727,5.069413721892104,0.9164641638351654
FBgn0261504,72,19,5.362935097639496,5.069413721892104,0.29352137574739157
FBgn0261504,96,20,5.104019983005838,5.069413721892104,0.03460626111373344
FBgn0261504,120,21,4.717101927840668,5.069413721892104,-0.3523117940514364
FBgn0261567,1,2,0.031808756936727765,0.08411357987796937,-0.052304822941241606
FBgn0261567,2,3,0.20816708483280694,0.08411357987796937,0.12405350495483757
FBgn0261567,3,4,0.4896558378169332,0.08411357987796937,0.40554225793896387
FBgn0261567,4,5,1.026235768825353,0.08411357987796937,0.9421221889473835
FBgn0261567,5,6,2.137330209879946,0.08411357987796937,2.0532166300019763
FBgn0261567,6,7,1.7724086734653102,0.08411357987796937,1.6882950935873409
FBgn0261567,8,8,1.0311292032540011,0.08411357987796937,0.9470156233760317
FBgn0261567,10,9,1.1102919946775947,0.08411357987796937,1.0261784147996253
FBgn0261567,12,10,0.9808143442077231,0.08411357987796937,0.8967007643297537
FBgn0261567,14,11,0.24342482633364734,0.08411357987796937,0.15931124645567796
FBgn0261567,16,12,0.10194023760033999,0.08411357987796937,0.017826657722370617
FBgn0261567,20,13,0.027561111502015574,0.08411357987796937,-0.0565524683759538
FBgn0261567,24,14,0.062018890082736595,0.08411357987796937,-0.022094689795232776
FBgn0261567,30,15,1.3440269973047554,0.08411357987796937,1.259913417426786
FBgn0261567,36,16,0.10239307636438652,0.08411357987796937,0.01827949648641715
FBgn0261567,42,17,0.04999117139516076,0.08411357987796937,-0.03412240848280861
FBgn0261567,48,18,0.05691466972826352,0.08411357987796937,-0.02719891014970585
FBgn0261567,72,19,0.06694642211248392,0.08411357987796937,-0.017167157765485455
FBgn0261567,96,20,0.11334160635746027,0.08411357987796937,0.029228026479490896
FBgn0261567,120,21,0.13636623087063482,0.08411357987796937,0.05225265099266545
FBgn0261575,1,2,8.777576288061004,8.337741533545714,0.4398347545152905
FBgn0261575,2,3,8.767527861606982,8.337741533545714,0.4297863280612688
FBgn0261575,3,4,8.685544871879555,8.337741533545714,0.3478033383338417
FBgn0261575,4,5,8.927102096971574,8.337741533545714,0.5893605634258599
FBgn0261575,5,6,8.787823481549626,8.337741533545714,0.45008194800391266
FBgn0261575,6,7,8.2261832156086,8.337741533545714,-0.11155831793711357
FBgn0261575,8,8,7.985962325849363,8.337741533545714,-0.3517792076963504
FBgn0261575,10,9,8.475323664626995,8.337741533545714,0.13758213108128103
FBgn0261575,12,10,8.619898328585911,8.337741533545714,0.28215679504019775
FBgn0261575,14,11,9.264932966301675,8.337741533545714,0.9271914327559614
FBgn0261575,16,12,9.416713009995252,8.337741533545714,1.0789714764495386
FBgn0261575,20,13,9.757344540360368,8.337741533545714,1.4196030068146541
FBgn0261575,24,14,9.740069346008129,8.337741533545714,1.4023278124624152
FBgn0261575,30,15,10.21760098610398,8.337741533545714,1.8798594525582661
FBgn0261575,36,16,10.315073223621294,8.337741533545714,1.9773316900755802
FBgn0261575,42,17,10.364241711369562,8.337741533545714,2.0265001778238485
FBgn0261575,48,18,10.028006130925187,8.337741533545714,1.690264597379473
FBgn0261575,72,19,10.818875066298009,8.337741533545714,2.4811335327522954
FBgn0261575,96,20,10.238583075475898,8.337741533545714,1.900841541930184
FBgn0261575,120,21,10.653418782116642,8.337741533545714,2.3156772485709283
FBgn0261632,1,2,2.7110735172138236,0.35454435229537373,2.3565291649184497
FBgn0261632,2,3,2.3588803222335812,0.35454435229537373,2.0043359699382073
FBgn0261632,3,4,2.011074822593197,0.35454435229537373,1.6565304702978232
FBgn0261632,4,5,1.363126895590216,0.35454435229537373,1.0085825432948423
FBgn0261632,5,6,1.1758030049311123,0.35454435229537373,0.8212586526357386
FBgn0261632,6,7,1.2924626014354617,0.35454435229537373,0.9379182491400879
FBgn0261632,8,8,1.1439183520902656,0.35454435229537373,0.7893739997948919
FBgn0261632,10,9,1.011310126022558,0.35454435229537373,0.6567657737271844
FBgn0261632,12,10,1.1328203724919939,0.35454435229537373,0.7782760201966201
FBgn0261632,14,11,1.036602958570136,0.35454435229537373,0.6820586062747622
FBgn0261632,16,12,1.2021481288394762,0.35454435229537373,0.8476037765441025
FBgn0261632,20,13,1.2772962508049448,0.35454435229537373,0.9227518985095711
FBgn0261632,24,14,1.1609484791606586,0.35454435229537373,0.8064041268652848
FBgn0261632,30,15,1.148264737652513,0.35454435229537373,0.7937203853571393
FBgn0261632,36,16,1.0922075837871439,0.35454435229537373,0.7376632314917702
FBgn0261632,42,17,1.4632652547904745,0.35454435229537373,1.1087209024951008
FBgn0261632,48,18,1.1999188253673716,0.35454435229537373,0.8453744730719979
FBgn0261632,72,19,1.2971589627133138,0.35454435229537373,0.94261461041794
FBgn0261632,96,20,1.1982940603239134,0.35454435229537373,0.8437497080285397
FBgn0261632,120,21,0.8432171678283269,0.35454435229537373,0.48867281553295316
FBgn0261675,1,2,4.399535024717735,3.557953323196495,0.8415817015212399
FBgn0261675,2,3,4.600401090951857,3.557953323196495,1.0424477677553625
FBgn0261675,3,4,4.2882508113165905,3.557953323196495,0.7302974881200957
FBgn0261675,4,5,3.067120130028858,3.557953323196495,-0.49083319316763685
FBgn0261675,5,6,3.6922338679300326,3.557953323196495,0.1342805447335378
FBgn0261675,6,7,4.601597673823707,3.557953323196495,1.0436443506272122
FBgn0261675,8,8,4.5649661538083715,3.557953323196495,1.0070128306118766
FBgn0261675,10,9,5.175001505211531,3.557953323196495,1.6170481820150364
FBgn0261675,12,10,5.483970406597068,3.557953323196495,1.9260170834005734
FBgn0261675,14,11,4.398735597597374,3.557953323196495,0.8407822744008788
FBgn0261675,16,12,3.5066464556660026,3.557953323196495,-0.051306867530492184
FBgn0261675,20,13,4.61529526237342,3.557953323196495,1.0573419391769248
FBgn0261675,24,14,4.951111507536686,3.557953323196495,1.3931581843401908
FBgn0261675,30,15,5.262920143433302,3.557953323196495,1.7049668202368071
FBgn0261675,36,16,5.245466544137093,3.557953323196495,1.6875132209405983
FBgn0261675,42,17,5.1093686205749265,3.557953323196495,1.5514152973784316
FBgn0261675,48,18,5.34791007182741,3.557953323196495,1.7899567486309156
FBgn0261675,72,19,5.92297432084578,3.557953323196495,2.3650209976492853
FBgn0261675,96,20,6.302598388293228,3.557953323196495,2.7446450650967336
FBgn0261675,120,21,5.884924432481137,3.557953323196495,2.326971109284642
FBgn0261805,1,2,3.181548149215347,1.744881159649991,1.436666989565356
FBgn0261805,2,3,3.0977871847290137,1.744881159649991,1.3529060250790228
FBgn0261805,3,4,2.2747220106759323,1.744881159649991,0.5298408510259414
FBgn0261805,4,5,1.8165518783848102,1.744881159649991,0.07167071873481934
FBgn0261805,5,6,1.6786722357968236,1.744881159649991,-0.06620892385316735
FBgn0261805,6,7,1.6501291963902818,1.744881159649991,-0.09475196325970914
FBgn0261805,8,8,1.2910523419344075,1.744881159649991,-0.45382881771558337
FBgn0261805,10,9,1.8202362307183138,1.744881159649991,0.07535507106832284
FBgn0261805,12,10,1.8781878245535037,1.744881159649991,0.13330666490351284
FBgn0261805,14,11,1.8007749634845913,1.744881159649991,0.05589380383460041
FBgn0261805,16,12,1.7391628079511134,1.744881159649991,-0.005718351698877466
FBgn0261805,20,13,1.873941372659641,1.744881159649991,0.1290602130096501
FBgn0261805,24,14,1.9040551812192894,1.744881159649991,0.1591740215692985
FBgn0261805,30,15,1.797887106196999,1.744881159649991,0.053005946547008076
FBgn0261805,36,16,2.125667192110015,1.744881159649991,0.38078603246002407
FBgn0261805,42,17,1.9510509314228925,1.744881159649991,0.20616977177290163
FBgn0261805,48,18,2.3903635262014924,1.744881159649991,0.6454823665515015
FBgn0261805,72,19,2.6214314905153353,1.744881159649991,0.8765503308653444
FBgn0261805,96,20,2.684454048709397,1.744881159649991,0.9395728890594062
FBgn0261805,120,21,2.824680705732881,1.744881159649991,1.07979954608289
FBgn0261853,1,2,8.354385152048266,8.463381528212533,-0.10899637616426716
FBgn0261853,2,3,8.247763527797215,8.463381528212533,-0.21561800041531853
FBgn0261853,3,4,8.721381181264968,8.463381528212533,0.2579996530524351
FBgn0261853,4,5,8.553037053566598,8.463381528212533,0.08965552535406474
FBgn0261853,5,6,8.806427545622089,8.463381528212533,0.34304601740955576
FBgn0261853,6,7,8.514450211369883,8.463381528212533,0.051068683157350137
FBgn0261853,8,8,8.40296794069359,8.463381528212533,-0.060413587518942435
FBgn0261853,10,9,8.131944533657752,8.463381528212533,-0.3314369945547817
FBgn0261853,12,10,8.187152947911642,8.463381528212533,-0.2762285803008915
FBgn0261853,14,11,8.503932738686242,8.463381528212533,0.040551210473708466
FBgn0261853,16,12,8.303109236719058,8.463381528212533,-0.16027229149347555
FBgn0261853,20,13,8.04337318024727,8.463381528212533,-0.420008347965263
FBgn0261853,24,14,8.437418754344348,8.463381528212533,-0.02596277386818535
FBgn0261853,30,15,8.025092531381313,8.463381528212533,-0.43828899683122025
FBgn0261853,36,16,7.917200409099172,8.463381528212533,-0.5461811191133616
FBgn0261853,42,17,8.242801438396905,8.463381528212533,-0.2205800898156287
FBgn0261853,48,18,8.022485251135869,8.463381528212533,-0.44089627707666423
FBgn0261853,72,19,7.3500205145967925,8.463381528212533,-1.1133610136157408
FBgn0261853,96,20,6.158052262183923,8.463381528212533,-2.30532926602861
FBgn0261853,120,21,6.458636063698829,8.463381528212533,-2.0047454645137046
FBgn0261859,1,2,5.9116620376838735,6.455160276811178,-0.5434982391273042
FBgn0261859,2,3,5.663544340832613,6.455160276811178,-0.791615935978565
FBgn0261859,3,4,5.122846722292918,6.455160276811178,-1.3323135545182598
FBgn0261859,4,5,5.393856819388633,6.455160276811178,-1.0613034574225448
FBgn0261859,5,6,5.226604190418424,6.455160276811178,-1.2285560863927536
FBgn0261859,6,7,5.493920709871352,6.455160276811178,-0.9612395669398257
FBgn0261859,8,8,5.334314106461422,6.455160276811178,-1.1208461703497559
FBgn0261859,10,9,6.1670052650468,6.455160276811178,-0.28815501176437763
FBgn0261859,12,10,6.083475777747524,6.455160276811178,-0.37168449906365364
FBgn0261859,14,11,6.523591508719386,6.455160276811178,0.06843123190820855
FBgn0261859,16,12,6.7221381166707905,6.455160276811178,0.26697783985961276
FBgn0261859,20,13,6.633044591403293,6.455160276811178,0.17788431459211562
FBgn0261859,24,14,6.5416244962612655,6.455160276811178,0.08646421945008775
FBgn0261859,30,15,6.390617885996091,6.455160276811178,-0.06454239081508639
FBgn0261859,36,16,6.523436295644607,6.455160276811178,0.06827601883342904
FBgn0261859,42,17,6.789656425898581,6.455160276811178,0.33449614908740344
FBgn0261859,48,18,6.281678308013909,6.455160276811178,-0.17348196879726885
FBgn0261859,72,19,6.1003272411137806,6.455160276811178,-0.3548330356973972
FBgn0261859,96,20,6.225474152431042,6.455160276811178,-0.22968612438013558
FBgn0261859,120,21,6.336062085024633,6.455160276811178,-0.11909819178654502
FBgn0261925,1,2,0.43945595616091393,0.48049753449555527,-0.04104157833464134
FBgn0261925,2,3,0.38929644853796896,0.48049753449555527,-0.0912010859575863
FBgn0261925,3,4,0.38192832479800753,0.48049753449555527,-0.09856920969754773
FBgn0261925,4,5,1.0511338210697099,0.48049753449555527,0.5706362865741545
FBgn0261925,5,6,2.0956828619527768,0.48049753449555527,1.6151853274572214
FBgn0261925,6,7,2.744527973324431,0.48049753449555527,2.264030438828876
FBgn0261925,8,8,1.7999010472836965,0.48049753449555527,1.3194035127881412
FBgn0261925,10,9,2.415025669110801,0.48049753449555527,1.9345281346152456
FBgn0261925,12,10,2.8004992851382977,0.48049753449555527,2.3200017506427426
FBgn0261925,14,11,1.7325953818928457,0.48049753449555527,1.2520978473972904
FBgn0261925,16,12,1.4075791210288369,0.48049753449555527,0.9270815865332815
FBgn0261925,20,13,0.9168077738164022,0.48049753449555527,0.43631023932084695
FBgn0261925,24,14,0.5380723081693375,0.48049753449555527,0.05757477367378222
FBgn0261925,30,15,3.2301868823969615,0.48049753449555527,2.7496893479014064
FBgn0261925,36,16,0.7109660876331639,0.48049753449555527,0.23046855313760867
FBgn0261925,42,17,0.9225785413336324,0.48049753449555527,0.4420810068380771
FBgn0261925,48,18,0.4242147652533364,0.48049753449555527,-0.056282769242218866
FBgn0261925,72,19,0.35617741043059187,0.48049753449555527,-0.1243201240649634
FBgn0261925,96,20,0.37464020542960386,0.48049753449555527,-0.10585732906595141
FBgn0261925,120,21,0.270141303717076,0.48049753449555527,-0.21035623077847926
FBgn0261930,1,2,2.211108330591671,2.025116982850571,0.18599134774109993
FBgn0261930,2,3,2.510238603143216,2.025116982850571,0.48512162029264516
FBgn0261930,3,4,2.535755576080175,2.025116982850571,0.5106385932296043
FBgn0261930,4,5,2.6498564748959152,2.025116982850571,0.6247394920453444
FBgn0261930,5,6,2.609459182929288,2.025116982850571,0.5843422000787171
FBgn0261930,6,7,2.84726189448838,2.025116982850571,0.822144911637809
FBgn0261930,8,8,2.9841600533150086,2.025116982850571,0.9590430704644377
FBgn0261930,10,9,2.980867229558628,2.025116982850571,0.9557502467080572
FBgn0261930,12,10,3.2232714610474478,2.025116982850571,1.198154478196877
FBgn0261930,14,11,3.2454366752714945,2.025116982850571,1.2203196924209236
FBgn0261930,16,12,3.129128925490652,2.025116982850571,1.104011942640081
FBgn0261930,20,13,3.6728179638084475,2.025116982850571,1.6477009809578766
FBgn0261930,24,14,3.9006568701682305,2.025116982850571,1.8755398873176596
FBgn0261930,30,15,3.6916414149425893,2.025116982850571,1.6665244320920185
FBgn0261930,36,16,3.7806569790274915,2.025116982850571,1.7555399961769207
FBgn0261930,42,17,3.6211050664524205,2.025116982850571,1.5959880836018496
FBgn0261930,48,18,3.6206414738875066,2.025116982850571,1.5955244910369357
FBgn0261930,72,19,3.8537335120316927,2.025116982850571,1.8286165291811218
FBgn0261930,96,20,4.152479501502024,2.025116982850571,2.1273625186514535
FBgn0261930,120,21,4.115492356419872,2.025116982850571,2.090375373569301
FBgn0261989,1,2,7.244700737733438,6.776583783401334,0.4681169543321042
FBgn0261989,2,3,8.164088680637526,6.776583783401334,1.3875048972361927
FBgn0261989,3,4,8.053336503927028,6.776583783401334,1.2767527205256943
FBgn0261989,4,5,7.614898054229055,6.776583783401334,0.8383142708277216
FBgn0261989,5,6,7.938730760866027,6.776583783401334,1.162146977464693
FBgn0261989,6,7,8.091009248603493,6.776583783401334,1.3144254652021594
FBgn0261989,8,8,8.50385847012835,6.776583783401334,1.7272746867270161
FBgn0261989,10,9,8.115481495564689,6.776583783401334,1.3388977121633552
FBgn0261989,12,10,7.855786974778651,6.776583783401334,1.0792031913773172
FBgn0261989,14,11,8.166393284375372,6.776583783401334,1.3898095009740388
FBgn0261989,16,12,7.88638964164139,6.776583783401334,1.1098058582400565
FBgn0261989,20,13,8.179200664469196,6.776583783401334,1.4026168810678623
FBgn0261989,24,14,7.491859721878755,6.776583783401334,0.7152759384774212
FBgn0261989,30,15,8.441088326744428,6.776583783401334,1.664504543343094
FBgn0261989,36,16,7.863833425408324,6.776583783401334,1.0872496420069906
FBgn0261989,42,17,8.421119719985114,6.776583783401334,1.6445359365837806
FBgn0261989,48,18,7.68260812007812,6.776583783401334,0.9060243366767864
FBgn0261989,72,19,8.211301449238205,6.776583783401334,1.434717665836871
FBgn0261989,96,20,9.961102646035727,6.776583783401334,3.184518862634393
FBgn0261989,120,21,9.414103758646217,6.776583783401334,2.6375199752448832
FBgn0262007,1,2,6.312785246558585,4.662807002720981,1.6499782438376043
FBgn0262007,2,3,6.367888925648681,4.662807002720981,1.7050819229277003
FBgn0262007,3,4,5.078243217367357,4.662807002720981,0.4154362146463759
FBgn0262007,4,5,4.8904094725756035,4.662807002720981,0.22760246985462285
FBgn0262007,5,6,4.7135430437130506,4.662807002720981,0.05073604099206985
FBgn0262007,6,7,5.5316633062756715,4.662807002720981,0.8688563035546908
FBgn0262007,8,8,5.226185970125671,4.662807002720981,0.5633789674046907
FBgn0262007,10,9,4.970267699011881,4.662807002720981,0.30746069629090034
FBgn0262007,12,10,5.29060298766224,4.662807002720981,0.6277959849412591
FBgn0262007,14,11,5.468380004633579,4.662807002720981,0.805573001912598
FBgn0262007,16,12,4.7122504792615505,4.662807002720981,0.0494434765405698
FBgn0262007,20,13,5.713157173662205,4.662807002720981,1.0503501709412246
FBgn0262007,24,14,5.8567158908342005,4.662807002720981,1.1939088881132198
FBgn0262007,30,15,6.119799547839293,4.662807002720981,1.4569925451183119
FBgn0262007,36,16,5.966109161625056,4.662807002720981,1.3033021589040752
FBgn0262007,42,17,6.218447654911611,4.662807002720981,1.5556406521906299
FBgn0262007,48,18,6.138794417908127,4.662807002720981,1.475987415187146
FBgn0262007,72,19,6.295001909926873,4.662807002720981,1.6321949072058919
FBgn0262007,96,20,9.0398719830916,4.662807002720981,4.37706498037062
FBgn0262007,120,21,8.10459093269796,4.662807002720981,3.441783929976979
FBgn0262146,1,2,3.9453972206279175,3.184936907380032,0.7604603132478855
FBgn0262146,2,3,4.266812143609986,3.184936907380032,1.081875236229954
FBgn0262146,3,4,5.078243217367357,3.184936907380032,1.8933063099873246
FBgn0262146,4,5,5.411636149567032,3.184936907380032,2.226699242187
FBgn0262146,5,6,5.3789115672525565,3.184936907380032,2.1939746598725245
FBgn0262146,6,7,4.817728936463816,3.184936907380032,1.6327920290837836
FBgn0262146,8,8,4.762984450683131,3.184936907380032,1.5780475433030992
FBgn0262146,10,9,4.631498582095553,3.184936907380032,1.4465616747155208
FBgn0262146,12,10,4.460288998296278,3.184936907380032,1.275352090916246
FBgn0262146,14,11,4.156058026000192,3.184936907380032,0.97112111862016
FBgn0262146,16,12,3.447229664764233,3.184936907380032,0.2622927573842011
FBgn0262146,20,13,3.2590444735567905,3.184936907380032,0.07410756617675851
FBgn0262146,24,14,5.471711203120744,3.184936907380032,2.2867742957407122
FBgn0262146,30,15,4.342677010125831,3.184936907380032,1.157740102745799
FBgn0262146,36,16,5.173376792647197,3.184936907380032,1.988439885267165
FBgn0262146,42,17,3.746290007097563,3.184936907380032,0.5613530997175311
FBgn0262146,48,18,4.88707346160739,3.184936907380032,1.7021365542273577
FBgn0262146,72,19,5.3409124227356735,3.184936907380032,2.1559755153556415
FBgn0262146,96,20,4.043887547424393,3.184936907380032,0.8589506400443607
FBgn0262146,120,21,5.062808152031896,3.184936907380032,1.877871244651864
FBgn0262150,1,2,3.1108863145971712,3.020965161472091,0.08992115312508009
FBgn0262150,2,3,3.18936305152147,3.020965161472091,0.16839789004937877
FBgn0262150,3,4,3.524421901661322,3.020965161472091,0.5034567401892307
FBgn0262150,4,5,4.15753404560452,3.020965161472091,1.136568884132429
FBgn0262150,5,6,4.552748280826059,3.020965161472091,1.5317831193539675
FBgn0262150,6,7,4.792787877382581,3.020965161472091,1.7718227159104902
FBgn0262150,8,8,4.789568157205648,3.020965161472091,1.7686029957335565
FBgn0262150,10,9,4.78460097796908,3.020965161472091,1.763635816496989
FBgn0262150,12,10,4.4343827381397665,3.020965161472091,1.4134175766676753
FBgn0262150,14,11,4.0753650314254966,3.020965161472091,1.0543998699534054
FBgn0262150,16,12,4.054017041857751,3.020965161472091,1.0330518803856599
FBgn0262150,20,13,4.0730438069792525,3.020965161472091,1.0520786455071613
FBgn0262150,24,14,3.626168813033675,3.020965161472091,0.6052036515615837
FBgn0262150,30,15,4.719610975081631,3.020965161472091,1.6986458136095397
FBgn0262150,36,16,4.16051075857218,3.020965161472091,1.1395455971000885
FBgn0262150,42,17,4.465985329524107,3.020965161472091,1.4450201680520163
FBgn0262150,48,18,4.171565592671196,3.020965161472091,1.1506004311991047
FBgn0262150,72,19,4.569991761451044,3.020965161472091,1.5490265999789532
FBgn0262150,96,20,4.695484052023696,3.020965161472091,1.6745188905516049
FBgn0262150,120,21,4.931638049510099,3.020965161472091,1.9106728880380075
FBgn0262357,1,2,2.5453965625339956,2.7854400529979495,-0.2400434904639539
FBgn0262357,2,3,3.3237110741896165,2.7854400529979495,0.538271021191667
FBgn0262357,3,4,3.634140649053645,2.7854400529979495,0.8487005960556955
FBgn0262357,4,5,4.165386456605024,2.7854400529979495,1.3799464036070743
FBgn0262357,5,6,4.925128971316402,2.7854400529979495,2.139688918318453
FBgn0262357,6,7,3.8441366566357744,2.7854400529979495,1.058696603637825
FBgn0262357,8,8,4.617000696476095,2.7854400529979495,1.831560643478145
FBgn0262357,10,9,4.342431008746827,2.7854400529979495,1.5569909557488772
FBgn0262357,12,10,4.363958695451214,2.7854400529979495,1.5785186424532647
FBgn0262357,14,11,4.8488831459303015,2.7854400529979495,2.063443092932352
FBgn0262357,16,12,4.640131612955814,2.7854400529979495,1.8546915599578648
FBgn0262357,20,13,4.907492658264147,2.7854400529979495,2.122052605266197
FBgn0262357,24,14,5.070168025755177,2.7854400529979495,2.284727972757228
FBgn0262357,30,15,5.565718144294507,2.7854400529979495,2.780278091296558
FBgn0262357,36,16,5.713134277446718,2.7854400529979495,2.9276942244487687
FBgn0262357,42,17,5.509144090703628,2.7854400529979495,2.7237040377056783
FBgn0262357,48,18,5.338142536184572,2.7854400529979495,2.5527024831866223
FBgn0262357,72,19,6.19377212730415,2.7854400529979495,3.408332074306201
FBgn0262357,96,20,6.036108859708701,2.7854400529979495,3.2506688067107516
FBgn0262357,120,21,6.641775532958,2.7854400529979495,3.856335479960051
FBgn0262366,1,2,3.1446170447951216,1.8052298515493206,1.339387193245801
FBgn0262366,2,3,3.266686605152355,1.8052298515493206,1.4614567536030343
FBgn0262366,3,4,2.8096478989848523,1.8052298515493206,1.0044180474355318
FBgn0262366,4,5,2.536551501642575,1.8052298515493206,0.7313216500932542
FBgn0262366,5,6,2.144938014833194,1.8052298515493206,0.33970816328387343
FBgn0262366,6,7,2.6732735126793465,1.8052298515493206,0.868043661130026
FBgn0262366,8,8,2.6473764584061286,1.8052298515493206,0.842146606856808
FBgn0262366,10,9,2.47036316657238,1.8052298515493206,0.6651333150230596
FBgn0262366,12,10,2.7596575860978194,1.8052298515493206,0.9544277345484988
FBgn0262366,14,11,2.7894215437531287,1.8052298515493206,0.9841916922038081
FBgn0262366,16,12,2.3532292053425534,1.8052298515493206,0.5479993537932328
FBgn0262366,20,13,2.481305562288406,1.8052298515493206,0.6760757107390853
FBgn0262366,24,14,2.9660330586016688,1.8052298515493206,1.1608032070523482
FBgn0262366,30,15,3.079469008654925,1.8052298515493206,1.2742391571056042
FBgn0262366,36,16,3.1716065908887727,1.8052298515493206,1.3663767393394521
FBgn0262366,42,17,2.9955866923926235,1.8052298515493206,1.190356840843303
FBgn0262366,48,18,2.846514819373155,1.8052298515493206,1.0412849678238345
FBgn0262366,72,19,3.2098468520375034,1.8052298515493206,1.4046170004881828
FBgn0262366,96,20,5.2509437670263335,1.8052298515493206,3.445713915477013
FBgn0262366,120,21,4.570517335867016,1.8052298515493206,2.765287484317695
FBgn0262531,1,2,1.2200463706143423,0.9878003169979178,0.23224605361642447
FBgn0262531,2,3,1.986144250158083,0.9878003169979178,0.9983439331601652
FBgn0262531,3,4,2.148912623471669,0.9878003169979178,1.1611123064737514
FBgn0262531,4,5,5.167580995512193,0.9878003169979178,4.179780678514275
FBgn0262531,5,6,6.6811485821399454,0.9878003169979178,5.693348265142028
FBgn0262531,6,7,6.780778355832553,0.9878003169979178,5.792978038834636
FBgn0262531,8,8,5.792391571363519,0.9878003169979178,4.804591254365601
FBgn0262531,10,9,4.39464781120063,0.9878003169979178,3.4068474942027125
FBgn0262531,12,10,3.4928661441929765,0.9878003169979178,2.5050658271950588
FBgn0262531,14,11,2.4687349153174756,0.9878003169979178,1.4809345983195579
FBgn0262531,16,12,1.961062159878197,0.9878003169979178,0.9732618428802792
FBgn0262531,20,13,1.825839102845433,0.9878003169979178,0.8380387858475152
FBgn0262531,24,14,1.1308825163139613,0.9878003169979178,0.1430821993160435
FBgn0262531,30,15,3.933212151972226,0.9878003169979178,2.9454118349743084
FBgn0262531,36,16,1.685020585271412,0.9878003169979178,0.6972202682734941
FBgn0262531,42,17,1.4665094928966749,0.9878003169979178,0.47870917589875706
FBgn0262531,48,18,1.1389373343216116,0.9878003169979178,0.15113701732369378
FBgn0262531,72,19,1.3165087054171098,0.9878003169979178,0.32870838841919203
FBgn0262531,96,20,1.636146986512526,0.9878003169979178,0.6483466695146082
FBgn0262531,120,21,1.4394915609097247,0.9878003169979178,0.45169124391180693
FBgn0262721,1,2,3.9093901990262854,1.9990010908902915,1.9103891081359938
FBgn0262721,2,3,4.421187457718644,1.9990010908902915,2.4221863668283525
FBgn0262721,3,4,4.343141054555973,1.9990010908902915,2.3441399636656817
FBgn0262721,4,5,3.337945782802815,1.9990010908902915,1.3389446919125234
FBgn0262721,5,6,2.858579126795761,1.9990010908902915,0.8595780359054697
FBgn0262721,6,7,2.726434793608268,1.9990010908902915,0.7274337027179762
FBgn0262721,8,8,2.0910937304319335,1.9990010908902915,0.09209263954164193
FBgn0262721,10,9,2.0503541553648614,1.9990010908902915,0.05135306447456989
FBgn0262721,12,10,2.261116161524825,1.9990010908902915,0.26211507063453343
FBgn0262721,14,11,2.423204881779616,1.9990010908902915,0.4242037908893246
FBgn0262721,16,12,2.1082464398120004,1.9990010908902915,0.1092453489217089
FBgn0262721,20,13,2.0699333756717997,1.9990010908902915,0.07093228478150815
FBgn0262721,24,14,2.0672008777658655,1.9990010908902915,0.06819978687557393
FBgn0262721,30,15,2.2261272736458015,1.9990010908902915,0.22712618275551
FBgn0262721,36,16,2.353710931414713,1.9990010908902915,0.35470984052442134
FBgn0262721,42,17,2.40607195271203,1.9990010908902915,0.40707086182173846
FBgn0262721,48,18,2.487933496476026,1.9990010908902915,0.4889324055857345
FBgn0262721,72,19,2.5091576488408616,1.9990010908902915,0.51015655795057
FBgn0262721,96,20,2.158637639599196,1.9990010908902915,0.15963654870890442
FBgn0262721,120,21,2.3854854859303813,1.9990010908902915,0.3864843950400898
FBgn0262838,1,2,5.223849924091233,2.0009047676534184,3.222945156437815
FBgn0262838,2,3,5.73810052339061,2.0009047676534184,3.7371957557371918
FBgn0262838,3,4,5.478756779571068,2.0009047676534184,3.4778520119176495
FBgn0262838,4,5,4.977246497478702,2.0009047676534184,2.9763417298252834
FBgn0262838,5,6,4.672720189221879,2.0009047676534184,2.6718154215684606
FBgn0262838,6,7,5.026169135156865,2.0009047676534184,3.0252643675034463
FBgn0262838,8,8,5.456455991137753,2.0009047676534184,3.455551223484335
FBgn0262838,10,9,4.642390901050528,2.0009047676534184,2.64148613339711
FBgn0262838,12,10,4.443435980252497,2.0009047676534184,2.4425312125990786
FBgn0262838,14,11,4.16819481600026,2.0009047676534184,2.1672900483468416
FBgn0262838,16,12,4.306744265645788,2.0009047676534184,2.3058394979923698
FBgn0262838,20,13,4.755148588639509,2.0009047676534184,2.7542438209860904
FBgn0262838,24,14,3.1247022315761868,2.0009047676534184,1.1237974639227684
FBgn0262838,30,15,5.028522577755988,2.0009047676534184,3.0276178101025693
FBgn0262838,36,16,3.3094298185130624,2.0009047676534184,1.308525050859644
FBgn0262838,42,17,4.437919555218711,2.0009047676534184,2.4370147875652926
FBgn0262838,48,18,2.990601612404102,2.0009047676534184,0.9896968447506835
FBgn0262838,72,19,3.679891995543863,2.0009047676534184,1.6789872278904445
FBgn0262838,96,20,2.6869225983288296,2.0009047676534184,0.6860178306754112
FBgn0262838,120,21,2.668790071245728,2.0009047676534184,0.6678853035923096
FBgn0262881,1,2,4.179494545542481,0.8021138122299851,3.3773807333124957
FBgn0262881,2,3,4.656005476757075,0.8021138122299851,3.85389166452709
FBgn0262881,3,4,4.663778396948777,0.8021138122299851,3.861664584718792
FBgn0262881,4,5,4.555848603276617,0.8021138122299851,3.7537347910466323
FBgn0262881,5,6,4.527396495781616,0.8021138122299851,3.7252826835516313
FBgn0262881,6,7,4.2538158644683035,0.8021138122299851,3.4517020522383186
FBgn0262881,8,8,4.512597814315128,0.8021138122299851,3.710484002085143
FBgn0262881,10,9,3.211878080932054,0.8021138122299851,2.4097642687020686
FBgn0262881,12,10,3.8652350424493718,0.8021138122299851,3.0631212302193864
FBgn0262881,14,11,2.847726019263319,0.8021138122299851,2.045612207033334
FBgn0262881,16,12,3.1399671683414976,0.8021138122299851,2.3378533561115127
FBgn0262881,20,13,4.209193714508592,0.8021138122299851,3.407079902278607
FBgn0262881,24,14,2.5984829189739345,0.8021138122299851,1.7963691067439493
FBgn0262881,30,15,4.42713250727227,0.8021138122299851,3.625018695042285
FBgn0262881,36,16,3.1875050001132066,0.8021138122299851,2.3853911878832212
FBgn0262881,42,17,3.9586659299009175,0.8021138122299851,3.156552117670932
FBgn0262881,48,18,3.0327632551619472,0.8021138122299851,2.230649442931962
FBgn0262881,72,19,3.395174951883396,0.8021138122299851,2.593061139653411
FBgn0262881,96,20,2.2077047809394736,0.8021138122299851,1.4055909687094885
FBgn0262881,120,21,2.32992515179612,0.8021138122299851,1.5278113395661348
FBgn0263080,1,2,3.5063944079385867,2.153073293842989,1.3533211140955976
FBgn0263080,2,3,4.178672602854664,2.153073293842989,2.0255993090116746
FBgn0263080,3,4,4.453694445103734,2.153073293842989,2.300621151260745
FBgn0263080,4,5,4.102622881409107,2.153073293842989,1.9495495875661177
FBgn0263080,5,6,4.036539467142548,2.153073293842989,1.883466173299559
FBgn0263080,6,7,4.136947123727298,2.153073293842989,1.9838738298843088
FBgn0263080,8,8,2.8920927638930216,2.153073293842989,0.7390194700500325
FBgn0263080,10,9,2.593149518586233,2.153073293842989,0.4400762247432439
FBgn0263080,12,10,3.335496952402009,2.153073293842989,1.1824236585590198
FBgn0263080,14,11,3.1786098443422692,2.153073293842989,1.0255365504992802
FBgn0263080,16,12,2.221680305347988,2.153073293842989,0.06860701150499882
FBgn0263080,20,13,3.3240352000990008,2.153073293842989,1.1709619062560117
FBgn0263080,24,14,2.9650429346972342,2.153073293842989,0.8119696408542452
FBgn0263080,30,15,3.7495240436254007,2.153073293842989,1.5964507497824116
FBgn0263080,36,16,3.8164278399944607,2.153073293842989,1.6633545461514716
FBgn0263080,42,17,3.135231207371425,2.153073293842989,0.982157913528436
FBgn0263080,48,18,3.6952234093065757,2.153073293842989,1.5421501154635866
FBgn0263080,72,19,3.9230363505170756,2.153073293842989,1.7699630566740865
FBgn0263080,96,20,4.702813865322733,2.153073293842989,2.5497405714797443
FBgn0263080,120,21,4.552995289798893,2.153073293842989,2.3999219959559035
FBgn0263081,1,2,5.384215664158609,4.374415851827761,1.009799812330848
FBgn0263081,2,3,5.764774083907639,4.374415851827761,1.390358232079878
FBgn0263081,3,4,5.639428451874913,4.374415851827761,1.265012600047152
FBgn0263081,4,5,5.223039312551689,4.374415851827761,0.8486234607239282
FBgn0263081,5,6,5.343410390011469,4.374415851827761,0.9689945381837077
FBgn0263081,6,7,5.269302764478631,4.374415851827761,0.8948869126508701
FBgn0263081,8,8,4.76884144203969,4.374415851827761,0.39442559021192913
FBgn0263081,10,9,4.8770588779444015,4.374415851827761,0.5026430261166404
FBgn0263081,12,10,5.181514412089187,4.374415851827761,0.8070985602614256
FBgn0263081,14,11,4.96918032432243,4.374415851827761,0.5947644724946688
FBgn0263081,16,12,4.410604437776602,4.374415851827761,0.03618858594884067
FBgn0263081,20,13,4.9376914767304925,4.374415851827761,0.5632756249027313
FBgn0263081,24,14,5.072403186895711,4.374415851827761,0.6979873350679497
FBgn0263081,30,15,5.419212049650529,4.374415851827761,1.0447961978227678
FBgn0263081,36,16,5.669846045565074,4.374415851827761,1.295430193737313
FBgn0263081,42,17,4.947922988990158,4.374415851827761,0.5735071371623972
FBgn0263081,48,18,5.586777928870078,4.374415851827761,1.2123620770423171
FBgn0263081,72,19,5.74738661419657,4.374415851827761,1.3729707623688086
FBgn0263081,96,20,6.141737215964122,4.374415851827761,1.767321364136361
FBgn0263081,120,21,5.984501400147735,4.374415851827761,1.610085548319974
FBgn0263090,1,2,5.194685273842001,5.330053365191538,-0.13536809134953653
FBgn0263090,2,3,5.075412395713617,5.330053365191538,-0.25464096947792125
FBgn0263090,3,4,5.603906753995043,5.330053365191538,0.27385338880350485
FBgn0263090,4,5,4.876305375101685,5.330053365191538,-0.45374799008985267
FBgn0263090,5,6,5.3377861167435015,5.330053365191538,0.007732751551963624
FBgn0263090,6,7,4.939086181112321,5.330053365191538,-0.3909671840792166
FBgn0263090,8,8,4.747400544817987,5.330053365191538,-0.5826528203735508
FBgn0263090,10,9,4.577885971953217,5.330053365191538,-0.752167393238321
FBgn0263090,12,10,5.004717679882085,5.330053365191538,-0.32533568530945267
FBgn0263090,14,11,4.839191634178105,5.330053365191538,-0.49086173101343267
FBgn0263090,16,12,4.82057822364977,5.330053365191538,-0.5094751415417678
FBgn0263090,20,13,4.888332986496805,5.330053365191538,-0.4417203786947326
FBgn0263090,24,14,5.113211430383672,5.330053365191538,-0.2168419348078654
FBgn0263090,30,15,4.819915204577271,5.330053365191538,-0.5101381606142672
FBgn0263090,36,16,4.804302110402626,5.330053365191538,-0.5257512547889123
FBgn0263090,42,17,4.642311519733401,5.330053365191538,-0.6877418454581372
FBgn0263090,48,18,4.840889828656479,5.330053365191538,-0.4891635365350586
FBgn0263090,72,19,4.072260036959265,5.330053365191538,-1.2577933282322729
FBgn0263090,96,20,3.4203741629230913,5.330053365191538,-1.9096792022684466
FBgn0263090,120,21,3.47553015862879,5.330053365191538,-1.8545232065627477
FBgn0263199,1,2,7.498107527517426,7.578611079434467,-0.08050355191704117
FBgn0263199,2,3,7.591544450934803,7.578611079434467,0.012933371500335689
FBgn0263199,3,4,7.36471285982518,7.578611079434467,-0.21389821960928757
FBgn0263199,4,5,7.390513832460767,7.578611079434467,-0.18809724697370012
FBgn0263199,5,6,7.071346639649141,7.578611079434467,-0.5072644397853265
FBgn0263199,6,7,6.92875014521365,7.578611079434467,-0.6498609342208175
FBgn0263199,8,8,6.899430692874857,7.578611079434467,-0.6791803865596107
FBgn0263199,10,9,7.375367926994058,7.578611079434467,-0.20324315244040925
FBgn0263199,12,10,7.355056094786967,7.578611079434467,-0.22355498464750045
FBgn0263199,14,11,7.624455487273174,7.578611079434467,0.04584440783870658
FBgn0263199,16,12,7.803848667006596,7.578611079434467,0.22523758757212864
FBgn0263199,20,13,7.815520855454632,7.578611079434467,0.2369097760201644
FBgn0263199,24,14,7.788127823134772,7.578611079434467,0.2095167437003047
FBgn0263199,30,15,8.13061616858728,7.578611079434467,0.5520050891528134
FBgn0263199,36,16,8.01842545116218,7.578611079434467,0.43981437172771276
FBgn0263199,42,17,8.255495939063787,7.578611079434467,0.6768848596293191
FBgn0263199,48,18,8.301948597832919,7.578611079434467,0.7233375183984512
FBgn0263199,72,19,8.651310128747518,7.578611079434467,1.0726990493130506
FBgn0263199,96,20,8.546603605093669,7.578611079434467,0.9679925256592012
FBgn0263199,120,21,8.778227924068371,7.578611079434467,1.199616844633904
FBgn0263336,1,2,4.953088580423534,5.358598808713291,-0.40551022828975647
FBgn0263336,2,3,4.387534419955474,5.358598808713291,-0.9710643887578163
FBgn0263336,3,4,4.040647243193521,5.358598808713291,-1.3179515655197696
FBgn0263336,4,5,3.9088263555434235,5.358598808713291,-1.4497724531698672
FBgn0263336,5,6,4.331525896104956,5.358598808713291,-1.027072912608335
FBgn0263336,6,7,3.8351829028484348,5.358598808713291,-1.523415905864856
FBgn0263336,8,8,4.191340220748437,5.358598808713291,-1.167258587964854
FBgn0263336,10,9,4.661785693554096,5.358598808713291,-0.6968131151591948
FBgn0263336,12,10,4.749925561554834,5.358598808713291,-0.6086732471584568
FBgn0263336,14,11,5.052621715145962,5.358598808713291,-0.3059770935673285
FBgn0263336,16,12,5.316723629625741,5.358598808713291,-0.04187517908754934
FBgn0263336,20,13,4.973956460539562,5.358598808713291,-0.38464234817372844
FBgn0263336,24,14,5.3282222874102105,5.358598808713291,-0.030376521303080217
FBgn0263336,30,15,5.343524125063969,5.358598808713291,-0.015074683649321408
FBgn0263336,36,16,5.737603252562934,5.358598808713291,0.3790044438496434
FBgn0263336,42,17,5.725226579187291,5.358598808713291,0.3666277704740004
FBgn0263336,48,18,5.764818959214335,5.358598808713291,0.4062201505010439
FBgn0263336,72,19,5.820263392727355,5.358598808713291,0.4616645840140645
FBgn0263336,96,20,5.625682520135587,5.358598808713291,0.2670837114222966
FBgn0263336,120,21,6.003353729513331,5.358598808713291,0.6447549208000405
FBgn0264541,1,2,4.425331931674756,0.3870971116597062,4.03823482001505
FBgn0264541,2,3,4.695586736914375,0.3870971116597062,4.308489625254669
FBgn0264541,3,4,4.6522320778810045,0.3870971116597062,4.265134966221298
FBgn0264541,4,5,5.060777080846704,0.3870971116597062,4.673679969186998
FBgn0264541,5,6,5.75041274296851,0.3870971116597062,5.3633156313088035
FBgn0264541,6,7,5.185529641327525,0.3870971116597062,4.798432529667819
FBgn0264541,8,8,5.512708564356131,0.3870971116597062,5.1256114526964245
FBgn0264541,10,9,5.100977754614755,0.3870971116597062,4.713880642955049
FBgn0264541,12,10,5.364978462729978,0.3870971116597062,4.9778813510702715
FBgn0264541,14,11,4.519830632898955,0.3870971116597062,4.132733521239249
FBgn0264541,16,12,4.420541435043193,0.3870971116597062,4.0334443233834865
FBgn0264541,20,13,5.813708926944912,0.3870971116597062,5.426611815285206
FBgn0264541,24,14,2.872353383080904,0.3870971116597062,2.4852562714211976
FBgn0264541,30,15,5.644781232188038,0.3870971116597062,5.257684120528332
FBgn0264541,36,16,3.115385890450363,0.3870971116597062,2.728288778790657
FBgn0264541,42,17,5.672400087329821,0.3870971116597062,5.285302975670115
FBgn0264541,48,18,4.534589206705643,0.3870971116597062,4.147492095045937
FBgn0264541,72,19,4.4837230130826145,0.3870971116597062,4.096625901422908
FBgn0264541,96,20,3.663776561020512,0.3870971116597062,3.276679449360806
FBgn0264541,120,21,3.2610143010536508,0.3870971116597062,2.8739171893939446
FBgn0264775,1,2,2.1770876854168826,2.271183208815658,-0.09409552339877525
FBgn0264775,2,3,2.0718039134628867,2.271183208815658,-0.1993792953527711
FBgn0264775,3,4,2.148912623471669,2.271183208815658,-0.12227058534398871
FBgn0264775,4,5,1.9734084589613272,2.271183208815658,-0.2977747498543306
FBgn0264775,5,6,2.14824660399393,2.271183208815658,-0.12293660482172797
FBgn0264775,6,7,2.509410094618408,2.271183208815658,0.2382268858027503
FBgn0264775,8,8,2.2380509656449084,2.271183208815658,-0.033132243170749476
FBgn0264775,10,9,2.075625365847231,2.271183208815658,-0.19555784296842704
FBgn0264775,12,10,2.045561825617301,2.271183208815658,-0.2256213831983569
FBgn0264775,14,11,2.324908902772938,2.271183208815658,0.05372569395728011
FBgn0264775,16,12,2.2043484052,2.271183208815658,-0.06683480361565763
FBgn0264775,20,13,2.2521302175604436,2.271183208815658,-0.019052991255214202
FBgn0264775,24,14,2.2923748437995606,2.271183208815658,0.021191634983902752
FBgn0264775,30,15,2.3291266357750837,2.271183208815658,0.05794342695942589
FBgn0264775,36,16,2.5718527211043245,2.271183208815658,0.3006695122886667
FBgn0264775,42,17,2.7184218066480206,2.271183208815658,0.44723859783236275
FBgn0264775,48,18,2.7168062320736803,2.271183208815658,0.4456230232580225
FBgn0264775,72,19,2.296896146167962,2.271183208815658,0.025712937352304177
FBgn0264775,96,20,3.7665306060463335,2.271183208815658,1.4953473972306757
FBgn0264775,120,21,3.563506724093031,2.271183208815658,1.2923235152773733
FBgn0264987,1,2,2.0688436572426494,0.4791248347736758,1.5897188224689736
FBgn0264987,2,3,2.1476855735780918,0.4791248347736758,1.668560738804416
FBgn0264987,3,4,1.9744546492700437,0.4791248347736758,1.4953298144963678
FBgn0264987,4,5,1.5419270268417122,0.4791248347736758,1.0628021920680364
FBgn0264987,5,6,0.9361802880528712,0.4791248347736758,0.45705545327919544
FBgn0264987,6,7,1.319587942832248,0.4791248347736758,0.840463108058572
FBgn0264987,8,8,1.4129900696870197,0.4791248347736758,0.9338652349133438
FBgn0264987,10,9,1.772705401161752,0.4791248347736758,1.2935805663880762
FBgn0264987,12,10,0.7282160330793531,0.4791248347736758,0.24909119830567733
FBgn0264987,14,11,0.9579072513038744,0.4791248347736758,0.47878241653019865
FBgn0264987,16,12,1.0614284926422064,0.4791248347736758,0.5823036578685306
FBgn0264987,20,13,1.217624628647227,0.4791248347736758,0.7384997938735511
FBgn0264987,24,14,1.44694496901143,0.4791248347736758,0.9678201342377541
FBgn0264987,30,15,1.6922437447975511,0.4791248347736758,1.2131189100238753
FBgn0264987,36,16,1.5186138160590632,0.4791248347736758,1.0394889812853874
FBgn0264987,42,17,1.2630957885734355,0.4791248347736758,0.7839709537997597
FBgn0264987,48,18,1.092037615326799,0.4791248347736758,0.6129127805531231
FBgn0264987,72,19,0.8525074979643823,0.4791248347736758,0.3733826631907065
FBgn0264987,96,20,2.041838547868227,0.4791248347736758,1.5627137130945512
FBgn0264987,120,21,2.079188313067715,0.4791248347736758,1.6000634782940393
FBgn0265186,1,2,4.284769304203817,3.0247014695680177,1.260067834635799
FBgn0265186,2,3,4.098169334334804,3.0247014695680177,1.0734678647667861
FBgn0265186,3,4,3.668934492484102,3.0247014695680177,0.6442330229160844
FBgn0265186,4,5,3.6159948349578017,3.0247014695680177,0.591293365389784
FBgn0265186,5,6,3.0412797881188016,3.0247014695680177,0.016578318550783955
FBgn0265186,6,7,3.9952760569154466,3.0247014695680177,0.970574587347429
FBgn0265186,8,8,3.448700441842247,3.0247014695680177,0.4239989722742292
FBgn0265186,10,9,3.42268147685122,3.0247014695680177,0.3979800072832025
FBgn0265186,12,10,3.8144956830067795,3.0247014695680177,0.7897942134387619
FBgn0265186,14,11,3.9329488851235475,3.0247014695680177,0.9082474155555298
FBgn0265186,16,12,3.295994232942987,3.0247014695680177,0.2712927633749693
FBgn0265186,20,13,3.7812785975605423,3.0247014695680177,0.7565771279925246
FBgn0265186,24,14,3.90949132714462,3.0247014695680177,0.8847898575766022
FBgn0265186,30,15,3.956819060400686,3.0247014695680177,0.9321175908326684
FBgn0265186,36,16,4.1180143118559505,3.0247014695680177,1.0933128422879328
FBgn0265186,42,17,3.9984281175248073,3.0247014695680177,0.9737266479567896
FBgn0265186,48,18,3.9498674412132138,3.0247014695680177,0.9251659716451961
FBgn0265186,72,19,4.073887333449999,3.0247014695680177,1.0491858638819815
FBgn0265186,96,20,5.190291593121808,3.0247014695680177,2.16559012355379
FBgn0265186,120,21,4.808110010492353,3.0247014695680177,1.7834085409243352
FBgn0265577,1,2,3.2776444667856,0.33577608388487723,2.9418683829007226
FBgn0265577,2,3,4.334440192457313,0.33577608388487723,3.9986641085724357
FBgn0265577,3,4,4.9211490474351836,0.33577608388487723,4.585372963550307
FBgn0265577,4,5,4.922715747158245,0.33577608388487723,4.586939663273368
FBgn0265577,5,6,5.193929314861564,0.33577608388487723,4.858153230976687
FBgn0265577,6,7,5.112612171779212,0.33577608388487723,4.776836087894335
FBgn0265577,8,8,4.902831461236335,0.33577608388487723,4.567055377351458
FBgn0265577,10,9,3.9519546407920734,0.33577608388487723,3.616178556907196
FBgn0265577,12,10,4.477840696922412,0.33577608388487723,4.142064613037535
FBgn0265577,14,11,3.729089634769126,0.33577608388487723,3.3933135508842485
FBgn0265577,16,12,3.807624696325807,0.33577608388487723,3.4718486124409296
FBgn0265577,20,13,5.5783649368585095,0.33577608388487723,5.242588852973633
FBgn0265577,24,14,2.184995429617248,0.33577608388487723,1.8492193457323705
FBgn0265577,30,15,5.650015928314366,0.33577608388487723,5.314239844429489
FBgn0265577,36,16,3.071803416364097,0.33577608388487723,2.7360273324792197
FBgn0265577,42,17,5.548559629420417,0.33577608388487723,5.21278354553554
FBgn0265577,48,18,3.5849997082824614,0.33577608388487723,3.249223624397584
FBgn0265577,72,19,3.9057894921670195,0.33577608388487723,3.570013408282142
FBgn0265577,96,20,4.118231384416891,0.33577608388487723,3.7824553005320136
FBgn0265577,120,21,2.8367337495448104,0.33577608388487723,2.500957665659933
FBgn0265922,1,2,1.4746274611897006,2.0348340125476994,-0.5602065513579988
FBgn0265922,2,3,2.0618651615059758,2.0348340125476994,0.027031148958276408
FBgn0265922,3,4,2.376468204880948,2.0348340125476994,0.34163419233324843
FBgn0265922,4,5,1.8966982940434136,2.0348340125476994,-0.13813571850428574
FBgn0265922,5,6,1.9426593804114973,2.0348340125476994,-0.09217463213620203
FBgn0265922,6,7,1.8107639354441463,2.0348340125476994,-0.2240700771035531
FBgn0265922,8,8,1.9814836923261014,2.0348340125476994,-0.05335032022159791
FBgn0265922,10,9,1.5080642971212488,2.0348340125476994,-0.5267697154264506
FBgn0265922,12,10,1.9406288209281572,2.0348340125476994,-0.0942051916195421
FBgn0265922,14,11,2.6901274467506893,2.0348340125476994,0.6552934342029899
FBgn0265922,16,12,2.049557514997782,2.0348340125476994,0.01472350245008247
FBgn0265922,20,13,1.6857463297840367,2.0348340125476994,-0.34908768276366264
FBgn0265922,24,14,1.6950181583557193,2.0348340125476994,-0.33981585419198
FBgn0265922,30,15,1.4071724286876148,2.0348340125476994,-0.6276615838600845
FBgn0265922,36,16,1.492013067445623,2.0348340125476994,-0.5428209451020765
FBgn0265922,42,17,1.1352342937219881,2.0348340125476994,-0.8995997188257112
FBgn0265922,48,18,1.2598408384103168,2.0348340125476994,-0.7749931741373826
FBgn0265922,72,19,0.7635681700016318,2.0348340125476994,-1.2712658425460677
FBgn0265922,96,20,0.44233915242362265,2.0348340125476994,-1.5924948601240767
FBgn0265922,120,21,0.2483722704530369,2.0348340125476994,-1.7864617420946625
FBgn0266405,1,2,5.449137103480915,2.256454798142965,3.19268230533795
FBgn0266405,2,3,6.137079581271834,2.256454798142965,3.8806247831288694
FBgn0266405,3,4,6.480556094465067,2.256454798142965,4.224101296322102
FBgn0266405,4,5,6.7591077237706605,2.256454798142965,4.502652925627696
FBgn0266405,5,6,7.654339571228727,2.256454798142965,5.397884773085762
FBgn0266405,6,7,7.257226953337176,2.256454798142965,5.000772155194211
FBgn0266405,8,8,7.380309492292916,2.256454798142965,5.123854694149951
FBgn0266405,10,9,7.346298972616006,2.256454798142965,5.089844174473042
FBgn0266405,12,10,7.660399193383839,2.256454798142965,5.403944395240874
FBgn0266405,14,11,7.610507768528048,2.256454798142965,5.354052970385083
FBgn0266405,16,12,7.207541904152045,2.256454798142965,4.95108710600908
FBgn0266405,20,13,7.549325205025263,2.256454798142965,5.292870406882298
FBgn0266405,24,14,5.1135534795824675,2.256454798142965,2.8570986814395027
FBgn0266405,30,15,7.634461582687797,2.256454798142965,5.378006784544832
FBgn0266405,36,16,6.624304087994711,2.256454798142965,4.367849289851746
FBgn0266405,42,17,6.9789167675497135,2.256454798142965,4.722461969406749
FBgn0266405,48,18,6.422693680800959,2.256454798142965,4.166238882657995
FBgn0266405,72,19,6.550839966209424,2.256454798142965,4.2943851680664595
FBgn0266405,96,20,6.195362338583051,2.256454798142965,3.938907540440086
FBgn0266405,120,21,5.811942092226661,2.256454798142965,3.5554872940836963
FBgn0267508,1,2,7.763269812054304,7.866730853804892,-0.10346104175058812
FBgn0267508,2,3,7.110837101014568,7.866730853804892,-0.7558937527903238
FBgn0267508,3,4,7.004452392907025,7.866730853804892,-0.8622784608978673
FBgn0267508,4,5,7.572002249737579,7.866730853804892,-0.2947286040673127
FBgn0267508,5,6,9.40381670031481,7.866730853804892,1.5370858465099175
FBgn0267508,6,7,8.080440299657472,7.866730853804892,0.21370944585257945
FBgn0267508,8,8,7.9505390648046035,7.866730853804892,0.08380821099971136
FBgn0267508,10,9,7.267626358063053,7.866730853804892,-0.5991044957418392
FBgn0267508,12,10,8.103456497593177,7.866730853804892,0.23672564378828476
FBgn0267508,14,11,7.470416879809097,7.866730853804892,-0.39631397399579527
FBgn0267508,16,12,8.244261910280485,7.866730853804892,0.3775310564755934
FBgn0267508,20,13,7.741961560216334,7.866730853804892,-0.12476929358855848
FBgn0267508,24,14,7.643326428012427,7.866730853804892,-0.22340442579246478
FBgn0267508,30,15,7.534282066049965,7.866730853804892,-0.33244878775492737
FBgn0267508,36,16,7.860792996861454,7.866730853804892,-0.005937856943438291
FBgn0267508,42,17,7.691057867536162,7.866730853804892,-0.1756729862687303
FBgn0267508,48,18,9.184575004852407,7.866730853804892,1.317844151047515
FBgn0267508,72,19,8.075234583096874,7.866730853804892,0.2085037292919818
FBgn0267508,96,20,8.094052161154995,7.866730853804892,0.22732130735010259
FBgn0267508,120,21,7.633882720295896,7.866730853804892,-0.23284813350899647
FBgn0267511,1,2,10.289704147628171,10.454193297365102,-0.16448914973693007
FBgn0267511,2,3,9.667240136412133,10.454193297365102,-0.7869531609529687
FBgn0267511,3,4,9.559692408741938,10.454193297365102,-0.8945008886231633
FBgn0267511,4,5,10.115223500404811,10.454193297365102,-0.3389697969602903
FBgn0267511,5,6,11.915667855823711,10.454193297365102,1.46147455845861
FBgn0267511,6,7,10.605174383194706,10.454193297365102,0.15098108582960457
FBgn0267511,8,8,10.475269536296448,10.454193297365102,0.02107623893134658
FBgn0267511,10,9,9.843070329024947,10.454193297365102,-0.6111229683401547
FBgn0267511,12,10,10.644051469792329,10.454193297365102,0.18985817242722725
FBgn0267511,14,11,9.996368209276746,10.454193297365102,-0.45782508808835587
FBgn0267511,16,12,10.797123402706529,10.454193297365102,0.3429301053414271
FBgn0267511,20,13,10.283554609723204,10.454193297365102,-0.1706386876418975
FBgn0267511,24,14,10.153608438141635,10.454193297365102,-0.30058485922346634
FBgn0267511,30,15,10.080080346633732,10.454193297365102,-0.3741129507313694
FBgn0267511,36,16,10.387935578223548,10.454193297365102,-0.06625771914155365
FBgn0267511,42,17,10.285011126316936,10.454193297365102,-0.16918217104816513
FBgn0267511,48,18,11.78007783093198,10.454193297365102,1.325884533566878
FBgn0267511,72,19,10.612311311631139,10.454193297365102,0.15811801426603722
FBgn0267511,96,20,10.708047458125936,10.454193297365102,0.25385416076083445
FBgn0267511,120,21,10.155357239864333,10.454193297365102,-0.29883605750076825
FBgn0267513,1,2,0.5915296866588032,0.8907192493660339,-0.2991895627072306
FBgn0267513,2,3,0.6300903444138486,0.8907192493660339,-0.26062890495218527
FBgn0267513,3,4,0.5406459010342332,0.8907192493660339,-0.3500733483318007
FBgn0267513,4,5,0.6652692733454046,0.8907192493660339,-0.22544997602062922
FBgn0267513,5,6,1.7949187661055592,0.8907192493660339,0.9041995167395254
FBgn0267513,6,7,0.7856090033735813,0.8907192493660339,-0.10511024599245256
FBgn0267513,8,8,1.0835959519596818,0.8907192493660339,0.19287670259364798
FBgn0267513,10,9,0.6104653568029579,0.8907192493660339,-0.280253892563076
FBgn0267513,12,10,1.1630816819388956,0.8907192493660339,0.27236243257286175
FBgn0267513,14,11,0.6754380425006977,0.8907192493660339,-0.21528120686533614
FBgn0267513,16,12,1.6597072363279968,0.8907192493660339,0.7689879869619629
FBgn0267513,20,13,0.8363267959321685,0.8907192493660339,-0.05439245343386534
FBgn0267513,24,14,0.7123760314206495,0.8907192493660339,-0.17834321794538432
FBgn0267513,30,15,0.7674280798136934,0.8907192493660339,-0.12329116955234043
FBgn0267513,36,16,0.8383643757994557,0.8907192493660339,-0.0523548735665782
FBgn0267513,42,17,0.7626291586364262,0.8907192493660339,-0.12809009072960764
FBgn0267513,48,18,3.042534687137863,0.8907192493660339,2.151815437771829
FBgn0267513,72,19,0.8222825263495092,0.8907192493660339,-0.0684367230165247
FBgn0267513,96,20,2.5756483968631314,0.8907192493660339,1.6849291474970975
FBgn0267513,120,21,1.7587395964002308,0.8907192493660339,0.868020347034197
FBgn0267514,1,2,2.939084168134917,3.515461742442159,-0.5763775743072421
FBgn0267514,2,3,2.5375397485638125,3.515461742442159,-0.9779219938783466
FBgn0267514,3,4,3.1669034162233887,3.515461742442159,-0.34855832621877036
FBgn0267514,4,5,2.4059317833223597,3.515461742442159,-1.1095299591197993
FBgn0267514,5,6,4.575328267547908,3.515461742442159,1.059866525105749
FBgn0267514,6,7,2.7935917736689513,3.515461742442159,-0.7218699687732077
FBgn0267514,8,8,2.6834459198030784,3.515461742442159,-0.8320158226390806
FBgn0267514,10,9,2.749879362982745,3.515461742442159,-0.7655823794594139
FBgn0267514,12,10,3.9030768260662843,3.515461742442159,0.3876150836241252
FBgn0267514,14,11,3.122168154396751,3.515461742442159,-0.3932935880454078
FBgn0267514,16,12,4.213457925678038,3.515461742442159,0.6979961832358792
FBgn0267514,20,13,2.892155815169687,3.515461742442159,-0.6233059272724719
FBgn0267514,24,14,2.9371203051456973,3.515461742442159,-0.5783414372964617
FBgn0267514,30,15,2.927312242337873,3.515461742442159,-0.588149500104286
FBgn0267514,36,16,3.231959926132782,3.515461742442159,-0.2835018163093772
FBgn0267514,42,17,2.8048847527216543,3.515461742442159,-0.7105769897205048
FBgn0267514,48,18,4.611081005344746,3.515461742442159,1.0956192629025874
FBgn0267514,72,19,3.2656123454161854,3.515461742442159,-0.24984939702597364
FBgn0267514,96,20,3.609039175048092,3.515461742442159,0.0935774326059331
FBgn0267514,120,21,2.5675753785284767,3.515461742442159,-0.9478863639136823
FBgn0267515,1,2,7.225789601000115,7.275337155516754,-0.04954755451663839
FBgn0267515,2,3,6.508205162031276,7.275337155516754,-0.7671319934854779
FBgn0267515,3,4,6.740486454505439,7.275337155516754,-0.5348507010113144
FBgn0267515,4,5,6.516055244533264,7.275337155516754,-0.7592819109834901
FBgn0267515,5,6,8.896368465898409,7.275337155516754,1.621031310381655
FBgn0267515,6,7,6.911011081591999,7.275337155516754,-0.36432607392475447
FBgn0267515,8,8,6.876114781850868,7.275337155516754,-0.39922237366588575
FBgn0267515,10,9,6.192568972939604,7.275337155516754,-1.0827681825771496
FBgn0267515,12,10,7.855662556984238,7.275337155516754,0.5803254014674843
FBgn0267515,14,11,6.915749405184387,7.275337155516754,-0.35958775033236634
FBgn0267515,16,12,7.671628774562482,7.275337155516754,0.3962916190457282
FBgn0267515,20,13,6.890005507605523,7.275337155516754,-0.3853316479112303
FBgn0267515,24,14,6.800822841999043,7.275337155516754,-0.47451431351771056
FBgn0267515,30,15,6.741779496383344,7.275337155516754,-0.5335576591334092
FBgn0267515,36,16,6.99702656576858,7.275337155516754,-0.27831058974817324
FBgn0267515,42,17,6.671904310748371,7.275337155516754,-0.603432844768383
FBgn0267515,48,18,8.773564305905088,7.275337155516754,1.4982271503883346
FBgn0267515,72,19,7.3536246887691865,7.275337155516754,0.07828753325243287
FBgn0267515,96,20,7.5549840843885345,7.275337155516754,0.2796469288717809
FBgn0267515,120,21,6.641134686450519,7.275337155516754,-0.6342024690662349
FBgn0267519,1,2,9.215350537974915,9.304108674569811,-0.08875813659489573
FBgn0267519,2,3,8.532433863555605,9.304108674569811,-0.771674811014206
FBgn0267519,3,4,8.70872176799229,9.304108674569811,-0.5953869065775201
FBgn0267519,4,5,8.670642200832914,9.304108674569811,-0.6334664737368971
FBgn0267519,5,6,10.857701060317133,9.304108674569811,1.5535923857473222
FBgn0267519,6,7,9.078751562520004,9.304108674569811,-0.22535711204980657
FBgn0267519,8,8,8.990947330840076,9.304108674569811,-0.31316134372973536
FBgn0267519,10,9,8.367802144099528,9.304108674569811,-0.9363065304702829
FBgn0267519,12,10,9.764404874398128,9.304108674569811,0.46029619982831704
FBgn0267519,14,11,8.861664566747047,9.304108674569811,-0.4424441078227641
FBgn0267519,16,12,9.687448793724196,9.304108674569811,0.3833401191543846
FBgn0267519,20,13,8.908651247916467,9.304108674569811,-0.39545742665334416
FBgn0267519,24,14,8.796212617560656,9.304108674569811,-0.5078960570091553
FBgn0267519,30,15,8.810174847606806,9.304108674569811,-0.4939338269630049
FBgn0267519,36,16,9.018331659136596,9.304108674569811,-0.2857770154332151
FBgn0267519,42,17,8.774368424288078,9.304108674569811,-0.5297402502817334
FBgn0267519,48,18,10.80058538737797,9.304108674569811,1.4964767128081586
FBgn0267519,72,19,9.381087237738246,9.304108674569811,0.07697856316843499
FBgn0267519,96,20,9.709038392565414,9.304108674569811,0.4049297179956035
FBgn0267519,120,21,8.826310843280654,9.304108674569811,-0.4777978312891573
FBgn0267520,1,2,7.181227580836278,7.365371490534624,-0.1841439096983457
FBgn0267520,2,3,6.608376728631978,7.365371490534624,-0.7569947619026465
FBgn0267520,3,4,6.535795681246331,7.365371490534624,-0.8295758092882934
FBgn0267520,4,5,7.011376380833008,7.365371490534624,-0.3539951097016161
FBgn0267520,5,6,8.858021201800995,7.365371490534624,1.4926497112663704
FBgn0267520,6,7,7.534701435901036,7.365371490534624,0.1693299453664121
FBgn0267520,8,8,7.333108123413471,7.365371490534624,-0.03226336712115341
FBgn0267520,10,9,6.7499789628065345,7.365371490534624,-0.6153925277280896
FBgn0267520,12,10,7.585767342481133,7.365371490534624,0.2203958519465088
FBgn0267520,14,11,6.987842913428259,7.365371490534624,-0.3775285771063652
FBgn0267520,16,12,7.747700183298255,7.365371490534624,0.3823286927636307
FBgn0267520,20,13,7.22864632226255,7.365371490534624,-0.13672516827207382
FBgn0267520,24,14,7.095475006285386,7.365371490534624,-0.2698964842492382
FBgn0267520,30,15,6.990363248842094,7.365371490534624,-0.3750082416925302
FBgn0267520,36,16,7.312768423513315,7.365371490534624,-0.0526030670213089
FBgn0267520,42,17,7.197977303171951,7.365371490534624,-0.16739418736267275
FBgn0267520,48,18,8.74734598013682,7.365371490534624,1.3819744896021966
FBgn0267520,72,19,7.597334603826313,7.365371490534624,0.23196311329168928
FBgn0267520,96,20,7.720812721110679,7.365371490534624,0.35544123057605503
FBgn0267520,120,21,7.183693239876472,7.365371490534624,-0.1816782506581518
FBgn0267607,1,2,1.6315628707051366,2.1585408327923092,-0.5269779620871726
FBgn0267607,2,3,1.570129117781537,2.1585408327923092,-0.5884117150107722
FBgn0267607,3,4,1.3307947437754957,2.1585408327923092,-0.8277460890168136
FBgn0267607,4,5,1.1074497517485948,2.1585408327923092,-1.0510910810437144
FBgn0267607,5,6,1.5446845657896788,2.1585408327923092,-0.6138562670026304
FBgn0267607,6,7,1.1512425211359958,2.1585408327923092,-1.0072983116563134
FBgn0267607,8,8,1.3303494904143296,2.1585408327923092,-0.8281913423779796
FBgn0267607,10,9,1.3313995738794129,2.1585408327923092,-0.8271412589128964
FBgn0267607,12,10,1.3818763397692146,2.1585408327923092,-0.7766644930230946
FBgn0267607,14,11,2.1247917819329247,2.1585408327923092,-0.03374905085938451
FBgn0267607,16,12,1.7490184168557006,2.1585408327923092,-0.40952241593660865
FBgn0267607,20,13,1.794545427558378,2.1585408327923092,-0.36399540523393115
FBgn0267607,24,14,1.8330560878173108,2.1585408327923092,-0.32548474497499846
FBgn0267607,30,15,1.4566373161252373,2.1585408327923092,-0.701903516667072
FBgn0267607,36,16,1.1028749345995523,2.1585408327923092,-1.055665898192757
FBgn0267607,42,17,1.813003024299976,2.1585408327923092,-0.3455378084923333
FBgn0267607,48,18,1.424699126567293,2.1585408327923092,-0.7338417062250162
FBgn0267607,72,19,0.9594603369850401,2.1585408327923092,-1.1990804958072692
FBgn0267607,96,20,0.3316754395629149,2.1585408327923092,-1.8268653932293943
FBgn0267607,120,21,0.48558753286093176,2.1585408327923092,-1.6729532999313774
FBgn0267755,1,2,3.3625203420230507,2.2660920662855557,1.096428275737495
FBgn0267755,2,3,3.5808270353558243,2.2660920662855557,1.3147349690702685
FBgn0267755,3,4,3.746998341317256,2.2660920662855557,1.4809062750317001
FBgn0267755,4,5,3.0690313388121546,2.2660920662855557,0.8029392725265989
FBgn0267755,5,6,3.282321919934323,2.2660920662855557,1.0162298536487673
FBgn0267755,6,7,3.132759363877086,2.2660920662855557,0.8666672975915302
FBgn0267755,8,8,2.5955878758521234,2.2660920662855557,0.32949580956656765
FBgn0267755,10,9,2.5130424243869904,2.2660920662855557,0.24695035810143473
FBgn0267755,12,10,2.3532012056766947,2.2660920662855557,0.08710913939113896
FBgn0267755,14,11,2.7309319693919143,2.2660920662855557,0.4648399031063586
FBgn0267755,16,12,2.1802967617703484,2.2660920662855557,-0.08579530451520734
FBgn0267755,20,13,2.1602585716753535,2.2660920662855557,-0.1058334946102022
FBgn0267755,24,14,2.094105879932154,2.2660920662855557,-0.17198618635340157
FBgn0267755,30,15,1.946914998564055,2.2660920662855557,-0.3191770677215007
FBgn0267755,36,16,1.9730466445594577,2.2660920662855557,-0.29304542172609804
FBgn0267755,42,17,1.9645012654810436,2.2660920662855557,-0.30159080080451206
FBgn0267755,48,18,1.7781619691901747,2.2660920662855557,-0.48793009709538104
FBgn0267755,72,19,1.984702143265464,2.2660920662855557,-0.2813899230200918
FBgn0267755,96,20,2.0456613486205697,2.2660920662855557,-0.220430717664986
FBgn0267755,120,21,2.1543015022034786,2.2660920662855557,-0.1117905640820771
FBgn0270926,1,2,5.553269577818988,4.377164840247695,1.1761047375712925
FBgn0270926,2,3,5.106820595143432,4.377164840247695,0.7296557548957372
FBgn0270926,3,4,4.742114287137645,4.377164840247695,0.3649494468899501
FBgn0270926,4,5,5.37622143904929,4.377164840247695,0.9990565988015954
FBgn0270926,5,6,5.332089567179937,4.377164840247695,0.9549247269322416
FBgn0270926,6,7,5.87702868403059,4.377164840247695,1.4998638437828946
FBgn0270926,8,8,6.283402683490175,4.377164840247695,1.9062378432424802
FBgn0270926,10,9,6.232367360248588,4.377164840247695,1.8552025200008933
FBgn0270926,12,10,6.008684494626046,4.377164840247695,1.6315196543783506
FBgn0270926,14,11,4.533927615144241,4.377164840247695,0.15676277489654566
FBgn0270926,16,12,4.330317519646135,4.377164840247695,-0.04684732060156005
FBgn0270926,20,13,4.0163438284601325,4.377164840247695,-0.36082101178756254
FBgn0270926,24,14,4.730411876643836,4.377164840247695,0.35324703639614086
FBgn0270926,30,15,4.912724204142737,4.377164840247695,0.5355593638950422
FBgn0270926,36,16,5.021364216158096,4.377164840247695,0.644199375910401
FBgn0270926,42,17,3.888351974012322,4.377164840247695,-0.488812866235373
FBgn0270926,48,18,4.737397139064119,4.377164840247695,0.36023229881642393
FBgn0270926,72,19,4.84833688588952,4.377164840247695,0.4711720456418247
FBgn0270926,96,20,4.653526268053518,4.377164840247695,0.2763614278058233
FBgn0270926,120,21,4.853057745549698,4.377164840247695,0.4758929053020031
FBgn0283427,1,2,11.103170907753162,10.984258591274202,0.11891231647896028
FBgn0283427,2,3,10.593833248421442,10.984258591274202,-0.39042534285276
FBgn0283427,3,4,9.698952416590602,10.984258591274202,-1.2853061746835994
FBgn0283427,4,5,9.427962606943332,10.984258591274202,-1.5562959843308697
FBgn0283427,5,6,8.787736275937814,10.984258591274202,-2.196522315336388
FBgn0283427,6,7,8.832198873091999,10.984258591274202,-2.152059718182203
FBgn0283427,8,8,9.099351457680562,10.984258591274202,-1.8849071335936394
FBgn0283427,10,9,10.071901008512594,10.984258591274202,-0.9123575827616079
FBgn0283427,12,10,10.913914764843476,10.984258591274202,-0.0703438264307259
FBgn0283427,14,11,10.348192070630379,10.984258591274202,-0.6360665206438227
FBgn0283427,16,12,10.338666795019577,10.984258591274202,-0.6455917962546245
FBgn0283427,20,13,10.52744714932468,10.984258591274202,-0.4568114419495224
FBgn0283427,24,14,11.245722722188027,10.984258591274202,0.2614641309138257
FBgn0283427,30,15,10.766125431998987,10.984258591274202,-0.21813315927521515
FBgn0283427,36,16,11.446796769252877,10.984258591274202,0.4625381779786757
FBgn0283427,42,17,10.784049749247178,10.984258591274202,-0.20020884202702405
FBgn0283427,48,18,11.247320462027416,10.984258591274202,0.26306187075321397
FBgn0283427,72,19,11.420658867233094,10.984258591274202,0.4364002759588921
FBgn0283427,96,20,11.291944951140177,10.984258591274202,0.3076863598659756
FBgn0283427,120,21,11.259335833669484,10.984258591274202,0.2750772423952821
FBgn0283461,1,2,7.593591885347325,6.548389799274062,1.045202086073263
FBgn0283461,2,3,8.490264914417487,6.548389799274062,1.941875115143425
FBgn0283461,3,4,8.887545079190158,6.548389799274062,2.3391552799160955
FBgn0283461,4,5,9.16770432979726,6.548389799274062,2.619314530523198
FBgn0283461,5,6,9.318634921600879,6.548389799274062,2.7702451223268163
FBgn0283461,6,7,9.588186273248743,6.548389799274062,3.039796473974681
FBgn0283461,8,8,9.907558602031294,6.548389799274062,3.3591688027572317
FBgn0283461,10,9,9.561384283523338,6.548389799274062,3.012994484249276
FBgn0283461,12,10,9.18010921407686,6.548389799274062,2.631719414802797
FBgn0283461,14,11,9.31725946364051,6.548389799274062,2.7688696643664485
FBgn0283461,16,12,9.494425997458624,6.548389799274062,2.9460361981845615
FBgn0283461,20,13,10.483918242836825,6.548389799274062,3.935528443562763
FBgn0283461,24,14,8.931335650447602,6.548389799274062,2.38294585117354
FBgn0283461,30,15,10.534039360797657,6.548389799274062,3.9856495615235943
FBgn0283461,36,16,9.047076624621067,6.548389799274062,2.4986868253470043
FBgn0283461,42,17,10.252558064594378,6.548389799274062,3.704168265320316
FBgn0283461,48,18,8.42949330996827,6.548389799274062,1.8811035106942082
FBgn0283461,72,19,9.57357969842819,6.548389799274062,3.025189899154128
FBgn0283461,96,20,8.351082311794901,6.548389799274062,1.8026925125208386
FBgn0283461,120,21,8.846796988463502,6.548389799274062,2.29840718918944
FBgn0283462,1,2,9.44730028133899,8.396376726948212,1.0509235543907778
FBgn0283462,2,3,10.393370038280098,8.396376726948212,1.9969933113318863
FBgn0283462,3,4,10.644914460659882,8.396376726948212,2.24853773371167
FBgn0283462,4,5,10.983190868991311,8.396376726948212,2.5868141420430995
FBgn0283462,5,6,10.889076784751863,8.396376726948212,2.492700057803651
FBgn0283462,6,7,10.88406478306452,8.396376726948212,2.4876880561163084
FBgn0283462,8,8,10.960170049620693,8.396376726948212,2.563793322672481
FBgn0283462,10,9,10.688520618480702,8.396376726948212,2.29214389153249
FBgn0283462,12,10,10.151512513501476,8.396376726948212,1.7551357865532644
FBgn0283462,14,11,10.098318933909974,8.396376726948212,1.7019422069617622
FBgn0283462,16,12,10.284755531015556,8.396376726948212,1.8883788040673437
FBgn0283462,20,13,10.499671379031117,8.396376726948212,2.103294652082905
FBgn0283462,24,14,9.556575388727811,8.396376726948212,1.1601986617795994
FBgn0283462,30,15,10.764705716641473,8.396376726948212,2.3683289896932607
FBgn0283462,36,16,9.647668333638446,8.396376726948212,1.2512916066902342
FBgn0283462,42,17,10.307516718126799,8.396376726948212,1.9111399911785867
FBgn0283462,48,18,9.380252692493697,8.396376726948212,0.9838759655454847
FBgn0283462,72,19,9.870458014771717,8.396376726948212,1.4740812878235054
FBgn0283462,96,20,9.23354410246452,8.396376726948212,0.8371673755163087
FBgn0283462,120,21,9.208235061820474,8.396376726948212,0.8118583348722623
FBgn0283480,1,2,5.963958959968101,5.863402353911525,0.10055660605657657
FBgn0283480,2,3,6.6480743259760615,5.863402353911525,0.7846719720645368
FBgn0283480,3,4,7.363828258321911,5.863402353911525,1.5004259044103865
FBgn0283480,4,5,7.262817451176536,5.863402353911525,1.3994150972650115
FBgn0283480,5,6,7.632184905296275,5.863402353911525,1.7687825513847502
FBgn0283480,6,7,7.541081912044258,5.863402353911525,1.6776795581327333
FBgn0283480,8,8,7.258041913988948,5.863402353911525,1.3946395600774233
FBgn0283480,10,9,7.161689603904168,5.863402353911525,1.2982872499926437
FBgn0283480,12,10,7.024602376612014,5.863402353911525,1.1612000227004895
FBgn0283480,14,11,7.134402253894065,5.863402353911525,1.2709998999825398
FBgn0283480,16,12,7.304459587078314,5.863402353911525,1.4410572331667897
FBgn0283480,20,13,6.838363330000801,5.863402353911525,0.9749609760892763
FBgn0283480,24,14,6.179118471359523,5.863402353911525,0.3157161174479981
FBgn0283480,30,15,6.531824391457266,5.863402353911525,0.6684220375457413
FBgn0283480,36,16,6.5797892317145585,5.863402353911525,0.7163868778030338
FBgn0283480,42,17,6.217405236982655,5.863402353911525,0.35400288307113037
FBgn0283480,48,18,5.910821479453264,5.863402353911525,0.047419125541739326
FBgn0283480,72,19,6.210832014267983,5.863402353911525,0.3474296603564584
FBgn0283480,96,20,6.64653846112545,5.863402353911525,0.7831361072139256
FBgn0283480,120,21,6.467062990271321,5.863402353911525,0.6036606363597965
